:040000006F20807C71
:10000400000000000000000090000020EA0A002028
:10001400A9BDF9F5900000200000000000000000D8
:10002400900000209000002000000000000000006C
:10003400900000200000000090000020000000005C
:10004400900000205E0C0020900C00209000002006
:1000540090000020900000209000002090000020DC
:10006400900000209000002090000020F40B00205D
:10007400DE0B002090000020900000209000002063
:1000840090000020900000209000002090000020AC
:1000940001A04111814601468145114506C6EF0084
:1000A400504FB727004011472383E780B7F700E09C
:1000B40003A707D16D9B23A8E7D003A707D15D9BB6
:1000C40023A8E7D07300501001000100B2404101A1
:1000D40082804111814601468145114506C6EF00E3
:1000E400504BB727004011472383E780B7170040E0
:1000F40003C7E70203C6E70483D787039166137730
:10010400F70F1366360063E5D700719B136717007A
:10011400F3260080A18A9387818589CAF32600800B
:1001240023ACD1849443DD9A7390068001000100CE
:10013400B7160040930570052380B604930580FA32
:100144002380B604010001002382060223800604F2
:10015400F32500809443A18ACD8E7390068023AC4E
:10016400018401000100F3260080A18A89CAF326D4
:10017400008023ACD1849443DD9A739006800100FF
:100184000100B7160040930570052380B60493055B
:1001940080FA2380B604010001002387E602238746
:1001A400C60423800604F32600809843218B558FD0
:1001B4007310078023AC01840100010073270080C1
:1001C400218B09CB7327008023ACE18498435D9B8A
:1001D4007310078001000100371700409306700573
:1001E4002300D704930680FA2300D70401000100FA
:1001F4008346B70493E60602A305D7042300070445
:10020400F32600809843218B558F7310078023AC0D
:1002140001840100010037F700E0832607D193E64B
:1002240046002328D7D0832607D1DD9A2328D7D0A8
:10023400730050100100010073270080218B09CB4B
:100244007327008023ACE18498435D9B731007807F
:100254000100010037170040930670052300D704FE
:10026400930680FA2300D704010001008346B704F3
:1002740093F6F60DA305D704230007047327008023
:100284009C43A18BD98F7390078023AC0184010018
:100294000100B240410182800111B7F5070026CA6E
:1002A40081460A86AA84E105194506CE22CC4AC8AD
:1002B40002C023120100EF00D02D371700408347FE
:1002C400E7028346E70403578703116693F7F70FA2
:1002D40093E636006365C700F19B93E71700732725
:1002E4000080218B1384818509CB7327008023AC84
:1002F400E18418405D9B73100780010001003717EB
:100304000040130670052300C704130680FA230077
:10031400C704010001002302070223000704732617
:1003240000801840218B518F7310078023AC018407
:100334000100010073270080218B09CB7327008003
:1003440023ACE18418405D9B731007800100010019
:1003540037170040130670052300C704130680FAFC
:100364002300C704010001002307F7022307D70471
:1003740023000704F32600801C40A18BD58F7390C3
:10038400078023AC018401000100B7F600E083A7D5
:1003940006D193E7470023A8F6D003550702E57773
:1003A400910713750560458D5D8D420541810100FE
:1003B400F3270080A18B89CBF327008023ACF18441
:1003C4001C40DD9B7390078001000100B7170040BB
:1003D400130770052380E704130780FA2380E704DA
:1003E4000100010003C7F70013670704A387E700B0
:1003F40003C7B70413670702A385E7042390A70282
:1004040023800704732700801C40A18BD98F73902D
:10041400078023AC018401000100B7F4070037F919
:1004240000E0E104832709D1DD9B2328F9D0730080
:100434005010010001001305C012EF00E076814660
:100444003000A685194502C423160100EF0070147C
:1004540022478247E318F7FCF3270080A18B89CB5E
:10046400F327008023ACF1841C40DD9B739007804C
:1004740001000100B7170040130770052380E7044B
:10048400130780FA2380E7040100010003C7B704BF
:100494001377F70DA385E7042380070473270080EF
:1004A4001C40A18BD98F7390078023AC0184010079
:1004B40001005145D52DF2406244D24442490561C0
:1004C4008280411126C281460146AA848145114594
:1004D40006C622C4EF00F00B371700408347E7023B
:1004E4008346E70403578703116693F7F70F93E6F0
:1004F40036006365C700F19B93E7170073270080FC
:10050400218B1384818509CB7327008023ACE1847C
:1005140018405D9B731007800100010037170040ED
:10052400130670052300C704130680FA2300C704CA
:100534000100010023020702230007047326008040
:100544001840218B518F7310078023AC0184010064
:10055400010073270080218B09CB7327008023AC13
:10056400E18418405D9B7310078001000100371778
:100574000040130670052300C704130680FA230005
:10058400C704010001002307F7022307D70423004F
:100594000704732700801C40A18BD98F73900780B8
:1005A40023AC01840100010013055002992237F79E
:1005B40000E0832707D193E747002328F7D0F327E8
:1005C4000080A18B89CBF327008023ACF1841C40ED
:1005D400DD9B7390078001000100B71700401307EB
:1005E40070052380E704130780FA2380E7040100E1
:1005F400010003C7F70013670704A387E7002380FC
:100604000704732700801C40A18BD98F7390078047
:1006140023AC018401000100F3270080A18B89CB66
:10062400F327008023ACF1841C40DD9B739007808A
:1006340001000100B7170040130770052380E70489
:10064400130780FA2380E704010001002567D98C91
:100654002390970223800704732700801C40A18BFA
:10066400D98F7390078023AC01840100010037F710
:1006740000E0832707D1DD9B2328F7D073005010B7
:100684000100010081460146814511451927F327E0
:100694000080A18B89CBF327008023ACF1841C401C
:1006A400DD9B7390078001000100B717004013071A
:1006B40070052380E704130780FA2380E704010010
:1006C400010003C76704136717002383E70423802B
:1006D4000704732700801C40A18BD98F7390078077
:1006E40023AC018401000100B24022449244410140
:1006F400828073270080218B9387818509CB7327A0
:10070400008023ACE18498435D9B73100780010053
:10071400010037170040930670052300D7049306A1
:1007240080FA2300D704010001008346B70493F63E
:10073400F60DA305D7042300070473260080944311
:10074400A18AD18E7390068023AC0184010001003C
:1007540093760502638406180347A700118B25E7E7
:1007640073270080218B09CB7327008023ACE1849D
:1007740098435D9B73100780010001003717004008
:10078400930670052300D704930680FA2300D70448
:10079400010001008346A70093E646002305D70025
:1007A40023000704F32600809843218B558F731090
:1007B400078023AC0184010001001307004B0100F2
:1007C40001007D176DFF73270080218B09CB7327F0
:1007D400008023ACE18498435D9B73100780010083
:1007E400010037170040930670052300D7049306D1
:1007F40080FA2300D704010001007D892314A70097
:10080400010001000100010023000704F326008019
:100814009843218B558F7310078023AC018401000A
:10082400010073270080218B09CB7327008023AC40
:10083400E18498435D9B7310078001000100371722
:100844000040930670052300D704930680FA230022
:10085400D7040100010001000100B726004013067F
:100864001005A383C68023000704F3260080984361
:10087400218B558F7310078023AC01840100010084
:1008840073270080218B09CB7327008023ACE1847C
:1008940098435D9B731007800100010037170040E7
:1008A400930670052300D704930680FA2300D70427
:1008B400010001008346B70493E60608A305D704A4
:1008C40023000704732700809C43A18BD98F739066
:1008D400078023AC01840100010082809376050423
:1008E400638B06140347A700418B25E77327008019
:1008F400218B09CB7327008023ACE18498435D9B53
:10090400731007800100010037170040930670053B
:100914002300D704930680FA2300D70401000100C2
:100924008346A70093E606012305D70023000704A6
:10093400F32600809843218B558F7310078023ACD6
:100944000184010001001307007D010001007D17EF
:100954006DFF73270080218B09CB7327008023ACA4
:10096400E18498435D9B73100780010001003717F1
:100974000040930670052300D704930680FA2300F1
:10098400D704010001009376F50193E606042314CD
:10099400D700010001000100010023000704F32631
:1009A40000809843218B558F7310078023AC0184FA
:1009B40001000100130760046310E504732700803D
:1009C400218B09CB7327008023ACE18498435D9B82
:1009D400731007800100010037170040930670056B
:1009E4002300D704930680FA2300D70401000100F2
:1009F400B72600400946B5B573270080218B09CB83
:100A04007327008023ACE18498435D9B73100780B7
:100A14000100010037170040930670052300D70436
:100A2400930680FA2300D70401000100B726004092
:100A3400130620053DB573270080218B09CB73274E
:100A4400008023ACE18498435D9B73100780010010
:100A5400010037170040930670052300D70493065E
:100A640080FA2300D704010001008356870093E62F
:100A7400060C2314D700C5BB4111814601468145AC
:100A8400114506C63926F3270080A18B93868185FC
:100A940089CBF327008023ACF1849C42DD9B7390C7
:100AA400078001000100B717004013077005238079
:100AB400E704130780FA2380E7040100010003C759
:100AC4006704136717002383E7042380070473274D
:100AD40000809C42A18BD98F7390078023AC018442
:100AE40001000100B24041018280814601468145F6
:100AF40011454524F3270080A18B1387818589CB79
:100B0400F327008023ACF1841C43DD9B73900780A2
:100B140001000100B7170040930670052380D70435
:100B2400930680FA2380D70401000100FD56239622
:100B3400D70223800704F32600801C43A18BD58FA2
:100B44007390078023AC018401000100F327008027
:100B5400A18B89CBF327008023ACF1841C43DD9B5C
:100B64007390078001000100B717004093067005D9
:100B74002380D704930680FA2380D7040100010060
:100B840083C6670493E616002383D70423800704EF
:100B9400F32600801C43A18BD58F7390078023AC70
:100BA40001840100010001A0BD473305F5020100E5
:100BB4007D1575FD8280411122C426C206C6AA8411
:100BC400014463179400B24022449244410182805C
:100BD40005041305803E4204C13F4180DDB7B717C9
:100BE4000040130700032388E702854723A4F18606
:100BF4007300203037370040834747409946BD8B08
:100C0400638BD70231476385E70011476397E70297
:100C1400B735004003C6A5401385811893858540E8
:100C2400973000E0E780205D420541810DE585476E
:100C3400A38AF18619A08347574073002030834666
:100C44008740850793F7F70F238AD1868346A74009
:100C5400E3E7D7FEE9BF814737370040C5BF371701
:100C640000408357C709C207C18763D10702E177F0
:100C7400231EF708974000E0E78080B4176502E080
:100C84001305459B974002E0E780A03A73002030AB
:100C9400371700408357E7098356E7098567938729
:100CA4000780FD8E99CE231FF708974000E0E78068
:100CB40020B1176502E01305259B974002E0E78009
:100CC400403773002030411106C68D2D974000E057
:100CD400E780A0B4DDBF2303048015472303E48029
:100CE40001002302A480828083076480E3CE07FE90
:100CF40023030480828083076480E3CE07FE0345D8
:100D04004480828083076480E3CE07FE2302A480AC
:100D14008280411126C44AC24EC006C61377F50B21
:100D2400AD47AA892E8995446306F70019456537AE
:100D3400653F8D444E854537FD59FD146398340154
:100D4400B240A244124982494101828013550901EB
:100D54001375F50F453F2209CDB7011126CC06CEF8
:100D6400B704080051371545BD37713769372AC6AE
:100D7400A53F32459377150089EB1365150013756C
:100D8400F50FF240E24405618280FD14E9FC01455F
:100D9400CDBF397126DC4ADA4ED852D656D45AD24F
:100DA4005ED006DE62CE66CCB7E700E07D5783AA4C
:100DB400070022C603AA470023A0E71823A2E718C6
:100DC400B7170040130770052380E704130780FA60
:100DD4002380E70483C74704930B75FFB684E207B7
:100DE40093FBFB0F8546AA892E8B3289372400405A
:100DF400E187015763FA76016308D5008946130732
:100E040000026313D5000157D98F93F7F70FB71C6E
:100E140000402382FC0411472303E4801305F00FF0
:100E24005D3D094CD135636D7C11B7050700DA953A
:100E340037870700795563F2E504B3879500636E3D
:100E4400F702370B0800A94733EB65016399F906EC
:100E540089E48144513D26850DA0DA850945553D37
:100E640005090345F9FFFD14050B693D81C493771A
:100E7400FB0FFDF7DD3569FD7D55B71700401307FE
:100E840070052380E704130780FA2380E70403C76F
:100E94004704418B2382E704F250B7E700E023A024
:100EA400571123A24711E25432445259C259325ABB
:100EB400A25A125B825B724CE24C21618280A5478C
:100EC4006395F90685691309F00FB3069900B374A5
:100ED4002B01B6941349F9FFB3749900856B3379E8
:100EE4006901416B9387F9FFB3F7270199E363FC29
:100EF400340193D94900C147E3E637FF99BF056937
:100F0400C1697D19D9B71305800D6388690113057B
:100F140000026384790113051008CA85DD3B353D61
:100F240021DD4E99B3843441D9B7DA852D45D533C3
:100F3400CA94E30099F205097D3BA30FA9FED5BF2E
:100F44009387F9FF93F7F70F6361FC0C83C71C04C5
:100F540013073008631FF70437070800636BEB04BB
:100F6400B3079B00B706100063F5D704334BEB00BF
:100F740089476393F9068980D549E38C04ECDA85C3
:100F84000945413B11090327C9FF91472320E48008
:100F940003076480E34E07FE23033481FD17EDFB52
:100FA400FD14110B81C49377FB0FE9FF7D3371F5B9
:100FB400E1B5B717004003C75704B7070800137714
:100FC400070219E3B78707007955E378FBEA33078B
:100FD4009B00E3FFE7F855B58547E382F9F2DA852C
:100FE4002D45053B9389F4FFE38504E6293393F704
:100FF400390091EB832604800327090093074900F5
:10100400E39AE6E43E89CE84F1BFB5476396F900DE
:101014001305900BC93135BDB1471305B00AE38BF5
:10102400F9FE99476391F904B7050800B365BB005D
:101034002D45C53181448D4BA149753963967401A1
:10104400832704802320F9008504E39834FF832751
:10105400048013172B01635507002312F900D5BB35
:101064002322F900FDB39D476399F90281451305D5
:10107400B0044531BD442320090023220900FD5951
:101084009D3993F77400CA9703C70700FD14398D7F
:101094002380A700E39634FF6DBBA1476392F90454
:1010A4006D398144630D0B008D479304C0036308BD
:1010B400FB009304000563048B019304400413753F
:1010C400C507E30895D81945393139390545213122
:1010D40026850D3909453D314931E31C05D669BBE7
:1010E40091476399F90013056006F536F53E13053B
:1010F40090090DB7E38F09D4F154A9BB19CD91CD53
:1011040009CE81473387F500834607003307F5008E
:1011140085072300D700E317F6FE828019C991C919
:1011240009CA910583A7C5FF11057D16232EF5FE77
:10113400C5BF828001C919C62A960505A30FB5FE4D
:10114400E31DA6FE828081473307F50003070700ED
:1011540019E33E8582808507C5BF01112E8626CA04
:10116400AA84131506019305F004418122CC06CE0E
:1011740032C6EF00B0562A8401C53246A685BD3F6B
:101184002285F2406244D24405618280854715C1BC
:101194008DC105C28147B306F5003387F50083C6C8
:1011A4000600034707006398E6008507E315F6FE8B
:1011B40085473E8582808147EDBF9307F6FFBE9544
:1011C4002A966313C5008280FD1583C715000505A3
:1011D400A30FF5FEFDB7AA87014581CF09CE3E9640
:1011E400850703C7F7FF6317B700E39BC7FE0545F1
:1011F40082808280014582807971974700009387BD
:10120400A7D622D4804306D626D24AD04ECE52CC7C
:1012140056CA5AC85EC679C0B7C4C901014B9749BA
:1012240000009389E9D39384F437174A0000130A22
:10123400EAD3974A0000938AEACD174900001309BC
:1012440029D78357240095E35C44631D0B0017479B
:101254000000232BF7D0832BC4002285EF003055E8
:101264005E84B9A82326FB00FDB783A709008297F3
:101274001C443307F5406376F500032749001D8FAE
:101284002A9763E2E4089747000023AD07C8835513
:10129400240003450400974000E0E78040125C40CE
:1012A4005844A1CB0C4403264900AE97BE8663E4A0
:1012B400B70063E4C700B386C74014C4228B3A84E2
:1012C40049F0974700009387E7C49C4B0947637232
:1012D400F706F917174700002326F7C4B250225423
:1012E40092540259F249624AD24A424BB24B456186
:1012F400828063170B009747000023A7E7C6A1BFAE
:101304002326EB0089BF03274A0209CF63EFA70016
:101314003385A74083A70A016376F5009747000049
:1013240023A2A7C0228B404461BF03274900BA9778
:10133400C5B79747000023A707BE4DB7411122C484
:10134400174400001304C4BF1C4006C626C24AC08A
:1013540091C782979747000023A407BE97470000D0
:1013640083C757DE858B97440000938464DD95C35F
:1013740097470000A38807DC83C774001547637A86
:10138400F700A12B83C77400F5178A07A2979C4323
:1013940082971C4491C3829717490000130989BCA2
:1013A40003270900174600000346D6B697470000F6
:1013B40083C747B693961700BA9683D60600D5CE50
:1013C4009747000083C707B563E3C70C974700003E
:1013D400238207B41C40639D07129747000083C70C
:1013E400B7D691CF83C7740093F7F70F89EB97476C
:1013F4000000A38B07D4974001E0E780607897470B
:1014040000009387E7B59C43638407109747000067
:10141400938707BADC43174700002325F7B0E93B5D
:1014240097470000938787B4DC53FDC31747000038
:10143400130747AE184B9747000083C777B4636917
:10144400F70C83C7740015476364F70C97470000D3
:1014540083C7C7D3918BCDEF0326090097460000BD
:1014640083C656AB63CCD70A2244B24092440249A5
:101474004101174300E06700833F850793F7F70FA7
:10148400974600002388F6A8E3E2C7F215BF860753
:101494003E97835507002310070097470000239FBA
:1014A40007AA97470000938767A99C431745000044
:1014B400034545A613172500BA979C43829797477F
:1014C400000083D7A7A9174700000347A7A493C721
:1014D400F7FF7D8D93171700032709003E97835765
:1014E40007005D8D2310A7009747000083C787A2DC
:1014F40091C7850717470000230EF7A01747000080
:10150400034747A19747000083C7D7A0E370F7ECD0
:10151400B240224492440249410182801397170049
:101524003297035707006DF785072DBFAD6737C79F
:101534000040BD072326F7200F1000009747000046
:101544009387479DC84F83278726BD66BD0693C7EB
:10155400F7FF99836A052326D7205D8D8280411188
:10156400B7170040985F3AC6945F3247E39CE6FEA3
:101574003245410182801305F00F828001119747A3
:101584000000938727CC22CC03A4070C26CA06CEDE
:101594002AC42EC6854419E40145F2406244D2446B
:1015A400056182808347910003471400858B63049F
:1015B400F7000044CDB719469305A1001305240094
:1015C400F136E31895FE0545C9BF17470000130718
:1015D40027B61C439306001094C3010001000100C8
:1015E40001001C4323A0070083461500034825007F
:1015F400A2064208C29603480500C2960348350075
:101604006208C29694D78346550003486500A20633
:101614004208C29603484500C29603487500620812
:10162400C296D4D7834695000348A500A206420873
:10163400C29603488500C2960348B5006208C29664
:1016440094DB8346D5000348E500A2064208C2960F
:101654000348C5000345F500C2966205AA96D4DB8B
:1016640083C6150003C52500A2064205AA9603C534
:101674000500AA9603C535006205AA9694CF83C6D1
:10168400550003C56500A2064205AA9603C5450098
:10169400AA9603C575006205AA96D4CF83C69500A1
:1016A40003C5A500A2064205AA9603C58500AA960D
:1016B40003C5B5006205AA9694D383C6D50003C5B5
:1016C400E500A2064205AA9603C5C50083C5F50038
:1016D400AA96E205AE96D4D3D443F59AD4C3D443A0
:1016E40093E61600D4C3944393E6160094C3BA87D2
:1016F4009443D842058B59E3984E01452300E600F4
:101704009843184F2183A300E6009843184F418360
:101714002301E6009843184F6183A301E6009C432C
:10172400D84F2302E600D84F2183A302E600D84F06
:1017340041832303E600D84F6183A303E600985353
:101744002304E60098532183A304E60098534183BD
:101754002305E60098536183A305E600D8532306C6
:10176400E600D8532183A306E600D8534183230718
:10177400E600DC53E183A307F600828001008DBFFD
:10178400174700001307079B1443411122C49C5EB2
:101794004AC006C6998326C2858B3A84174900003D
:1017A40013090999D1CB9C5E974400009384449912
:1017B40093F7F7F99CDE174700000347C798930790
:1017C4000008631BF700832709009C4393F7070471
:1017D400174700002309F79683C7040093F707040B
:1017E4009DC3973700009387A7779C4382979747B9
:1017F400000023AFA79483C7040093F7F70B1747A0
:101804000000230FF79283C7440093F707048DE782
:10181400854717470000A307F7929747000093876F
:10182400E7939C43096798C7130700FC9746000099
:10183400238AE690D844F8D31C40985F1183058B23
:1018440009CB985F3D9B98DF054797460000238BA3
:10185400E68E985F1D83058B11CB985F1377F7F79E
:1018640098DF854717470000230EF78C832709006C
:10187400D8430583058B19C7D843759BD8C3D84370
:10188400799BD8C3B24022449244024941018280E8
:10189400397106DE16DC1ADA1ED82AD62ED432D2D4
:1018A40036D03ACE3ECC42CA46C872C676C47AC254
:1018B4007EC0F935F250E2525253C2533255A2550A
:1018C400125682567247E2475248C248324EA24EDE
:1018D400124F824F21617300203097470000938795
:1018E400E7879443974700009387878503C70700DA
:1018F400058B11CB97470000238607849747000088
:10190400A3820784828003C71700058B65F7F8520A
:1019140071FF83C75700DDB717480000130888819B
:10192400032708001C5F9583858BD1E709C61C5BE0
:10193400BD832300F60085CA83270800985B460709
:10194400935767016356070093E707C0C207C18333
:1019540003970600C207C18709C7BA970947B3C7E7
:10196400E7022390F60085CD834715008DCB97368B
:10197400000083C6467D93F60604138797008947C3
:101984008DCA3A9503470500854699471376F706AD
:101994006311D60262076187B947634C0700832746
:1019A40008009C5FED838D8B17370000A30FF77839
:1019B40081473E8582808547EDBF411122C406C61A
:1019C400173400001304847918403DE9AE8774533A
:1019D400FDFE3E85B2859737000023840776974045
:1019E40001E0E78060ED973700009387A7749C437C
:1019F400B70680009843558F98C3D857719BD8D7A2
:101A040097370000A380077497370000A38A0772F2
:101A14001C40094798C31440173700001307477246
:101A240083472700858B89EB83473700858BD9C78C
:101A34009737000023880770B24022444101828016
:101A44008D476310F502973700009387A76E9C4378
:101A5400B70680009843558F98C3D857719BD8D741
:101A64005DBF8547E319F5FA5447F977FD17F58FFC
:101A74005CC70F1000001C40096798C7130700F8E3
:101A8400173600002300E66C173700001307876A37
:101A94001043184231830D8B11E713076019F8D3F3
:101AA400D4C795BF1842094631830D8B6315C7000F
:101AB4001307E043EDB71307E01BD5B7FC52ADF3B2
:101AC400A5BF5D71A2C4A6C22A84130680022800A1
:101AD400AE849305100886C6CAC04EDE52DCEFF011
:101AE4006FE53545974001E0E780201C173300007F
:101AF40013034364832703009376F41F173E000007
:101B0400130E0E6B23A40700984B973E0000938E90
:101B1400EE64370FFCFF1367F70398CBF84F1305F8
:101B240010F8B7020400137707E0558FF8CF9843F5
:101B3400F576FD16758F98C39843B7063300930363
:101B440080251377F7E798C3984311497D1F1377CE
:101B5400F7E71367071098C303270E008549930F0F
:101B640080021C47D58F1CC783A70E001307900D56
:101B74003400B8CB014793553700A69583C70500B9
:101B840013767700B3D7C740858BE1C3832703005F
:101B940083280E00239C07042390070603A8C80289
:101BA4001378D8FF23A6080383A807001378F70740
:101BB40093F808F833E8080123A0070103A84702B3
:101BC4003368580023A2070383A80E00014823A208
:101BD400780603DA07066307480303A80703038AA2
:101BE40006001358F80062081358884163580A0124
:101BF40003A807031358F8002380060103D8070637
:101C04001378F80F03AA480663060A0003DA870567
:101C1400E37F49FB03A847023378E80123A20703C3
:101C240083870600635CF40003C805003396C9008B
:101C34001346F6FF337606012380C5003E8663D340
:101C4400A7002A8613158601618505071377F70F08
:101C54008506E312F7F3B640264496440649F25942
:101C6400625A61618280973600009386264F9C42B7
:101C7400D847131617016355060298471316170120
:101C8400635006027D57B8D717370000130787281B
:101C9400584F050717360000232CE628116798C70C
:101CA40098470D83058B1DC3173700000347674909
:101CB40013671700173600002305E648130700F8DA
:101CC400173600002300E648214798C79847058B3C
:101CD40009CF173700000347B746136717001736B5
:101CE4000000A30FE644054798C798470983058B6E
:101CF40009E798470583058B31CF984717360000CD
:101D040013060644173500001305C5420983058BE5
:101D1400630307101841184331830D8B75EBAC4BEB
:101D2400184E93F5050203471700CDCD79EF13073D
:101D34007006D8CF03470600136717001736000054
:101D44002300E640114798C718415C57F19B93E77D
:101D540017005CD79C4298479316370163D6060256
:101D64009736000083C68655C18A173700001307CB
:101D7400674DC5CE034787071367070297360000F0
:101D8400238EE652056798C798479316270163D1B7
:101D94000602173700000347E73A62076187635773
:101DA4000700054797360000238EE638096798C771
:101DB40098479316070163D606029736000083C638
:101DC400F64F858A173700001307C747ADCE034780
:101DD40097071367270097360000A381E64E216713
:101DE40098C7828029D785456315B7001307B006C5
:101DF40089B789456315B7001307F0061DBF8D45E4
:101E04006315B700130730072DB71307500715B72D
:101E14001307600739BF03473600136717001736E7
:101E24000000A300E632094739BF83468707094605
:101E3400BD8A6388C600034787078D463D8BE3133D
:101E4400D7F4114725BF83469707918AC9DA034718
:101E540097071367870041B7397106DE16DC1ADA73
:101E64001ED82AD62ED432D236D03ACE3ECC42CA4E
:101E740046C872C676C47AC27EC0F533F250E252C6
:101E84005253C2533255A255125682567247E247F4
:101E94005248C248324EA24E124F824F2161730003
:101EA4002030973700009387672B98438567938783
:101EB40007777CD3973700009387872F9C4383A6AB
:101EC4000709139656006358060083A6070913965C
:101ED4006600634406007453FDF2828071C5AA87CC
:101EE4000145E9C58D07C207C183F19BC207C183C0
:101EF40013074003636FF702173700001307073413
:101F04000843173700001307E73214436398A60207
:101F14001737000013078705185B014541CB4111B2
:101F2400C20706C60545DD8D0297B2400145410151
:101F340082801737000013072730D9B7035765008D
:101F440035E303574500636FF704B306F7402146B2
:101F5400637CD60203280500938687001D8FAA960A
:101F6400611717360000035646FB2392E60023A0B0
:101F740006012393060014C12312F500130786FFFC
:101F840097360000239BE6F82313B500973500002D
:101F940083D5A5F8B387F54017370000231FF7F65C
:101FA4002105828008419DB70145828082800DC150
:101FB400973700009387872803A30700973700000B
:101FC4009387472783A8070081469A8763E317010D
:101FD400828003A80700636DF50A636BA80A138760
:101FE4008700E367E5FE03D66700216705076317EB
:101FF400E60003C7419205072382E192973500006A
:10200400938545F103D6470003D765002393070062
:10201400329742074183173500002310E5F0638AA5
:102024006702173500001305252108416303F502F3
:1020340003D5660019ED83D7460023A006012107C6
:102044003E9621062392C600973700002397E7ECBB
:10205400B6879843E30E17F7973600009386C61D9C
:102064009442E307D7F683566700BDF283D6470050
:10207400035647001843A106B2962392D70098C38B
:1020840083D76500A107173700002318F7E882807B
:10209400BE86C28725BF032785116302071241113B
:1020A40022C406C68347C5008345E5042A8493F702
:1020B400C70F2306F500834697000356C700139500
:1020C4008601618563F2C508635B050603458700E5
:1020D40093F6F607A304D700054693E62700631496
:1020E400C50093E617002306D4005C4389075CC34C
:1020F400A30AB400032504112E864C430905EFE01E
:10210400FFFF8327841103465401D44303D7C70038
:10211400B296118FD4C32396E7008947A30DF40028
:10212400034764039737000083C767E56378F704C0
:102134008347C40093E707012306F40081A093E7D3
:1021440017002306F4006DB79376F60F635D05025E
:1021540003458700854513E627006314B50013E69D
:1021640017002306C400A30AD400A304070085476C
:10217400A30DF400832784119C43DDF3B240224471
:1021840001454101828093E717002306F400A30A66
:10219400D400A3040700032504114C430905EFE010
:1021A400FFF58327841103465401D44303D7C700A2
:1021B400B296118FD4C32396E7008D4755BF0545CA
:1021C4008280973700009387A71A9C43411122C449
:1021D40006C6858B2A84C5EF4165130525F597F05E
:1021E40001E0E78080AD45C58347A5002315F500D0
:1021F40083270412BDE72320A4122322A4128547B7
:102204002311F40423200500834764015441231659
:10221400F5000347D4002304E5000547A304E500C3
:10222400173700001307C7F1184F138517021581DC
:102234001C437D151375F50F9CC25C43DCC21C471F
:102244009CC65C47DCC61C4B9CCA5C4BDCCA1C4F5E
:102254009CCE5C4FDCCE19CD938606021307070291
:10226400C1BF8327441288C3835724042322A412A2
:10227400850779B79737000083D747FD8507173758
:1022840000002315F7FCB2402244410182808347B9
:10229400C40023090400054593C747002306F4003E
:1022A400DDB78347850193F7E70FD5EF83479501A2
:1022B400DDEB034625018346C50009CA8345650352
:1022C400173700000347B7CB63E7E50013F70601B0
:1022D40041CF014709C6C18A0357651C81C683568D
:1022E400A51C369751C31307C712173500000355B1
:1022F400A5CCB335A70237460F00411113060624B7
:10230400814622C426C206C67D543305A7029720FF
:1023140002E0E780E0A89737000083C7B7C6B3841C
:10232400A700973700009387E7F103A7870983275E
:10233400070963F387003E84184375FB9737000051
:10234400938707C29C43829781476364A400B307C1
:10235400A440B2402244B3B7970093C717009244F5
:102364003E854101828081473E8582809737000007
:102374009387C7DE98437C53FDFF8280797126D210
:1023840006D622D44AD04ECE52CC56CA5AC85EC6BD
:102394008347550303447513AA843E941374F40FBE
:1023A4009307400263F687001304B4FD1374F40F1B
:1023B40003AA841383AAC413A38B8412228652858E
:1023C400D685972002E0E7802098058915E503CBA0
:1023D400D41201498149337B6403930B50024A862A
:1023E4005285D685972002E0E7800096058915C5B9
:1023F400639169031374F90F238B8412B25022542E
:1024040092540259F249624AD24A424BB24B456154
:1024140082808509E20993D989410509E31179FD8F
:10242400E1BF8327850903560504797193D6070113
:10243400BD8EC206C182358E1357764093575640DF
:10244400898B058B5D8F93573640918B5D8F9357A6
:102454001640A18B5D8F93171600C18B5D8F931768
:10246400360093F707025D8F931756009355860045
:1024740093F707041E065D8F1376F60F518F93D7DB
:10248400554013D63540118A898BD18F13D67540A8
:10249400D18F13D61540218AD18F13961500418A06
:1024A400D18F1396350013760602D18F13965500FB
:1024B400137606049E05D18F93F5F50FCD8FA207F1
:1024C40045465D8F3307C70222D42A8426D252CCD4
:1024D40056CA032A8413832AC4135AC806D63697C5
:1024E4004207418393577740135557400989858B99
:1024F400C98F135537401189C98F13551740218946
:10250400C98F131517004189C98F13153700137527
:102514000502C98F131557009355870013750504D9
:102524001E07C98F1377F70FD98F13D5354013D7EB
:1025340055401189098B498F13D57540498F13D59F
:1025440015402189498F139515004189498F1395A9
:10255400350013750502498F13955500137505044D
:102564009E05498F93F5F50F4D8F2207D98FB387B9
:10257400C7024AD04ECE5EC662C4B697C207C183B4
:1025840013D7774013D557400989058B498F13D545
:1025940037401189498F13D517402189498F1395E5
:1025A40017004189498F1395370013750502498F28
:1025B4001395570093D58700137505049E07498F1B
:1025C40093F7F70FD98F13D5354013D75540118999
:1025D400098B498F13D57540498F13D5154021892F
:1025E400498F139515004189498F1395350013754B
:1025F4000502498F13955500137505049E05498FEF
:1026040093F5F50F4D8F2207D98FB387C7021306B1
:1026140050025285D685B697BD8E93940601C1802B
:1026240033F6C402137BF60F971002E0E780C07103
:1026340005890DED8347D41201498149B38497027A
:10264400130C5002C1804A865285D685971002E049
:10265400E780806F0589937BF90F11C56386340386
:10266400850993F9F90F0509E31F89FD230B641309
:10267400B250225492540259F249624AD24A424B0D
:10268400B24B224C456182805E8BCDB7797122D4E6
:1026940006D683C735002E8423160100A307F10054
:1026A40083C74500100802C02307F10083C7550003
:1026B4008A8502C2A306F10002C402C802CA02CC7F
:1026C40002CEEFE09FF00347F10183470400014588
:1026D4006310F7020347E1018347140001456319BE
:1026E400F7000345D101834724001D8D13351500E0
:1026F400B2502254456182800111973700009387BC
:1027040067B422CC03A4870C26CA4AC84EC606CE98
:10271400AA8413092500854915C083C714000347FB
:102724003400858B6304F700405CFDB719469305BC
:1027340044004A85EFE09FA5E31835FF2285F24067
:102744006244D2444249B2490561828041119737BB
:102754000000938727AF22C403A4870C26C24AC073
:1027640006C693042500054901E82285B2402244A7
:102774009244024941018280A6851305A402393797
:10278400E30525FF405CCDB74111973700009387DF
:1027940067AB22C403A4870C26C24AC006C69304AE
:1027A4002500054901E82285B240224492440249A9
:1027B40041018280A6851305A401C93DE30525FFD7
:0427C400405CCDB7F1
:1027C80097110020938181B31761002013010183C1
:1027D8001305400097E5FF1F9385458217060020E3
:1027E800130606FE63FAC5008322050023A05500E0
:1027F80011059105E3EAC5FE175502001305858307
:10280800970500209385C5FB1386818563FAC5006B
:102818008322050023A0550011059105E3EAC5FEB2
:102828001385818597350020938545B56377B50075
:10283800232005001105E36DB5FEFD42739002BC2F
:102848008D42739042809302800873A0023097D221
:10285800FF1F9382A27A93E232007390523097223C
:1028680000009382827273901234730020303D43CB
:102878002A876373C3029377F700BDEFADE59376BC
:1028880006FF3D8ABA960CC34CC30CC74CC7410718
:10289800E36BD7FE11E28280B306C3408A06970233
:1028A800000096966780A6002307B700A306B70026
:1028B8002306B700A305B7002305B700A304B70094
:1028C8002304B700A303B7002303B700A302B7008C
:1028D8002302B700A301B7002301B700A300B70084
:1028E8002300B700828093F5F50F93968500D58D68
:1028F80093960501D58D61B793962700970200003E
:1029080096968682E78086FA9680C1171D8F3E9636
:10291800E374C3F8A5B7B717004003C77705137763
:10292800E70FA38BE704130700F8A38DE7043D47DF
:10293800238CE70413075003A38CE7048280B7179E
:10294800004003C777051377E70FA38BE7043947E0
:10295800238CE7040D47A38CE70482800547B7174B
:102968000040238DE704371700408347A705858B70
:10297800EDFF0355C705520551818280B717004006
:1029880083C7E7040D8993F7C70FC98F73270080A2
:10299800218B9386818509CB7327008023ACE18442
:1029A80098425D9B731007800100010037170040B3
:1029B800130670052300C704130680FA2300C70412
:1029C800010001002307F704230007047327008090
:1029D8009C42A18BD98F7390078023AC018401009E
:1029E8000100828041112A83014E930E407E130F0D
:1029F8000019930F400663E66E1493080019130339
:102A08004006B3781503854E0D4FA14F3373650209
:102A18000D891335150063E0BE161308F6FF7946D5
:102A280072984208135808013307C70213D61700D3
:102A3800BE0732976146B3F6C60213068070B386A6
:102A4800C6023697A166F58F42075D8FB71600401C
:102A580083C7F60293F70708A307F1000346F100BE
:102A680083C7F60293F70708E394C7FE8347F1008C
:102A7800B716004093F7F70F63890714F327008010
:102A8800A18B938681856398071401000100B7170D
:102A98000040130670052380C704130680FA2380BC
:102AA800C7040100010023AA070303C6170313661E
:102AB8000608A388C70223800704732600809C4267
:102AC800A18BD18F7390078023AC01840100010092
:102AD8001166B71500407D16DC59C85DA98FF18FC6
:102AE800E5FFF3270080A18B89CBF327008023AC77
:102AF800F1849C42DD9B7390078001000100B717A9
:102B08000040130670052380C704130680FA23804B
:102B1800C70401000100D8DB03C7170313670704C4
:102B2800A388E70223800704732700809C42A18BB7
:102B3800D98F7390078023AC018401000100410103
:102B480082807D133368E3039308E016630E080060
:102B58003368F3039308D0166308080093783300AA
:102B680093B818009388D81633081E01131E08015D
:102B7800135E0E0149B56393E503054863860800B3
:102B88000148630303002A8871087298FD15131E13
:102B98000801C205135E0E01C181B5BD13F8150009
:102BA80063F4BF007908D5B713381800E5BF83C7A9
:102BB800F60293F70708A307F1000346F10083C75D
:102BC800F60293F70708E394C7FE8347F10093F7EB
:102BD800F70FF1DF65B5F327008023ACF1849C4241
:102BE800DD9B7390078055B54111B7170040985F7A
:102BF8003AC6945F3247E39CE6FE32454101828043
:102C08001D71CEC662DC86CEA2CCA6CACAC8D2C402
:102C1800D6C2DAC05EDE66DA6AD86ED62A8CEF00D3
:102C28009025AA89F3270080A18B9384818589CB7D
:102C3800F327008023ACF1849C40DD9B73900780D0
:102C480001000100B7170040130770052380E7044F
:102C5800130780FA2380E7040100010003C7F70285
:102C680013678700A387E70203C7F7021377770F75
:102C7800A387E70223800704732700809C40A18B69
:102C8800D98F7390078023AC018401000100F327DA
:102C98000080A18B89CBF327008023ACF1849C4072
:102CA800DD9B7390078001000100B71700401307F0
:102CB80070052380E704130780FA2380E7040100E6
:102CC800010003C7E7021377C70F2387E70203C78B
:102CD800E702136717002387E70223800704732797
:102CE80000809C40A18BD98F7390078023AC01840E
:102CF80001000100F3270080A18B89CBF327008016
:102D080023ACF1849C40DD9B739007800100010097
:102D1800B7170040130770052380E704130780FAEC
:102D28002380E7040100010003C737051377870FE5
:102D3800A389E70403C7370513671700A389E704C6
:102D480023800704732700809C40A18BD98F739040
:102D5800078023AC018401000100130980C133C935
:102D68002903916B938C0BE8130A5002930A803E57
:102D78002167130707D0130BA00437140040930DE5
:102D88000404617DFD1BB3C79903916C33094903A2
:102D98003EC6B3CA5903B347E902130980FA338A16
:102DA8004A033EC8B347EA02130A7005338B6A0325
:102DB8003ECABD67938707A6B347FB02014B3ECCCB
:102DC80073270080218B09CB7327008023ACE18413
:102DD80098405D9B73100780010001009307700500
:102DE8002380FD0023802D010100010003473405E5
:102DF80013670702A309E40403570405336797011F
:102E08002318E404035704053367A70142074183E5
:102E18002318E40423800D00F32600809840218BBA
:102E2800558F7310078023AC01840100010003470C
:102E38003405137707026308071403473405218B09
:102E48006DDF73270080218B09CB7327008023ACAB
:102E5800E18498405D9B7310078001000100238086
:102E68004D0123802D01010001000347340513772C
:102E7800F70DA309E4040347340513670702A30900
:102E8800E40403570405336797012318E404035740
:102E980004053367A701420741832318E40423800C
:102EA8000D00F32600809840218B558F7310078002
:102EB80023AC01840100010003473405137707029E
:102EC800630E070E03473405218B6DFF313B2A87BC
:102ED8003ACE193B7247E30DE5FE03570405336705
:102EE80097012318E40403473405218B6DDF8356CB
:102EF800040503472405B247B3F6DB003387EB022A
:102F0800BA969D8EC24763D5D700D24763C3F60EE3
:102F180009476362670FE24713061B001397160001
:102F2800137BF60F3347F7026350D04005078946F5
:102F38003347D702F3260080A18A89CAF326008086
:102F480023ACD1849440DD9A73900680010001007F
:102F580023804D0123802D01010001008356C40206
:102F68003697420741832316E40223800D00F32697
:102F780000809840218B558F7310078023AC018403
:102F88000100010035BD73270080218B09CB732711
:102F9800008023ACE18498405D9B7310078001009A
:102FA800010023804D0123802D010100010003470A
:102FB800340513670702A309E404A9BD7327008039
:102FC800218B09CB7327008023ACE18498405D9B5B
:102FD800731007800100010023804D0123802D011B
:102FE800010001000347340513670702A309E4043D
:102FF8007DB5E3020BF2F3270080A18B89CBF32781
:10300800008023ACF1849C40DD9B73900780010015
:103018000100B7170040130770052380E704130762
:1030280080FA2380E7040100010003C7370593767F
:10303800FC0F1377870FA389E70403C73705558F5C
:10304800A389E70423800704732700809C40A18B91
:10305800D98F7390078023AC018401000100B71752
:10306800004013067005930580FA03C737051D8BCA
:10307800631E872BF3270080A18B89CBF327008061
:1030880023ACF1849C40DD9B739007800100010014
:10309800B7170040130770052380E704130780FA69
:1030A8002380E7040100010003C737059166137701
:1030B800F70DA389E70403C7370513670702A38938
:1030C800E70403D70705558F2398E70403D70705B7
:1030D800A166558F2398E70423800704732700808F
:1030E8009C40A18BD98F7390078023AC0184010089
:1030F8000100B717004093067005130680FA03C74E
:10310800370513770702630A0726371700408347F6
:103118003705A18BEDDFF3270080A18B89CBF3273F
:10312800008023ACF1849C40DD9B739007800100F4
:103138000100B7170040130770052380E704130741
:1031480080FA2380E7040100010003C73705916670
:103158001377F70DA389E70403C737051367070239
:10316800A389E70403D70705558F2398E70403D7F6
:103178000705A166558F2398E70423800704732762
:1031880000809C40A18BD98F7390078023AC018469
:1031980001000100B717004093067005130680FA76
:1031A80003C7370513770702630107223717004063
:1031B80083473705A18BEDFF053C2A843534E30F9F
:1031C80085FE37170040835707059166D58F23186A
:1031D800F70483473705A18BEDDFF3270080A18B28
:1031E8009386818589CBF327008023ACF1849C42A8
:1031F800DD9B7390078001000100B717004013079B
:1032080070052380E704130780FA2380E704010090
:10321800010003C737051377F70DA389E704238057
:103228000704732600809842218B518F7310078002
:1032380023AC01840100010003D7070503C6270555
:103248009167FD177D8FB387C70237460F001306B6
:103258000624B3C9C9023E978567938707FAB397CF
:103268008701B389370393070010B3C9F90293079D
:10327800800C8E09B30937410547331C8701135C5D
:103288003C40B30A5C03130C60553D67130707A65F
:10329800B38A8A03B3CAEA02B387F902B3C75703EA
:1032A800635D301785070947B3C7E7029607732799
:1032B8000080218B09CB7327008023ACE1849842DE
:1032C8005D9B73100780010001003717004013064B
:1032D80070052300C704130680FA2300C704010001
:1032E80001000356C702B297C207C1832316F7022B
:1032F80023000704732700809C42A18BD98F739009
:10330800078023AC018401000100F6406644D644DE
:103318004649B649264A964A064BF25B625CD25C3D
:10332800425DB25D256182807D1711B173270080EF
:10333800218B09CB7327008023ACE18498405D9BE7
:1033480073100780010001002380C7042380B7049D
:103358000100010003C73705558FA389E7042380BF
:103368000704732500809840218B498F73100780CC
:1033780023AC018401000100CDB973270080218BA3
:1033880009CB7327008023ACE18498405D9B7310C0
:103398000780010001002380D7042380C7040100AF
:1033A800010003C7370513670702A389E7042380D1
:1033B8000704F32500809840218B4D8F73100780F8
:1033C80023AC0184010001001DBB73270080218B01
:1033D80009CB7327008023ACE18498405D9B731070
:1033E8000780010001002380D7042380C70401005F
:1033F800010003C7370513670702A389E704238081
:103408000704F32500809840218B4D8F73100780A7
:1034180023AC01840100010061B3FD1769B5914730
:1034280063EEB70217370200130787DA8A05BA95E1
:103438009C41BA978287B717004003A7470B1345EB
:10344800F5FF698F23AAE70A03A7070B698F23A84B
:10345800E70A03A7070A798D23A0A70A8280B7176E
:10346800004083A6470B1347F5FFF98E23AAD70A16
:1034780083A6070B558D23A8A70A83A6070A758F6D
:1034880023A0E70A8280B717004003A7470B498F9C
:1034980023AAE70A03A7070B1345F5FF45BFB7178C
:1034A800004083A6470B1347F5FF758F23AAE70A49
:1034B80003A7070A598D4DB7B717004003A7470B55
:1034C800498FEDB7914763EEB7021737020013072C
:1034D80067D18A05BA959C41BA978287B717004089
:1034E80003A7470D1345F5FF698F23AAE70C03A728
:1034F800070D698F23A8E70C03A7070C798D23A074
:10350800A70C8280B717004083A6470D1347F5FF25
:10351800F98E23AAD70C83A6070D558D23A8A70CCF
:1035280083A6070C758F23A0E70C8280B71700408D
:1035380003A7470D498F23AAE70C03A7070D1345D7
:10354800F5FF45BFB717004083A6470D1347F5FFA2
:10355800758F23AAE70C03A7070C598D4DB7B7172A
:10356800004003A7470D498FEDB79317050105479D
:10357800C1836382E5048DC10947638DE5040D4766
:103588006380E50637170040231EF70883560709AE
:10359800D58F2318F708828037170040035647094C
:1035A80093C6F7FFF18E231AD7088326C70A558DCD
:1035B8002326A70AC1BF371700400356470993C6F9
:1035C800F7FFF18E231AD7088326870A558D2324FF
:1035D800A70A4DBF3717004083564709DD8EE1B76C
:1035E8003717004083564709DD8EE9BF9357E5003A
:1035F80093F70730C98FC2070547C1836382E50483
:103608008DC10947638DE5040D476380E5063717CB
:103618000040231FF70883562709D58F2319F70879
:103628008280371700400356670993C6F7FFF18E6B
:10363800231BD7088326C70C558D2326A70CC1BF8B
:10364800371700400356670993C6F7FFF18E231B0F
:10365800D7088326870C558D2324A70C4DBF371711
:10366800004083566709DD8EE1B73717004083565F
:103678006709DD8EE9BFB717004003D5870042050B
:1036880041819377050491EB9377F5013755E8016C
:10369800130505803345F50282809377050C1307DF
:1036A80000046397E7009377F50137459C1CCDB775
:1036B8002165130505D0828037E700E01C43544399
:1036C800A183E206D58F1CC1FD572320F7182322BA
:1036D800F718828013178500B7E700E023A0E710EA
:1036E800618123A2A7108280B7F700E08847CC4702
:1036F8008280814737470040A14663C4C7003285AE
:1037080082800345B780E38EA6FE3385F500034526
:10371800050085072304A780CDB7411122C406C63A
:103728002A84913F2947B307E502B2408D83B3D776
:10373800870222449507B3D7E70237370040C2070C
:10374800C1832316F7404101828071654111130539
:10375800052006C6D937B7370040130770F823810C
:10376800E7400D47A381E74013070004A380E74023
:1037780005472387E740B24041018280B7370040C0
:1037880003C7174019C9D98DA380B74003C707409D
:10379800136787002380E740828093C5F5FFF98D82
:1037A800A380B7408280B73700402147B736004032
:1037B80091E1828003C6B740E30CC7FE05050346C6
:1037C800F5FFFD15C2052384C640C181D5B7411157
:1037D80022C406C62A8445352947B307E502B24004
:1037E8008D83B3D7870222449507B3D7E7023747BB
:1037F8000040C207C1832316F780410182807165AA
:1038080041111305052006C6D937B74700401307ED
:1038180070F82381E7800D47A381E7801307000430
:10382800A380E78005472387E780B2404101828073
:10383800CC41411106C6328503C6150083C5050073
:1038480022064D8E42068D654186138875A2630C4B
:10385800060F6348C804138845A26306060B634A2B
:10386800C800938535A26309B60623900600294649
:1038780079A0138855A26308060B938565A2E31601
:10388800B6FEC1451D4663ECE5064546198E63F351
:10389800C7003E862390C600973502009385C596DB
:1038A80089A8138895A26300060F634E060B138838
:1038B800A5A2630A060F938505A5E318B6FA9945EC
:1038C8001D4663EEE502198E63F3C7003E8623901A
:1038D800C6009385818031A89D451D4663E1E502B8
:1038E8002146198E63F3C7003E862390C600938550
:1038F800C185BA9597E0FF1FE78000800146B24076
:10390800328541018280AD451D46E3EAE5FE314638
:10391800198E63F3C7003E862390C60097350200D0
:1039280093854592F9B7B1451D46E3EAE5FC35466E
:10393800198E63F3C7003E862390C60097350200B0
:10394800938545917DB7C1451D46E3EAE5FA4546AD
:10395800198E63F3C7003E862390C6009735020090
:103968009385C58B79B7C1451D46E3EAE5F8454619
:10397800198E63F3C7003E862390C6009735020070
:103988009385458EBDB7C1451D46E3EAE5F6454634
:10399800198E63F3C7003E862390C6009735020050
:1039A80093850589B9B7B5451D46E3EAE5F4394677
:1039B800198E63F3C7003E862390C6009735020030
:1039C800938585833DB797F6FF1F938666F2414638
:1039D800CD4517F5FF1F1305A5DE6F90C0181145DB
:1039E8006FF00FA2411193962500AA852D4506C6B2
:1039F80097D0FF1FE780A039B2400145410182807E
:103A0800411126C29394250022C44AC02A843289CF
:103A1800A686AA850146254506C697D0FF1FE780DA
:103A28000037A6864A86A285294597D0FF1FE780DA
:103A38000036B24022449244024901454101828045
:103A4800011122CC06CE3714004026CA4AC84EC6F9
:103A580052C483447405034AB40583498405034961
:103A68009405EFE05FEB8347A40593F4F40F137A12
:103A7800FA0F93E71700230DF40493F9F90F13795C
:103A8800F90FB717004003C7A705058B6DFF03D5CE
:103A9800C705A38D4705238C3705A38C2705A38B62
:103AA8009704F2406244D2444249B249224A05612D
:103AB800828041119397050122C406C6C1872E84CE
:103AC80063DD0700EF10E05A19C1EF10605321655C
:103AD800218DB24022444101828093F7150013C51D
:103AE8001500E5FB9397250163D00702EF20014AF3
:103AF800FD3537F60200130606E0896503C54186E1
:103B0800EF1030230965E9B7939715010145E3D212
:103B180007FC172502001305A57AEF10C2501306FB
:103B28000064916503C54186EF10B02011654DB75B
:103B38001D714946972502009385057417350200C3
:103B4800130585F086CE97D0FF1FE780E06301E973
:103B58001725020013058573EF10E24C01A0B7F694
:103B680000E0795798CAFD57DCCA0567B7E700E057
:103B780023A0E7101306F00290C223A0E718010063
:103B880001001306C0038145480897D0FF1FE7804E
:103B9800205A97070020938767B23ECA89679387A0
:103BA8000780231CF100A167938707E03ECEB70783
:103BB8000105938707103ED0ED472312F102854790
:103BC8002303F10297070000938707E2BEC4970713
:103BD8000000938727E3BEC697070000938707B1C5
:103BE8003EDA970700009387E7E53EDE9707000077
:103BF800938727DFBEC0B737010D9387D7D0B7F5B6
:103C080007003ED48146970700009387A71C7000E1
:103C1800E10519453EDC97D0FF1FE780401758089B
:103C28008147994670003E960346060085070507BA
:103C3800A30CC700E398D7FED24791C70357810169
:103C480085676373F70001A04808EF107068AA85BC
:103C580001C9172502001305A564EF10222B01A046
:103C6800F640256182804111170500001305A5E47F
:103C780006C622C4EF101062138441862300A400F4
:103C88009D28E12A034504002244B24037F6020089
:103C9800130606E0896541016F10B009F32700801B
:103CA800A18B1387818589CBF327008023ACF1840E
:103CB8001C43DD9B7390078001000100B71700408B
:103CC800930670052380D704930680FA2380D704CF
:103CD80001000100C8DB23800704F32600801C4391
:103CE800A18BD58F7390078023AC0184010001005C
:103CF80023A401868280411106C6F3270080A18B88
:103D08001387818589CBF327008023ACF1841C437A
:103D1800DD9B7390078001000100B71700409306F0
:103D280070052380D704930680FA2380D704010006
:103D3800010083C6F70293F6A60FA387D702238054
:103D48000704F32600801C43A18BD58F739007804E
:103D580023AC018401000100F3270080A18B89CBEB
:103D6800F327008023ACF1841C43DD9B739007800C
:103D780001000100B7170040930670052380D7049F
:103D8800930680FA2380D7040100010083C6F70256
:103D980093E62600A387D70223800704F326008032
:103DA8001C43A18BD58F7390078023AC018401003D
:103DB800010035311305407E81470147814605469C
:103DC8008545EFE03FC2B240014541016F20E00464
:103DD800011122CC2A84680006CE26CAF138EFE009
:103DE800BFE0B307A4406376A400B707C0A8A297B2
:103DF800898F3737E2A181170117637AF7003245B7
:103E0800D1380945F2406244D24405618280228556
:103E18007135324593848186EFF0DF8B9C400D45E8
:103E2800F5F3694597C0FF1FE780C0469C408DC3E6
:103E38001305D402B707C0A863F7A7003705405792
:103E48001305D5022295993D97C0FF1FE7802024CE
:103E58000545EFE0BFB2014575B7F3270080A18B98
:103E68001387818589CBF327008023ACF1841C4319
:103E7800DD9B7390078001000100B717004093068F
:103E880070052380D704930680FA2380D7040100A5
:103E9800010083C6E70093E686002387D70083C620
:103EA800E70093E606012387D70023800704F3265B
:103EB80000801C43A18BD58F7390078023AC0184AD
:103EC80001000100F3270080A18B89CBF327008034
:103ED80023ACF1841C43DD9B739007800100010033
:103EE800B7170040930670052380D704930680FA1D
:103EF8002380D7040100010083C6170393E6060256
:103F0800A388D70223800704F32600801C43A18BD3
:103F1800D58F7390078023AC018401000100B7E7B7
:103F280000E03707001023A0E7108280797126D2BD
:103F380006D622D44AD04ECE52CC03C88500A1441E
:103F4800137808026311080683C8050009482E84FF
:103F58008144639A080503A84500AA89328A8347E1
:103F68001800034808003689A207B3E70701C2070B
:103F78000D68C1871308289063800705814403579B
:103F8800A40097F7FF1F83D7079D631EF700938749
:103F9800C1869C4389CB0D473AC22316210152C4DE
:103FA8004C004E858297B25022542685025992546D
:103FB800F249624A456182808547EF60D07CAA84D5
:103FC8005DFD9387C186984355DB83471A00834676
:103FD8000A004C00A207D58FB337F00085073EC210
:103FE8004E85029769BF0111172502001305852D1B
:103FF80022CC2EC6328436C406CEEF10C202B24599
:104008008947A24603C605006319F602D8418347CB
:10401800170003470700A207D98FC2070D67C1879A
:1040280013072790639BE700CC452390C6002285A1
:10403800094697D0FF1FE780200CF24062440145F3
:104048000561828041677917630CE502411122C43A
:1040580006C685472A84639AF50022852244B24021
:104068009385819741016F80F03A89476396F500FF
:104078008545EFA0F07575D1B24022444101828098
:104088008280411126C2AA844165938581977D1556
:1040980006C622C4EF801038170500001305C5FABC
:1040A800EFA0506A97F6FF1F9386468B41469945C5
:1040B80017F5FF1F13058584EF80F02A2A8419C598
:1040C800172502001305C520EF00F2752285B240BE
:1040D800224423A69186924441018280411193850E
:1040E800819706C6EF60F064B2407D151335150060
:1040F80041018280411122C42E849385819726C272
:1041080006C6AA84EF60F062058915C197E7FF1F0C
:104118009387C77E83D7A702A285B2402310F400F5
:10412800224426859244014641016F70703DB24099
:104138002244924449454101828083572500035512
:1041480005003385A740420541818280AA8705C2C0
:104158001307F6FFB376C700054599EA23A00700C1
:10416800CCC32394C7002395E70001458280054509
:104178008280232005008280AA871145B5C72DC6F5
:1041880083D6070003D787000D45369783D62700C7
:10419800158F4207418329CB0145B9C583560600CF
:1041A8006373D700BA86C206C18201471315070197
:1041B80041816366D5002310D6000145828033858E
:1041C800E5008348050003D8A70003D527000507A5
:1041D80033780501C84342952300150103D527000C
:1041E80005052391A700D9B782802A8729CD835650
:1041F80005008357A500B697835625008507958F38
:10420800C207C183BE866373F600B286C206C18246
:104218000D459DCB81476394D700014582800356A5
:1042280027000355A70003C805008507718D504373
:10423800C207C1832A9623000601035627000506F4
:104248002311C700C9BF11458280AA871145B1CF84
:1042580029CE83D6070003D72700158F835606007B
:10426800420741836373D700BA86C206C1820945F3
:104278000DCF01476366D7002310D6000145828021
:1042880003D5070003D8A70033780501C843429532
:10429800034805003385E50005072300050103D51C
:1042A800070005052390A700F1B7828029C50357A9
:1042B800050083572500998F3E87C207C183637322
:1042C800F600328742074183814763E4E7000145EE
:1042D8008280835605000356A5008507758E5441D4
:1042E800B29683C606002380D5008356050085064E
:1042F8002310D500D9BF11458280411122C41384EF
:1043080051812300A400056581451305058006C673
:10431800EFF04F9B81452165EFF06F908D451305B8
:104328000040EFF02F9A8D451165EFF04F8FB717CA
:10433800004003A7870C91661306000A136707401D
:1043480023A4E70C03A7C70A93050004558F23A6E7
:10435800E70A03450400EF10C01D2244B2401725A8
:104368000200130525FD41016F00F24B97E7FF1F7F
:1043780083C7875FC1C797E7FF1F9387E75E83C738
:10438800870093F7F70FBDCB97E7FF1FA38EA75CB6
:10439800854717E7FF1FA30DF75C411197E7FF1F3C
:1043A8002388075C22C406C691472A843717004031
:1043B8006318F5028327C70C172502001305C511DA
:1043C80093E707402326F70CEF00F245A285224425
:1043D800B240172502001305A51441016F001233DE
:1043E8008327870CAA85172502001305E51093E794
:1043F80007402324F70CEF007231C9BF82804111B6
:1044080022C4056413050480854506C6EFF08F8B2A
:10441800130504808945EFF06F9DB707040037E462
:1044280000E02320F41085452165EFE05FFF21655A
:104438008945EFF08F93B70702002320F410224438
:10444800B240172502001305A5EA41016F00B23DED
:10445800411106C66D379305000403C55181EF105D
:10446800802FB717004003A7C70A916617250200D7
:10447800130545EA558F23A6E70A03A7870C136798
:10448800074023A4E70CEF00123AEFE0EFF5B24043
:10449800B737E2A13E9541016FF09F935171CAD1A0
:1044A80086D7A2D5A6D3CECFD2CDD6CBDAC993F7AD
:1044B80005042E8963840718B717004003A7470C23
:1044C80083A7470A03C461812D83BD83058B858B30
:1044D8006313870C83C6218709466365D600850662
:1044E8002389D18683C47181639A970A83C63187E9
:1044F80009466365D6008506A389D186238BE180AA
:10450800A38BF18011C0C5E897E7FF1F83C7C74594
:10451800B5EF854997E7FF1F2388374597E7FF1FC2
:104528002385874497E7FF1FA3819744EFE0CFEBEC
:10453800158197E7FF1F23ABA74237170040832752
:10454800870A916613060064D58F2324F70A93051A
:10455800000803C55181EF00D07D2686A285172566
:1045680002001305A5E197E7FF1F23833741EF00FA
:10457800F21985471DE417250200130525E3638911
:10458800F40217250200130565E49DC01306000A0E
:104598009305000461A023890186A9B7A389018630
:1045A800B1BFE315F4FEFDF017250200130585E3FE
:1045B800EF007227E1BF8547E31AF4FCE39884FC17
:1045C80097E7FF1F83C7473AF1D397E7FF1F238D6C
:1045D8000738FD5717E7FF1FA308F73897E7FF1FAE
:1045E800A388073897E7FF1F23840738B7170040C9
:1045F80003A7C70A9166172502001305A5E0558F82
:1046080023A6E70A03A7870C1367074023A4E70C30
:10461800EF007221130600329305001003C5518183
:10462800EF00307113450904BE502E549E540E59A4
:10463800FE496E4ADE4A4E4B6D61828093F705084B
:10464800638B071497E5FF1F83C505321725020002
:104658001305C5DCEF00920B17E7FF1F0347C730B0
:1046680097E7FF1F938747306304071283C4270027
:1046780083C93700EFE0AFAC2000B71700403947D7
:1046880093F4F40F93F9F90F238CE704130B010D3E
:10469800A28A228AEFE08FAC2390AA00890AE31B42
:1046A8005BFF13073006814735A01396170094095E
:1046B80085073696880993961700AA96835586F338
:1046C80003D586F36376B500231CA6F2239CB6F2C5
:1046D80093F7F70FE3CBE7FC7D1771F71307840215
:1046E8008147835604050904B697E31C87FE5145A4
:1046F80033D5A702EF00626897270200938787C621
:104708009043D443EFF0912297270200938707C67E
:104718009043D443EFF0116D97270200938787C524
:104728009043D443EFF09120EF00625F896793874D
:10473800A70A420541812314F100914713578500C8
:104748002305F1009377F50F138544024E953A95AA
:104758003E952307F100A307A10093075005A5453F
:104768005285A306E1002308F100A3059100230662
:10477800310151224E86A68517250200130585CDE5
:10478800EF00C27817250200130585CFEF00B209A4
:104798001345090851BD93F705100145E38607E85D
:1047A80017250200130585D0EF00F2075531134590
:1047B80009109DBD411117250200130525D806C60D
:1047C80022C4EF0052060564130504808145EFE01A
:1047D8007FCF81452165EFE09FC4130504808145A3
:1047E800EFE0DFE081452165EFE03FD81306000ADE
:1047F8009305000403C55181EF00B0532244B24031
:10480800172502001305C5D541016F00D20101111A
:10481800680006CEEFE05FEA83C7518789CB094677
:10482800C14503C58181EF00D050A38A0186324576
:10483800EFE05FEAB735004083C7B5401D47636DB9
:10484800F70083C7B5402146938585401D8E4206F3
:10485800418213854139993CF240056182804111BA
:1048680013060020938541191385413906C622C4D1
:10487800EFF0DF8D05661306068097E5FF1F938529
:10488800654013858118EFF07F8C3714004083272B
:10489800840A8D451305002093E707202324F40A92
:1048A800EFE0FFB78327840A85451305001093E7D7
:1048B80007102324F40AEFE09FB6EFE01FE99545BF
:1048C8000545EFE0BFEBB2402244B7E700E0370709
:1048D800000823A0E7104101828001112317B100CD
:1048E8001306E100AA851385413906CEEFF0DF886B
:1048F800F24005618280011122CC2317B1002A847D
:104908001306E100AA851385413906CEEFF0DF864C
:104918008355E1002285EFE01FE9F240624401453A
:1049280005618280914763F0B70C03470500930740
:10493800A00A631AF70AB306B50003C7F6FF930780
:1049480050056312F70A01478547F9153306F50044
:1049580003460600850793F7F70F32971377F70F8B
:10496800E3C6B7FE83C7E6FF6388E70017250200A2
:10497800130585C66F00226B034715009307000ACD
:104988006313F706011106CE8347250009476379AB
:10499800F702034645008345350083475500220644
:1049A8002E855D8E32C62EC4EFF05F9C3246A2453E
:1049B800F24017250200130525C305616F00025553
:1049C80085C3834535002E852EC4EFF03F9AA24556
:1049D800F240172502001305A5C305616F000253B5
:1049E800F2400561828082809C410947638FE7001D
:1049F8000D476382E70205476396E704AA851725F2
:104A08000200130565B76F006250AA8517250200DA
:104A18001305C5B8CDBF411122C42E8483D58500A6
:104A2800172502001305C5B906C6EF00224E8355A7
:104A3800840048405D358355840048402244B24094
:104A48004101CDB582802A86B305B0401725020002
:104A5800130545CD6F00824B83D7C1886390A702A9
:104A68002397B1882398C1882399D1882E86172542
:104A780002001305A5C7BE856F004249172502002D
:104A8800130545C86F00225A03574500011106CE89
:104A980083D7C1886315F702C167F91723A6F18880
:104AA80023A8018885471306F10085451305503072
:104AB800A307F100EF609176F24005618280172527
:104AC80002001305A5BEEF000256FDB741119397EA
:104AD800050122C406C626C2C1872E8463DE0700EC
:104AE80003C58181792311C1212B2165218DB24014
:104AF800224492444101828093F7150091CF17E632
:104B0800FF1F130626E79385413B03C58181EF60AC
:104B1800313D13451400E1BF93F7850099CF83C752
:104B280081811307400681465146A14503D5C188B6
:104B3800EF607134134584005DBF93F7050C99C786
:104B48002244B240924441016FF05F9593F705010A
:104B58000145D1DF938741829C4305476389E7007C
:104B680081C70D476379F7141345040149B703D585
:104B7800C188EFF0AFD62DE19307000413858118A3
:104B8800239AF188EFF06FDB0DCD13864189938569
:104B9800013A13858118EFF04FEB1375F50F19E5FE
:104BA80083D5418981C51385013AAD3B13858118A9
:104BB800EFF0AFD819C50946C14503C58181EF009B
:104BC8005017C16703D7C188F917E31FF7F8138592
:104BD8008118EFF00FDA49BF03D5C188EF10103BF9
:104BE8007515239AA18813858118EFF00FD583D7FF
:104BF8004189636BF50813858118EFF00FD4AA85F6
:104C080017250200130505ABEF00423013864189D2
:104C18009385013A13858118EFF02FE31375F50F8B
:104C280023AC0186E31205F483D5418981C5138538
:104C3800013ACD3903D6418901478146ED4503D56F
:104C4800C1882393C188EF50306923A4A1886308E1
:104C5800050C03D661889385013A97C0FF1FE7804A
:104C6800A04993854188014603D5C188EFF08FC8D4
:104C7800AA85172502001305E5A5C9E1854723A2E2
:104C8800F182239A018869A0938481879840A94773
:104C9800E3EEE7F61146C14503C58181EF007009CF
:104CA8009C40172502001305E5A1850723ACF18672
:104CB800EF00623755BD03D6418901478146ED456E
:104CC80003D5C1882393C188EF50106123A4A1881C
:104CD80039C503D661889385013A97C0FF1FE780DD
:104CE800A04193854188014603D5C188EFF08FC064
:104CF800AA8549D5172502001305859EEF000221D4
:104D08008D47ED451385418823A2F182EF509074B9
:104D18000946C14503C58181EF00B001B1B5894796
:104D280023A2F182F5B73D897D15954763E2A71265
:104D380017270200130707960A053A951C414111E7
:104D480022C406C6BA972E84828717250200130547
:104D5800E59E2244B24041016F00E22C03C72500C2
:104D680099476314F7002E850533172502001305AC
:104D7800E59DC5B703C7250095476317F70CC167BD
:104D880003D7C188F91703D5A500630FF700EF60B3
:104D9800D17A172502001305659CEF00C228172554
:104DA80002001305259E75B72396A18883D7E500D1
:104DB8000966130606902397F18883D7050103C572
:104DC80081812398F18883D72501A1452399F1880A
:104DD800EF0020760356E4008355A400172502004F
:104DE80013050599EF0082125DBF17250200130510
:104DF800259A85B783C5250091476397F500172540
:104E080002001305659AB1B79947639FF50022859B
:104E1800A53983456400172502001305A59A224485
:104E2800B24041016F00820E9547639AF5008347AF
:104E38001400F1F7172502001305859A19BF1725E5
:104E480002001305659AE1BFB24022444101828005
:104E58008280011117050000130585C706CE22CCF4
:104E680026CAEF0030439384818199470544238003
:104E7800A4002315F100130691009307803E854591
:104E8800130550302316F100A3048100EF60113997
:104E980017E6FF1F130646B0E54513057030EF60AF
:104EA800F1371386C1819D4513056030EF601137D6
:104EB8001306A100894513051031EF6031367000E3
:104EC800894513052031EF60713517E6FF1F13067A
:104ED80026ABD5450145EF5000779305000A0D45EF
:104EE800EF20B04C9305000A1145EF20104C7000DC
:104EF800914513057040A303810023048100A30496
:104F0800810002C623050100EF50617A1306710083
:104F1800854513050040EF5081793000854513051C
:104F28001040EF50C1781306A100854513052040B5
:104F3800EF50E17713069100854513055040EF5077
:104F480001777D55EF5090017D55EF709049EFE066
:104F58009FA717050000130565A9EFF08F92C16799
:104F68001387C188F9171CC3232207001385C1873B
:104F7800EF40C14B03C5040085452529F240624432
:104F8800D2440561828041111305800406C697B09A
:104F9800FF1FE780C075371700408327870C8D45B2
:104FA8001305000893E707082324F70CEFE08FD1D7
:104FB800EFE0FF8417250200130505A9EF00A206FC
:104FC800EFE01FB7EFE03FCAEF6071595935EFF0D6
:104FD8001F8903C58181EFF04FB297C0FF1FE7809B
:104FE80040CE23AC05FE1C4191E7010001000CC135
:104FF8008280BA8703A787FF6DFF23ACB7FE828044
:105008001DC18346E5FF1307F00F9147639EE60035
:10501800411106C697D0FF1FE78020F9B2408147AB
:105028003E854101828095473E85828001E90145A0
:1050380082800145B2402244410182809565411138
:10504800938505D022C4C98D2A842105C20542054D
:10505800C181418106C697D0FF1FE780E0E771D97B
:10506800FD5723200500231285002303F5002105A1
:10507800D1B717070020130727E91C43411122C4A1
:1050880026C24AC006C601440149BA8489E7A16517
:10509800D9251DC401A803C7E7FF631AA7020DCCD1
:1050A800A165012E9840832784FF6319E40217073E
:1050B8000020232BF7E4FD57232C04FE230FF4FED6
:1050C8002285B2402244924402494101828011E083
:1050D8003E8983A787FF5DBF3E84E5BF232CF9FE89
:1050E800D9BFB1CD411122C406C62A849707002032
:1050F80083C7D7E12E856375F400894763E8870085
:1051080001370D45B24022444101828083A785FFC3
:1051180099E703C7E5FF9307F00F6305F700CD355F
:105128001545CDB7238F85FE170500201305C5DD6E
:105138004D3D22852244B240A16541019DAC1545F3
:1051480082809707002023A107DC82809707002030
:10515800938707E19C4399E33E85828003D7270024
:105168006316B70003C70700E308A7FEDC47E5B7E7
:10517800C9C1797122D406D626D24AD04ECE01446E
:105188004147B3D78540858BA5C312053147229582
:105198003305E50297070020938787E003A90700F6
:1051A8008544B3948400C204C180BE892A99032728
:1051B800090011C7032549002EC60297B245314799
:1051C8003304E40283A709003E941C4489E72320A2
:1051D800090023220900B2502254A58D0259925485
:1051E800F2492E85456182800504E31CE4F8814478
:1051F800DDB72E85828041111397050122C406C6AA
:1052080026C24AC041872E84635E07009D3511C1BE
:10521800C53BA1673D8C2285B24022449244024995
:1052280041018280EDD9AA8701474146B356E4403F
:10523800858A8DCE9207BA97B146B387D70297066B
:1052480000209386E6D503A906008544B394E400BC
:10525800C204C1803E99832709000325490082972B
:105268002320090023220900258C75B70507E31FB1
:10527800C7FA8144D5BF970700209387A7CE9C53D0
:10528800411122C406C61384818299C782971C40A3
:105298003E9523A4A18239A0970700209387C7CB06
:1052A8009C43EDF70840B74703009387D73F330582
:1052B800F502B7A72600938737ECB24022443E9503
:1052C80023A4A182410182807DC197070020938792
:1052D800A7C89C43797122D426D24AD04ECE52CC4C
:1052E80056CA5AC806D65EC63A8AB689328BAE8A7C
:1052F8002A89829797070020938787CA9843BE8494
:105308000144B146C147B30BD402330677011042BA
:1053180051EAC165938505F0414597D0FF1FE780A5
:10532800A0BB1DE5970700209387C7C39C5B2D454D
:1053380089C71145814582972D45B2502254925410
:105348000259F249624AD24A424BB24B45618280C5
:10535800970700209387C7C0984329E39707002041
:1053680023A0A7C0230005009C40054733178700EA
:1053780023260500232465012311E5002322450186
:10538800DE9723A0270123A2570123A44701014543
:10539800E38509FA238089004DB73E875C47F5FF0E
:1053A80048C7C9B70504E310F4F6214579B709459C
:1053B80082809707002083C777B56371F5021707C6
:1053C80000201307A7B99317150008433E95835784
:1053D8000500DD8D2310B500014582800D458280D2
:1053E8009707002083C797B26373F5021707002059
:1053F8001307C7B693171500084393C5F5FF3E95E5
:1054080083570500FD8D2310B500014582800D45A9
:105418008280130705FF1377F70FFD4763E9E70A53
:10542800B146B306D50297070020938767B798431C
:1054380089473697184349CF011122CC4EC60544F7
:10544800935945003D893315A40013140501418083
:1054580026CA4E85AE84A2854AC806CEC5392A8991
:10546800814731CDA2854E85A53F970700209387B8
:10547800A7AE9C4382979707002083D767B33387EB
:1054880097022A84814613060064B3B7970213056E
:105498000732B335E500BE95EFE0D10FB3078500BD
:1054A80097060020938646B03E87D44263E4A7005F
:1054B80063E4D7003387D7402324E9008147F240CB
:1054C8006244D2444249B2493E8505618280894797
:1054D8003E858280011126CA06CE22CC4AC84EC615
:1054E800BD47894463EFA70231473307E5029707B1
:1054F80000209387E7AA9C438944BA979C4395C3A5
:1055080005443314A400420441802E890145A28534
:105518003539AA89814411C5A2850145D13523A40D
:105528002901F240624426854249D244B2490561C4
:1055380082809707002083C7779D6364F500014543
:105548008280011197070020938707A156C283AA7A
:10555800070006CE22CC26CA4AC84EC652C4638E5D
:105568000A0A170A0020130A2AA483244A00B74704
:1055780036FE938707C8AE899705002083D545A3D3
:10558800BE94B387C5022A8432898146B3B5C50261
:1055980013850732B337F50013060064BE95EFE0B4
:1055A800617F63ECA406829A9705002083D545A005
:1055B800B3872503AA84130600648146B3B525037F
:1055C80013850732B337F500BE95EFE0A17CB3072A
:1055D8009500BE8403274A0063E4A70063E4E7005C
:1055E800B384E740CE852285EFF05FB601C504C5D8
:1055F80005452DA0936504F0C205C181414597D0AA
:10560800FF1FE780608D05E5970700209387879542
:105618009C5B81C7A285114582970145F24062448F
:10562800D2444249B249224A924A05618280970788
:1056380000209387E7929C439DE39707002023A1CE
:10564800A79285472326050004C5231135012300A9
:105658008500A300F5002322050059BFBA87D84763
:1056680075FFC8C7F9BF59C9797122D426D24AD063
:105678004ECE52CC56CA5EC662C466C206D65AC858
:105688003689328AAE89AA844144314C970A00206F
:10569800938A0A91854C930B0003330B840303A769
:1056A8000A005A971C43B1E79375F400B395BC0000
:1056B80013554440C2055286C1811375F50F953DB7
:1056C8000DC983A70A000145DA9784C323A23701CD
:1056D8006304090023008900B250225492540259ED
:1056E800F249624AD24A424BB24B224C924C456133
:1056F80082800504E31374FB2145F9BF09458280C4
:10570800411122C426C24AC006C62A842E89B28400
:105718000D35CA852285EFF07FA305CD97050020BA
:1057280083D50589B38795022A84130600648146C8
:10573800B3B5950213850732B337F500BE95EFE090
:10574800616548C00145B240224492440249410182
:1057580082802145CDBF411122C426C24AC006C657
:105768002A892E84EFF09F9EAA8419C1231105006F
:10577800A2854A85B53197F7FF1F83C72779639BB1
:10578800270197F7FF1F83D7E77C5D8C97F7FF1FEB
:105798002392877C014591E01945B2402244924406
:1057A8000249410182809307F00263E8A70441118E
:1057B800B14722C43304F50226C297F4FF1F93842D
:1057C800247E9C4006C6A297984389470DC39377C9
:1057D800F5008545B395F500C205C1811181A53F46
:1057E8009C40A29723A0070023A207008147B2404C
:1057F800224492443E854101828089473E858280C9
:10580800411106C622C4EFF07F9411E50145B2406C
:1058180022444101828097F7FF1F9387E7739C43D7
:105828000045829797F7FF1F938707786368A4025C
:10583800D843B74636FE938606C83305A440369744
:10584800E376E5FC13070064B335E50203D6870069
:1058580081463305E502EFE0E15355BFD8433A945A
:10586800C1BF411122C426C217F4FF1F1304C47319
:1058780097F4FF1F938484699448584097F7FF1F53
:105888009387876D06C69C436393E60882975440C6
:10589800B74736FE938707C8B6973387A7003A8578
:1058A8006364F7006364D7003305D740970400208A
:1058B800938484889C4C81CF970700209387C78E58
:1058C80094433707CDFF7D179C46F98F9CC611E19D
:1058D800484097F7FF1F9387E768DC53829719E5DD
:1058E8009C4C8DC3EF001101EFF0F0639C4C99CBF9
:1058F800970700209387478B9843B70633001C47C8
:10590800D58F1CC7B24022449244410182808297BD
:10591800984897F7FF1F83C7376654401D8FB30712
:10592800A7003E8563E4E700E3E2D7F83385D74074
:10593800B5BF411106C697F7FF1F23A5A7660295B5
:10594800B24097F7FF1F23AFA75C01454101828052
:10595800994763E9B7008A0597F7FF1F9387C75DE3
:10596800BE9588C1828041117146814517F5FF1F98
:105978001305855C06C697F7FF1F23A3075E97F7F5
:10598800FF1F23A1076297F7FF1F23A7075C97B0A4
:10599800FF1FE780E07913068002814517F5FF1F96
:1059A8001305C55697B0FF1FE7808078EF60E14484
:1059B80097F7FF1F83C7775C13D527008D8B3E951C
:1059C8008D473305F502854539051375F50F97F7AA
:1059D800FF1F238EA75299473305F50213050524A7
:1059E80097C0FF1FE780404F17F7FF1F232AA75ACA
:1059F80059CD994717F6FF1F034666513306F6023D
:105A080081451306062497B0FF1FE780607297F759
:105A1800FF1F9387E7589C439387072417F7FF1FB7
:105A2800232AF75017F7FF1F0347674E0A07BA974D
:105A380017F7FF1F2324F752EFF0AFF0052397F76E
:105A4800FF1F9387274F944397F7FF1F83C7174C70
:105A580013972700369717F6FFFF1306A67110C392
:105A6800138717001377F70F0A07369717F6FFFF04
:105A78001306A67810C313873700890793F7F70F23
:105A88008A0797F5FF1FA383E548B69790C3B240EE
:105A98004101828097F7FF1F83C7574717F7FF1FFA
:105AA8000347E74663F3E70217F7FF1F1307874823
:105AB80018439386170017F6FF1FA309D644939639
:105AC8002700369708C33E8582809307F00FE5BF0D
:105AD8001C41638A071641777D8FB70600208947E6
:105AE8006314D7160357450063000716411122C4F3
:105AF80019462A849305F00F690506C697B0FF1F5B
:105B0800E780206D05478D47630AE5121C4481CB69
:105B18005858994763040712185C63010712130663
:105B2800C003814517F5FF1F1305C54397B0FF1F35
:105B3800E78000601306C003A28517F5FF1F130551
:105B4800654297B0FF1FE780205B17F7FF1F0357D9
:105B5800274297F7FF1F9387E74019E713070010BD
:105B680097F6FF1F2396E64017F7FF1F0347674086
:105B780011E7054797F6FF1F238DE63E17F7FF1F2E
:105B88000357473F11E76D4797F6FF1F2394E63EFB
:105B980017F7FF1F0347F73D11E7154797F6FF1F54
:105BA800A389E63C17F7FF1F0347E73C11E70547C2
:105BB80097F6FF1F2381E63C17F7FF1F0347B73B04
:105BC80019E703C7F70097F6FF1FA386E63A17F70A
:105BD800FF1F0347673A11E7354797F6FF1F238DE5
:105BE800E63817F7FF1F0347773919E713078002CD
:105BF80097F6FF1FA384E63817F7FF1F0347D73729
:105C080019E71307D00297F6FF1FA387E636034765
:105C1800840119E71307C00397F6FF1F2380E636B0
:105C28009C5791C7829797F7FF1F2395A72EFD577B
:105C380017F7FF1FA30CF75C3D338147B24022449E
:105C48003E854101828089473E85828001114EC68A
:105C580097F9FF1F9389493583A7090006CE22CCFF
:105C680026CA4AC852C4829713090064B33525036B
:105C780003DA89008146528633052503EFE0811156
:105C880097F7FF1F93878728804FAA8401456306EB
:105C9800940233858440636E940003A549005286BC
:105CA8008146B335A9023305A902EFE0A10E018DA3
:105CB800269597F7FF1F23A79726F2406244D24400
:105CC8004249B249224A05618280011122CC0A85E3
:105CD8002E844146970502009385854E06CEEFF047
:105CE8008117180806043A94035504FF97F7FF1F15
:105CF80083D7272CF2406244AA9737450F00130533
:105D080005243355F5020561828097F7FF1F83D775
:105D1800472A51471D45637CF7027947194563783F
:105D2800F7021307200315456373F7021307B0043E
:105D38001145637EF700130740060D456379F700A8
:105D48001307600909456374F70013B5B70F82801C
:105D5800011122CC06CE2A842EC6EFF0CFD1B2454F
:105D6800F240818D33A5A502229562441375F50F83
:105D780005618280011122CC06CE2A842EC6EFF05E
:105D88008FCFB245F240818D33A5A502229562449A
:105D98004205418105618280011122CC06CE2A8408
:105DA8002EC6EFF04FCDB245F240818D33B5A50236
:105DB800229562440561828097F7FF1F9387871AAF
:105DC800985739CB411122C426C206C6BE84029711
:105DD80017F7FF1F035707142A8415CBBA87637375
:105DE800A700AA87C207C183BA866373E400A286A4
:105DF800C206C182958F5147635BF700DC5491C39B
:105E08008297EF00A11897F7FF1F23958710B240DC
:105E18002244924441018280828097F7FF1F938732
:105E28006714DC57011106CEAA8581C72AC6829756
:105E3800B245C1C59C410545B5CFDC41A5CF83D747
:105E48008500ADCB83D7A500B5C783C7C500BDE323
:105E5800414617F5FF1F1305251597B0FF1FE7806B
:105E6800A02997F7FF1F938727149C4317F7FF1F55
:105E78002324F70E97F7FF1F83C757108DE7930763
:105E8800800217F5FF1F0355A5123305F5023746A3
:105E98000F001306062481468145EFD0B16F97F7AE
:105EA800FF1FA38DA70C17050000130565DAEFF097
:105EB8005FA80145F2400561828097F7FF1F83C7FD
:105EC800C70B1397870161876350070497F7FF1F74
:105ED80023AC070497B7FF1F9387076517F7FF1FC2
:105EE8002324F70CFD5717F7FF1F2321F70CB7875B
:105EF8003200938727A117F7FF1F232BF70A97F77D
:105F0800FF1F2389070AB1BF13F7170005CBB7870F
:105F18002003938707D017F7FF1F232BF708B7072E
:105F2800C0A817F7FF1F2323F70897B7FF1F93870A
:105F3800C76217F7FF1F2329F706D1B7617797F6CE
:105F4800FF1F2397E60681CB9307003217F7FF1F41
:105F58002311F706E9B793072003CDBF011122CC1F
:105F680017F4FF1F13040400084406CE26CA4AC8C3
:105F780001E90545F2406244D24442490561828004
:105F88005C58E5DB185C75D7700085458297184426
:105F9800B247E300F7FE9305E00417F5FF1F03552A
:105FA80025FD97C0FF1FE78020F317F7FF1F232F5A
:105FB800A7F661D117F6FF1F035686FB9305F00F6E
:105FC80097B0FF1FE780C016814417F9FF1F130918
:105FD800E9F397F7FF1F83C7C7F90326090263C1CF
:105FE800F402328597C0FF1FE78020FC014597F730
:105FF800FF1F23AD07F297F7FF1F23AB07F29DBFE3
:1060080097F5FF1F83D5C5F6B38795020844185C3A
:10601800898185043E9508C2029765BF011156C261
:1060280097FAFF1F938A0AF483A78A0022CC4AC8EA
:106038004EC606CE26CA52C45AC0AA892E843289B0
:106048006385072203A74A03630707147D4763662E
:10605800A71497F4FF1F938464EB03AA0402631741
:106068000A0A9565938515E017F5FF1F035545F056
:1060780097C0FF1FE78040E697F7FF1F23A8A7EA0E
:106088002A86630A051083A74A0303A58A0097F5A1
:10609800FF1F83D5E5ED8981829783A78A0003AA2C
:1060A800040217F7FF1F2325F7E88947639CF908BF
:1060B800C1476312F40E97F5FF1F83D565EB9385EF
:1060C80005FC9147B3C5F5028A05D29503C70500BB
:1060D8009307A005631DF70A83C715006399370B5B
:1060E8004A852286910597B0FF1FE780E0009C5003
:1060F8005285639347150145F2406244D2444249B0
:10610800B249224A924A024B05618280D850E38EF6
:10611800E7F89565938525E017F5FF1F035545E5D5
:1061280097C0FF1FE78040DB2A8A35C52A8683A7E8
:106138004A0303A58A0097F5FF1F83D565E3898184
:106148008297A5B78D47639DF900C1476315F4048D
:1061580097F5FF1F83D5C5E1938545FDF199B5B73F
:106168009147639AF9006318340397F5FF1F83D5A5
:1061780025E0A115E5B7C147639FF900A14763EC86
:10618800870097F5FF1F83D5A5DEC115C1BF9C50B9
:1061980052856397470D294585B71307F006568B37
:1061A8006361A70A130A05FE1947334AEA0217F77B
:1061B800FF1F0357E7DB97FAFF1F938A2AD5330A95
:1061C800EA023E9A83A74A026395470183A40A021A
:1061D8009DE49305E00417F5FF1F035565D997C0A3
:1061E800FF1FE78060CFAA845DD583274B0397F50F
:1061F800FF1F83D5E5D72A868981528582979145E5
:106208001307A005898193972500A69783C60700E1
:106218006393E60483C61700639C360385058A05E5
:106228002286A6954A8597B0FF1FE780E0EC83A7F2
:106238000A02E38297EC268597C0FF1FE780E0D625
:106248005DBD1307E007E368A7F4130A05F985B7EE
:1062580083D5270045BF83A70A02E38E97F22685D8
:1062680097C0FF1FE78060D43DB797F7FF1F93875C
:10627800E7C98C538DD191479306A005898313975D
:1062880027002E9703460700E317D6F003461700AA
:10629800631C360185078A072286BE954A8597B012
:1062A800FF1FE78060E581BD83572700C1BF97F7CF
:1062B800FF1F938727CB984739C79C5FA9C7054716
:1062C8006313E504411122C417F4FF1F130404C427
:1062D800105006C60DC6485097F5FF1F83D545C90F
:1062E80089818297085097C0FF1FE78000CC97F7F5
:1062F800FF1F23AD07C297F7FF1F23AB07C2B240AA
:106308002244410182808280011117F7FF1F130781
:1063180067C54EC68329870022CC26CA4AC806CE3E
:1063280052C456C2AA842E843289638A09201C5F0B
:10633800BA8A99EB2945F2406244D2444249B249AB
:10634800224A924A056182805C5BEDD7FD4763E98A
:10635800A70E97F9FF1F938969BB83A70902B1CBE1
:1063680003A58A0083A749026395A7068947639313
:10637800F408C147E310F4FC17F5FF1F035545BFA8
:106388009147130505FC3345F5029317250003A52E
:1063980009022286CA853E959307A0052300F500C9
:1063A800A3009500110597B0FF1FE780E0D40145D1
:1063B80059B79305E00417F5FF1F035565BB97C050
:1063C800FF1FE78060B197F7FF1F23A1A7B649F920
:1063D80095B783A74A0303A6090297F5FF1F83D53C
:1063E80025B98981829783A78A0017F7FF1F232180
:1063F800F7B4ADBF8D47639EF400C147E31CF4F2C8
:1064080017F5FF1F0355C5B6130545FD9377C5FF5F
:10641800BDBF9147639AF400E31E94F017F5FF1F80
:10642800035505B52115DDB7C147E395F4F0A1473C
:10643800E3E287F017F5FF1F035585B34115F9B758
:106448009307F00663EAA706930705FE1947B3C743
:10645800E70217F7FF1F0357A7B117FAFF1F130A21
:10646800EAAAB387E702BE9983270A02A9CF83273E
:106478004A02639A370703250A0291461308A005C2
:10648800FD5593D72600C207C183139727002A9783
:1064980003460700631D06078348170003562700B5
:1064A80063959806B306D64063CF860485078A07A6
:1064B8002286CA853E95C5BD9307E007E3ECA7E6AB
:1064C800930705F979B79305E00417F5FF1F0355FE
:1064D80025AA97C0FF1FE78020A097F7FF1F23A7D3
:1064E800A7A451F581BD83A74A0303260A0297F59D
:1064F800FF1F83D5E5A789814E85829797F7FF1FF0
:1065080023A837A38DBFA300B700B2869DBFB3856C
:10651800860017F6FF1F0356A6A59105130606FC6D
:10652800E3FAC5E0130634001376C60F1106B296D7
:1065380023000701A30097002311D70085BF97F711
:10654800FF1F9387A79C9453BE89A1C203A5090284
:1065580091461308A005FD5593D72600C207C183AD
:10656800139727002A9703460700631606058348F2
:1065780017000356270063989800B306D640E3D760
:1065880086F2A300B700B286C1BF8357C70017F5CC
:10659800FF1F0345059E9305E0043305F5024205F8
:1065A800418197C0FF1FE780209397F7FF1F23AF14
:1065B800A79649FD41B317F6FF1F0356669B97F54B
:1065C800FF1F83C5059BB385C50233868600110668
:1065D800E3E2C5D681BF0145828083C70500230059
:1065E800F50083D72500A300F50083D72500A183F4
:1065F8002301F50083C74500A301F50011458280FA
:1066080023AE018823AC0188828029C1411126C2AA
:1066180006C622C4AA8401458DC52E84228541461A
:10662800970502009385051D97B0FF1FE780C0AC52
:1066380083C7040005452306F40083C71400A30696
:10664800F400B24022449244410182800145828094
:10665800011122CC26CA06CE0947AA843284638156
:10666800E50441468147639BC500638FE600639755
:10667800B6000DA841478147638EE600F2406244A8
:10668800D2443E85056182808A852285BD3F414688
:106698008A8519A88A85953F41468A85228531A031
:1066A800E39AB6FC2E86A285268597B0FF1FE78061
:1066B800A0ADAA87E1B723AEA1888280011122CCC0
:1066C8000354650006CE26CA4AC84EC641C083296F
:1066D8008500AE842A8803C90900814713178901F8
:1066E800618763550702B147054563FA870451146A
:1066F800420403552800418033878900A2864E86CC
:106708008545EF90501DB337A00085077D141355BC
:106718006900420405891379F90341802380F40054
:10672800A380A4002381240123928400014719C077
:106738001387190098C409476383E7000145F240AD
:106748006244D2444249B249056182800545C5BFC9
:10675800C167F917630AF502D94763F7B702011150
:1067680022CC2EC606CE2A84EF60706AB2456368D2
:10677800B50022856244F24005616F807008F240DE
:10678800624405450561828005458280C167F91725
:106798006314F5006F60B067411106C6EF8000759D
:1067A80011E15D45B2404101828039714ED656D221
:1067B8005AD006DE22DC26DA4AD852D4AA8A2E8B90
:1067C800B28941EF36C6D9379145EF60D074AA84B3
:1067D8004D492DC9B246054A238034010544630A50
:1067E8000B00B68513851400029B050513140501DB
:1067F8004180E20993D9894163D30902C14556858D
:10680800EF80007D654905E933868400A2852685E9
:10681800EF90A05D2A8905E1310442044180914747
:106828002C085685231CF10026CE231D8100EF80FD
:1068380020032A8901C963070A00268597B0FF1F2C
:10684800E780A076F25062544A85D2544259B25930
:10685800225A925A025B21618280BA84014AADBFF2
:10686800011122CC26CA4AC84EC606CE2A893284CD
:10687800B689253FAA8405E19387C1899C4381CFC6
:1068880005476317E40003C4090005041374F40FF3
:10689800A2854A858297F240624426854249D244BD
:1068A800B24905618280AE8601470546970500001A
:1068B8009385E5D275B7011106CE2EC6EF80005F2D
:1068C80001C9B245F2400355250005616FC0807AC1
:1068D800F240494505618280A384018C2384018CA0
:1068E80023A8018A23AA018A23AC018A23AE018A3C
:1068F80023A6018A23A4018A97E7FF1F9387C76D00
:10690800930640382391D702F1761307400B9386FC
:1069180006B82391E7002392D70211679D46130614
:1069280000059305000A1305007D2392E7002393D1
:10693800D70241478546130810F82395E7002396A8
:10694800E7002399E700239AE700239BE700239CAD
:10695800E7002394E7022396070323900700239375
:10696800B7002394B7002397C7002398C700239D37
:10697800A700239E0700239F070023900702239563
:10698800D702239707021308F007239807022392D8
:10699800E7042393E704239FE7042390E706239162
:1069A800E7062392E706239907031307C01C239AD7
:1069B800D702239BD702239C0702239D0702239E0D
:1069C8000702239F0702239007042391D7042394E7
:1069D8000704239507042396D7042397C70423980D
:1069E800C7042399A704239A0704239B0704239C1D
:1069F8000704239DC704239EC7042393A706239453
:106A0800070623950706239607062397B7062398B4
:106A1800B70623990706239AE7065147239DE706F9
:106A28007D57239B0706239C0706239ED706239F93
:106A3800070623900708239107082392E708828016
:106A4800011126CAAA84214522CC06CE2E8432C63C
:106A580036C43AC2EFE08FDD1DC9A246124732465E
:106A6800930700FD2300F5009947A3009500230133
:106A7800F5002303D500A303E5002312C500AA856A
:106A880022856244F240D24405616FE08FE5F2400E
:106A98006244D2440561828023A8A18A828023AA05
:106AA800A18A828023ACA18A828023AEA18A8280B7
:106AB800011122CC4AC806CE26CA2A890144B30449
:106AC80089006368B400F2406244D24442490561D7
:106AD80082802EC6EFE02FFA93170501C183A183A8
:106AE800B2452380F4009307140093F7F70F850449
:106AF80063F9B700CA9709042380A7001374F40F39
:106B08007DBF3E847DBFC16717E5FF1F0355254B39
:106B1800FD176304F502411117E6FF1F0346C65F20
:106B28009385018C06C6EF806016B240FD5717E7C3
:106B3800FF1F2316F74841018280828009C9251565
:106B48001375F50F1335850E134515008280014521
:106B5800828023900500C9C6797122D426D24ECEF0
:106B680052CC5AC806D64AD056CA5EC63684328A2D
:106B7800AE892A8B814463F34407B307940083C723
:106B88000700138914004209939A070193DA0A014E
:106B98001359090163840A04CA976341FA04B307C5
:106BA800240183CB07005E85513F0DC99387FAFF07
:106BB8002390F90063906B03130519002295B250D6
:106BC800225492540259F249624AD24A424BB24B79
:106BD80045618280D694C204C18071BF0145C5B7A2
:106BE80001458280411126C2AE8422C497E7FF1F67
:106BF80023AEC73C97E7FF1F23A8B73C97E7FF1FC3
:106C080023A2A73C2A8441469305F00F26854AC053
:106C180006C6054997A0FF1FE780A05B63102505FE
:106C280097E7FF1F93874739884BC1455135414640
:106C38009305F00F228597A0FF1FE78080598544B0
:106C480063189502224497E7FF1F9387E736B240FF
:106C580092440249C847C145410199BD4146814511
:106C6800268597A0FF1FE780C056E31225FD4DBF7C
:106C780041468145228597A0FF1FE7808055E303A1
:106C880095FCB2402244924402494101828041115C
:106C980022C426C22E84AA8413060002814517E561
:106CA800FF1F1305653106C697A0FF1FE780404800
:106CB80097E7FF1FA383973097E7FF1F2380874637
:106CC800EFC0403D854719C181474945B24022443C
:106CD80017E7FF1F2302F72E924441018280814764
:106CE80081CD19C98547631BF50083C7550093E714
:106CF80007FCA382F50085473E8582808947631794
:106D0800F50083C7550093F7F703E5B70D478547A7
:106D1800E314E5FE03C755001377F7031367070469
:106D2800A382E500D1BF81478DC105C103C75500C6
:106D38009306000C85471377070C6308D700930662
:106D480000048D476303D70089473E85828041113F
:106D580022C4005D06C626C21DC8AA84085009C5FB
:106D680097B0FF1FE7806024485009C597B0FF1F00
:106D7800E780A023085409C597B0FF1FE780E022E9
:106D8800228597B0FF1FE780402223AC0402B2405F
:106D9800224492444101828009ED97E7FF1F83C78F
:106DA800C72117E5FF1F1305A52281CB1385018A8B
:106DB800828017E5FF1F1305A521828017E5FF1FB5
:106DC8000345A51F828097E7FF1F9387E71EC847E3
:106DD800828097E7FF1F9387271E884B828097E75B
:106DE800FF1F9387671DDC4B8843828097E7FF1F4F
:106DF8009387871CD84B1C4385071CC317E5FF1FC7
:106E08000345B51B9307F00F6305F50091656FE027
:106E18004FDA8280011122CC06CE2E8432C6EF8052
:106E2800A0199147B245631FF5009387C18B9C4316
:106E38008DC303A30700630E030022856244F2405A
:106E4800056102839387418B9C4381C703A3470055
:106E5800DDB7F2406244054505618280011122CC0C
:106E68002A840355450006CE26CA4AC84EC6EF7086
:106E7800D07235C52A89834405008349C500C13DC0
:106E88004A85EF80E05203554400EF80200E83C707
:106E9800818CB1CB6399970483C5918C2685EFF0DB
:106EA8009FA119E12384018C03554400EF80C01091
:106EB8009147631FF5000357440097E7FF1F83D7E7
:106EC80007106317F700FD5717E7FF1F2319F70E81
:106ED800F2406244D2444249B24905618280814904
:106EE8009304F00F6DB79307F00FE38FF4FA83461E
:106EF800640003564400034524004E87A685EFF03E
:106F08003FB45DB779715EC6AA8B2E8552CC56CA3E
:106F18005AC806D622D426D24AD04ECEAE8A328B52
:106F2800368AEF7090677DC1045D2A89E5C09C5060
:106F3800614599C3130540039C5481C75105420517
:106F4800418163050A00710542054181DC5081C712
:106F58005D0542054181EFE06F8D2A8445C9614690
:106F6800814597A0FF1FE780A01C97E9FF1F83C9F1
:106F7800A9096394090083490900930700FD2300C8
:106F8800F400A947A30074012301F400230364015A
:106F98008C50231254011305840191C908C4714609
:106FA800930A440397A0FF1FE780001556858C5469
:106FB80091C948C45146930A450197A0FF1FE7802D
:106FC800A0135685630C0A0008C87146D285930A37
:106FD800C50197A0FF1FE78020125685CC5099C5A0
:106FE80048C85D4697A0FF1FE7800011A2854E851F
:106FF800EFE02F8F2254B2509254F249624AD24A9B
:10700800424BB24B4A850259456191B3B250225462
:1070180092540259F249624AD24A424BB24B4561F4
:10702800828001114EC6AA892E854AC806CE22CC76
:1070380026CA2E89EF70705621C997E4FF1F83C4B2
:10704800A4FC99E0834405001945EFD03FFE2A844B
:1070580005CD8145194697A0FF1FE780600D93076E
:1070680000FD2300F400B947A30034012301F40014
:1070780023122401A2856244F2404249B24926857E
:10708800D24405616FE0EF85F2406244D244424940
:10709800B2490561828039715ECEAA8B2E8526DAC7
:1070A8004ED652D456D25AD006DE22DC4AD8AE8406
:1070B800328BB68A3A8ABE8942C6EF70104E21CD0D
:1070C8002A894145EFD09FF62A8431C5414681453A
:1070D80097A0FF1FE780C00517E5FF1F0345C5F20E
:1070E80019E103450900930700FD2300F400BD479B
:1070F8002301F400B247A30074012312940023046F
:107108006401A304540123054401A30534015CC4AC
:10711800A285EFD01FFDF2506254D2544259B259A1
:10712800225A925A025BF24B21618280797126D2EF
:10713800AA8439454AD04ECE06D622D42EC6B28964
:107148003689EFD0BFEE21C1B2459307000D231059
:10715800F500B1472A842312B5002301F500CE8536
:107168001905194697A0FF1FE78000F92306240197
:10717800A2852254B2500259F24913F5F40F9254E1
:1071880045616FD01FF6B250225492540259F24909
:107198004561828017E7FF1F034737E29307F00F27
:1071A800630DF706411126C2AA84394522C406C6D2
:1071B8004AC0EFD0BFE72A8439C9930700FD2300EE
:1071C800F500A30095002301050097E5FF1F9385AF
:1071D80025E00D05194697A0FF1FE780E0F117E9A4
:1071E800FF1F130969DD83578900A28517E5FF1F73
:1071F8000345B5DC2315F400834719002306F40082
:107208002244B2409244024941016FD09FEDB240FE
:1072180022449244024941018280828001115AC06D
:107228002A8B314526CA4EC652C456C206CE22CC37
:107238004AC8AE84B28A368ABA89EFD03FDF35CDE4
:107248002A842685EF70703511C50347C500A1470C
:107258006314F70417E9FF1F034939D6930700FDA4
:107268002300F4009D47A30064012301F4002312C6
:107278009400231354012314440123153401A285D7
:107288006244F240D244B249224A924A024B4A85A9
:10729800424905616FD0FFE417E9FF1F034919E868
:1072A800E31E0BFA938741969C439C47C5DBCE8629
:1072B8005286D6852685829755B7F2406244D244D5
:1072C8004249B249224A924A024B05618280011121
:1072D80022CC2A84214506CE2EC6EFD03FD521C127
:1072E800B245930700FD2300F500C5472301F500CB
:1072F80083C73500A301F50083D745002312F500A5
:1073080083C765002303F50083C77500AA85A30317
:10731800F50022856244F24005616FD09FDCF2409F
:10732800624405618280397162CC2A8C594526DA1B
:107338004AD84ED652D456D25AD05ECE06DE22DC79
:10734800AE8432C636C4BA8B3E8BC28A468A83590B
:10735800010403494104EFD07FCD25C93246930784
:1073680000FDA2462300F5009547A301C500A30030
:1073780085012301F5002A8419461105A9C2B6859D
:1073880097A0FF1FE78040D723066401230A240142
:1073980023157401231754012318440123193401B8
:1073A800A2856254F2504259B259225A925A025B4B
:1073B800F24B624C2685D25421616FD09FD2814511
:1073C80097A0FF1FE780C0D6C1B7F2506254D254CD
:1073D8004259B259225A925A025BF24B624C2161CD
:1073E800828097E7FF1F83C747BD8DCB4111AA85D0
:1073F80019461385018A06C697A0FF1FE780C0CFEC
:107408009385018A17E5FF1F034525BBEFF03F8DE4
:10741800B2401385018A41016FB05048014582800E
:1074280017E7FF1F034777B99307F00F6305F708BE
:10743800411126C2AA84294522C406C6EFD01FBF1F
:107448002A8429C1930700FD2300F500A1472301E1
:10745800F500A300950097E7FF1F9387E7B583C75B
:1074680027009385018A1105A30FF5FE194697A0F9
:10747800FF1FE78060C8A28517E5FF1F0345F5B326
:10748800EFD03FC617E7FF1F034727B38D47631F9A
:10749800F7009387818B9C4391CB03A387006307F5
:1074A80003002244B240924441010283B240224484
:1074B80092444101828017E7FF1F034707B08D47B9
:1074C800631AF7009387818B9C4389C703A38700BE
:1074D800E31D03FC8280797122D406D626D24AD0D5
:1074E8004ECE52CC094455CD2A89035505002E8A23
:1074F8005144EF70900AAA844DC597E7FF1F83C7D0
:10750800E7C1FD1793F7F70F05474944637BF70871
:107518000347C500A1476314F70063140A089C5C7D
:107528004544C1E39165938545711305C00297B041
:10753800FF1FE780609A88DCAA894D443DC1130685
:10754800C002814597A0FF1FE78080BE83570900CE
:107558009386490036852391F900714693054900C1
:1075680036C697A0FF1FE78020B989472380F90016
:1075780003C5C400B24603560900611597E5FF1F0D
:1075880083C585B913351500EF80D0282A84630692
:107598000A00D2852685EF80801101C42685EFF088
:1075A8000FFB2285B250225492540259F249624A82
:1075B8004561828097E7FF1F83C747B6FD1793F79A
:1075C800F70F0547637AF708894741CA011122CCAA
:1075D80026CA4AC84EC652C406CEAA89368AB2847A
:1075E8002E89EF70807B2A84D14739C9485509C54F
:1075F80097B0FF1FE780609BF145268597A0FF1F86
:10760800E78060B548D4CD4705CD8346C4002147FF
:107618008147639FE600630D0A000347A5010356EF
:10762800050193062501AA854E85EF800010AA87DB
:1076380003474400630F0900136767002302E4004F
:10764800F2406244D2444249B249224A3E85056129
:10765800828013674700DDB7C9473E85828093075C
:10766800100463EBA70097E7FF1F9387E7960605CB
:107678003E9503550500828041657D158280011184
:1076880022CC2A842E8526CA06CEAE84EF70E070FE
:107698001DCDB7470F009387F723094563E4870299
:1076A80081450A85414697A0FF1FE78060A8A68507
:1076B800231081000A85418023018100A301010074
:1076C800EF801001F2406244D2440561828049454E
:1076D800D5BF97E7FF1F2382A7A482806F80B00DD4
:1076E800797152CC2A8A328522D426D24AD04ECEFB
:1076F80056CA5AC85EC606D662C4AE8BB28A368BE4
:10770800BA843E89C2894684EF70206915C92A8CDB
:1077180063140A0213774B008347450015CF93E79C
:1077280027012302FC008DEC631C0902639A0902FD
:1077380005E8ED9B2302FC00832B8C0363910B0867
:10774800B250225492540259F249624AD24A424BE8
:10775800B24B224C45618280F59B93E70701D1B774
:1077680093E747002302FC0001CC1C484146A28550
:107778002324FC0213058C0197A0FF1FE780C09704
:1077880063930B02D5D80325CC0209C597B0FF1F18
:10779800E780A081F145268597A0FF1FE780A09B81
:1077A8002326AC0251BFE30909F80325CC0209C519
:1077B80097A0FF1FE780607FF1454A85F1BF9DC410
:1077C80083A70B0299EB916593853571714597A055
:1077D800FF1FE780607023A0AB0203A50B0219C549
:1077E8007146A68597A0FF1FE7800091638809026C
:1077F80083A74B0299EB9165938525715D4597A009
:10780800FF1FE780606D23A2AB0203A54B0219C5D9
:107818005D46CE8597A0FF1FE780008E1DC483A715
:107828008B0299EB916593851571514597A0FF1FC0
:10783800E780806A23A4AB0203A58B0219C55146D1
:10784800A28597A0FF1FE780208B2254B250925444
:10785800F249B24B224CCA865A860259424BD68507
:107868005285D24A624A45616FF0CFE9011126CAB2
:1078780052C406CE22CC4AC84EC62A8AAE84EF70BD
:10788800C05125C5AA893945EFD04FFA2A8431CD90
:1078980017D9FF1F034949776314090003C9090071
:1078A8009307000D2310F400AD472301F4009385DE
:1078B800690013053400194697A0FF1FE780C083AD
:1078C80093F71400858085882306F400A3069400A6
:1078D80023154401A2856244F240D244B249224AA7
:1078E8004A85424905616FD0CFFFF2406244D244D5
:1078F8004249B249224A0561828001114EC652C4EA
:1079080056C206CE22CC26CA4AC8AA8A2E8AB2896C
:10791800EF70A0482DCD2A891305C002EFD00FF1D2
:107928002A8435C597D4FF1F83C4046E99E0834425
:1079380009009307000D2310F400E9472301F40020
:10794800930569001305340019469790FF1FE780D7
:10795800A07AD285231554011305C4004146979097
:10796800FF1FE7806079CE851305C40141469790D3
:10797800FF1FE7806078A2856244F2404249B2491D
:10798800224A924A2685D24405616FD08FF5F2408B
:107998006244D2444249B249224A924A05618280ED
:1079A8009387818A884301CD411106C697A0FF1F9E
:1079B800E780A05FB24023A4018A410182808280CF
:1079C800011106CE22CC26CA4AC82EC6EF70E03C6A
:1079D80039CDB24517D9FF1F03490963AA840CD5CD
:1079E80063140900034905004145EFD02FE42A84B8
:1079F8001DCD9307000D2310F500A5472301F500C1
:107A080083C75400938564001105A30FF5FE19463A
:107A18009790FF1FE780406E9C54A285F2405CC49B
:107A28006244D2444A85424905616FD08FEBF240E7
:107A38006244D2444249056182801D71A2CC86CE3F
:107A48002A842EC6EF70603505CD8346C5001147E0
:107A5800AA8749456392E6029C5FB24599C383C5EC
:107A680067012308B100979600009386865810088E
:107A780089452285EF70703AF64066442561828018
:107A88005145DDBF97D7FF1F83C74769FD1793F798
:107A9800F70F0547637AF704894721CA411122C4C1
:107AA80026C24AC006C6B2842E89EF70002F2A84E7
:107AB800D14705C5630809008347450093E72700B8
:107AC8002302F5004146A685130584019790FF1F00
:107AD800E78080629C481CD48147B240224492448B
:107AE80002493E8541018280C9473E85828079717D
:107AF80022D406D62A842EC6EF70202A01CDB2459C
:107B08002285230EB1006C08EF70F036B250225473
:107B1800456182805145DDBF6F70C03EC1671387E4
:107B2800E7FF6394E5029387418B9C4391EB4945BA
:107B380082804945B24022449244024941018280F0
:107B480003A30700E30503FE0283411122C426C2F2
:107B58004AC006C6FD172A892E84B2846395F502A9
:107B68009387418B9C4391CB9C4381CB829711E5B2
:107B78002384218DA384918C75BFA6854A85EFE067
:107B88009FD34DF9F5B72E85EF7020215DD183473E
:107B980005000D45E39027FB22852244B2400249A7
:107BA800A685924441016FB0E04C9307100463E24C
:107BB800A7064111C16722C406C626C2FD172A843A
:107BC80009456382F502C547AE846313F4022E8526
:107BD800EFB0405117D5FF1F1305054006042A943E
:107BE800231094000145B24022449244410182800E
:107BF8009307A0036316F4002E85EFB02048D9BF81
:107C08009307B003E318F4FC13F5F50FEFB0404702
:107C1800D1B709458280011106CE2AC6EFE0DFCB35
:107C2800EF20E010EF10C060EF303143324597D7B6
:107C3800FF1F93876738130700F02391E70023821B
:107C480007007D5797D7FF1F9387074D2381E700CC
:107C58002380A700F240954505616F50F0265971C1
:107C680093970501CAD086D6A2D4A6D2CECED2CCBE
:107C7800D6CADAC8DEC6E2C4E6C2EAC06EDEC1878A
:107C88002E8963D1075A17D5FF1F0345E548EFD062
:107C98004FBE8964416A856A797B2A84938BD400B4
:107CA8007D1AA50A130CABFF1DE021653345A90019
:107CB800B650265496540659F649664AD64A464B53
:107CC800B64B264C964C064DF25D65618280834723
:107CD80004001307200A639DE7000355240097D981
:107CE800FF1F83C9992D2286D285EFF0AF9259A242
:107CF8001307100997D9FF1F83C929426398E7180A
:107D08008347140015476390E7022285EFF00F952B
:107D18002285EFD0EFAE17D5FF1F0345E53FEFD023
:107D28004FB52A8451B73947639BE7180355440078
:107D3800631B55050C4483CC0500639D0C00850529
:107D480091C9194617D5FF1F130585289790FF1F5E
:107D5800E780803A17D7FF1F034707268547631731
:107D6800F712638A0C0097D7FF1F238707246685BD
:107D7800EFF04FC271BF894717D7FF1F230EF722B5
:107D8800EFB0803171B793872400631AF506832C0E
:107D98008400638D0C0E83C70C008DE383C72C0011
:107DA80003C71C00A207D98F17D7FF1F231AF72074
:107DB80083C73C0017D7FF1FA300F72017D7FF1F63
:107DC8000347871F89476313F70C83C70C0081CBD0
:107DD80097D7FF1F2382071E03C50C0051BF8D478D
:107DE80097D5FF1F83C5551D17D5FF1F0355451D83
:107DF80017D7FF1F2302F71CEF501010F1BF93870E
:107E080054006318F5001C4403C50700EFF04FE168
:107E180001B7B3078501C207C18311476372F7042D
:107E28009307ABFCAA97139707014183F14763F1C6
:107E3800E7029387B4006312F5049387018B9C4390
:107E4800E38807EC9C43A285E38407EC82971DA096
:107E5800B70700189387F770B3D7E700858BB9CBBE
:107E68009387818B9C43E38507EA9C43E38207EA77
:107E780022858297E31E05E811A89387C400631042
:107E8800F5021C4483C70700E38407E89307F00F53
:107E9800E380F9E8A2854E85EFD0AFA4ADBD938706
:107EA800E4006319F5009387418B9C43E38207E65E
:107EB800DC4351BF93871404E301F5F8C1BF3D4784
:107EC8006397E70403554400E30F75FD9387940116
:107ED800E30BF5FC93873401E31AF5FA97D7FF1FF4
:107EE80083D7E70D639E47019387418B9C43E381CA
:107EF80007E2DC43E38E07E0A28513853401B9B7B6
:107F08009387C18B9C43E38507E09C43E5B7130740
:107F1800E003E39DE7F68347240005476397E70EF0
:107F280083476400938D818AF1E383A70D00D5CB45
:107F380083CC0700A14903457400130D8400EA852A
:107F4800EFE07FDE83474401A303A40083580401C4
:107F58000358E400035744002A86034534003EC210
:107F680083572401EA86E6853EC0CE87EFF0AFBB93
:107F78008347340095E7DD47835804010358E4003C
:107F880083467400835544003EC2835724016A87A0
:107F980005463EC06685CE87EF700019A301A40090
:107FA80083A70D0081C71145EFF09F9F03C5818C02
:107FB800E30005D683C5918CEFE0FF8FE30A05D473
:107FC8008346340093071003638AF600035644007F
:107FD8004E8783C5818C3685EFE09FA62384018C6C
:107FE80005BB97DCFF1F83CC5CFDA9B79387818B0A
:107FF8009C4397DCFF1F83CC5CFC91498DDFDC43FD
:108008009DDB8145014582973DB729476391E70C80
:1080180083476400138D818AC1E783270D00A5CFAC
:1080280083CC0700A1490345740093068400937725
:108038002500D1C713761500930D44018347040228
:108048008358C4010358A40103574400034534006E
:108058003EC28357E401E6853EC0CE87EFF0AFAC61
:108068008347340095E7DD478358C4010358A401CA
:1080780083467400835544003EC28357E4016E87EB
:1080880005463EC06685CE87EF70000AA301A400AE
:1080980083270D0001BF97DCFF1F83CC1CF259B763
:1080A8009387818B9C4397DCFF1F83CC1CF19149FC
:1080B800BDDBDC43ADDB814501458297ADB7B685B5
:1080C80036CEEFE05FC6F2462A86B68D85BF0947F1
:1080D800639DE7009387018B9C43E38B07C2DC43D6
:1080E800E38807C22285829725B12D476399E70067
:1080F8009387018B9C43E38D07C09C47D5B70D47F9
:108108006397E70022868D4503554400F9BE194759
:108118006395E7069305610213051031EF30417C42
:108128002C1013052031EF30A17B035664008357D0
:1081380081020355440063E8C7008356840003574F
:10814800610263F7E60093050002EFA0B078C9B6B4
:108158006374E6002313E40063F4D7002314F400E7
:108168000357C4008356A400035684008355640053
:1081780001488147EFA0D07561BE1D47E388E7D06D
:1081880031476395E7002286B145BDBF35476399FE
:10819800E7009387018B9C43E38C07B6DC4789B7DC
:1081A80039476396E7002285EF00D00395B63D472F
:1081B8006399E7009387018B9C43E38B07B49C4B3F
:1081C80005B741476396E7002285EF00900C89B612
:1081D80045476396E7000145EF00701B15BE494708
:1081E800639EE7009387818B9C43E38107CADC4346
:1081F800E38E07C881450545829749B94D47639D78
:10820800E7009387818B9C43E38207C8DC43E38FB5
:1082180007C6A2850945CDB76147E399E7C6228617
:10822800E145DDB593F7150081CF9387018B9C431A
:1082380089C7DC4399C301458297134519008DBC52
:1082480093F7250089CF9387818B9C4391C7DC43A3
:1082580081C78145054582971345290091BC93F74D
:1082680045000145E38607A49387C18A9C4399CFBB
:10827800854717D7FF1F2303F7D49387818B9C4328
:1082880091C7DC4381C781450545829797D7FF1F72
:10829800938787D2C8472C10EF70F02F2810EFF083
:1082A8004F9497D7FF1F83D747D581CF1306006414
:1082B8003386C702914517D5FF1F0345E5E5EFD083
:1082C8004FA713454900EDB2011122CC2A84554528
:1082D80006CE26CAEFF0AFB8AA8413054002EFF025
:1082E8000FB82AC613055002EFF06FB7AA86228589
:1082F80062443246F240B3359000D24405616FA023
:10830800D064797122D406D68D472E84631FF50078
:1083180003D7A50083D6850003D66500034534003E
:1083280083D54500EFE09FEF09A889671387D70039
:108338006310E50403C5250019E58547B2502254AA
:108348003E85456182809387818A9443FDD603C622
:10835800360083C50600814802C202C00148814731
:1083680001479106EFE03FFC0545EFF06FE3F1B7F9
:108378001387E700E303E5FC13873701631AE50079
:1083880003C525005DD9014781460146814559BF8E
:10839800E507E304F5FAB1476319F50017D5FF1FA0
:1083A8000345B5C1EFE0BFF249BF41677D1781477B
:1083B800E316E5F803C75500C947E310F7F883D675
:1083C800E50003D6C5000355840083D5A500EFA0BA
:1083D800D05841C95D45EFF08FA83335A000231C64
:1083E800A10083454400035524003008EF60700B5A
:1083F80083578101B9F36C0813051031EF30414EF2
:108408009305E10113052031EF30814D8357C101F8
:10841800035784006374F7002314F4008357E101C1
:108428000357A40063F4E7002315F400835784007E
:108438000357A4006374F7002315F40003552400C0
:10844800EFA070560357E4008356C4000356A400F7
:10845800835584000355240001488147EFA0504507
:10846800E9BD8547231CF100ADBF17D7FF1F0347A0
:1084780017CB9307F00F6309F70859C5411122C4B8
:1084880026C206C6AA840345A5004105EFC01FBA47
:108498002A8435C59307000D2310F500D947230119
:1084A800F50083D744002312F50083C76400230333
:1084B800F50083C77400A303F50083C78400230471
:1084C800F50083C79400A304F50003C6A4002305A0
:1084D800C5001DC2CC44410548C49790FF1FE780E2
:1084E800A0C1A2852244B240924417D5FF1F03457C
:1084F80015C341016FC0FFBE23260500DDB7B2409A
:1085080022449244410182808280C1671387E7FF39
:10851800639DE5009387818A9C4395C383C70700C1
:108528000D47639CA7006FA0F037FD174947639676
:10853800F5009387818A9C43FDF73A8582804947F5
:10854800EDBF797122D406D626D24AD04ECE52CC6F
:1085580056CA5AC80347050085472A84630AF704A0
:1085680003468500930695009305E1000545EFE075
:108578004FDE814719C18347050083460400114730
:108588006380E6041387C18C18438D4603471700A0
:108598006308D70295C70DC719ED0145B25022549B
:1085A80092540259F249624AD24A424B456182804A
:1085B80081470145D9B785466318D7028D8BF1DF0E
:1085C80003451400130A2400D285EFE0CFF5A30079
:1085D800A4001389018D83270900AA8A814993047D
:1085E800F00F99EB05455DBF8946E318D7FA858BEF
:1085F800F9B7850993F9F90F83C7A18C63FDF902CF
:1086080003250900139B49005A9583470500E38217
:1086180097FE83471500E39E57FD1946D285090545
:108628009790FF1FE78040B669D583240900034768
:108638000400DA9485EC834604009147E38FF6F44E
:1086480083270900B9DB03C6A18C01479305F00F06
:10865800E305E6F4BE84C10703C507FF630EB50A48
:1086680005071377F70FEDB788C4F5A09147631A8C
:10867800F706C84405C5834784000346050063041C
:10868800F606034704009147631DF706C84419C559
:1086980097A0FF1FE780609123A60400034584008C
:1086A80091659385E571050597A0FF1FE780C08256
:1086B80005C5034704009147631EF704C8C48347F0
:1086C8008400930594000505A30FF5FE0346840076
:1086D8009790FF1FE78040A2034584003335A00030
:1086E80075BD884441BF9305940005059790FF1F09
:1086F800E78080A98547E316F5F85545EFE03FF692
:10870800BDA8884441DD97A0FF1FE780008A23A405
:10871800040069B788C465B72380D4008347140070
:10872800D28513852400A380F40019469790FF1F73
:10873800E780809C0345840091659385F571050564
:108748009790FF1FE780407905C5034704009147CC
:10875800E31CF7F0C8C4834784009305940005051B
:10876800A30FF5FE034684009790FF1FE780C0988B
:1087780083478400E39807E6034504007D15133515
:10878800150029BD797122D426D24ECE52CC06D6F8
:108798004AD056CA5AC82A849309250003451500A9
:1087A800CE859384C18CEFE00FD8A300A4009C4031
:1087B8000D472A8A83C71700639BE7001389018D39
:1087C80083270900814A63910718054535A0FDD71D
:1087D800144C034674019305E1000545EFE06FB7BB
:1087E8001DC9984085468347050003471700631F46
:1087F800D7008D8BE1F70145B250225492540259AB
:10880800F249624AD24A424B456182808946858B49
:10881800E316D7FAC5B78347040011476385E70015
:108828002D47E39AE7FC9384018D9C40E9D7814A60
:1088380001491DA88840139B4A00834704005A95A4
:10884800034705006311F70283471500639D47013D
:108858001946CE8509059790FF1FE780E09201C56C
:1088680003A904005A99850A93970A0103C7A18CA2
:10887800C183E3E1E7FCE31309F4B5BF93944A002D
:1088880026950347050083470400631EF70A8347BC
:108898001500639A470B1946CE8509059790FF1F67
:1088A800E780808E4DC1832709001147BE94834716
:1088B80004006385E7002D47639DE70203AAC4000F
:1088C8008347740103460A006308F60252859790AD
:1088D800FF1FE780806D0345740191659385E571FD
:1088E80005059790FF1FE780205F15E5E39F04ECDF
:1088F800ADA003AA8400E9B70C4C13051A009790A1
:10890800FF1FE78060888547E312F5FC5545EFE0D7
:108918001FD569DDCDB58347040011476385E7009E
:108928002D476390E702C8C4834774010505A30F68
:10893800F5FE034674010C4C9780FF1FE780C07B4F
:1089480075B788C4D5B7850A93970A0103C7A18C60
:10895800C18303250900E3E3E7F283C6A18C03275B
:10896800090081471306F00F11A8BA84410783450F
:1089780007FF638AC5008507C207C183E3E7D7FEFF
:10898800A9B588C499A083470400CE85138524001F
:108998002380F400834714001946A380F4009780CD
:1089A800FF1FE78060750345740191659385F57134
:1089B80005059790FF1FE7802052E30805E003476D
:1089C80004009147E31FF7FAC8C4834774010505FB
:1089D800A30FF5FE034674010C4C9780FF1FE78038
:1089E800A071E5B317C7FF1F034777739307F00F0D
:1089F8006300F70A51CD411126C2AA84514522C409
:108A080006C64AC0EFC08FE22A842DCD9307000D19
:108A18002310F500D5472301F50083C734001389D7
:108A28008400CA85A301F50083D744002312F5000A
:108A380083C764002303F50003C57400EFE0AFAEFD
:108A4800A303A400CA851305840019469780FF1F55
:108A5800E780806A83C7E400A28517C5FF1F034526
:108A6800156C2307F40083D704012318F40083C787
:108A780024012309F4002244B240924402494101EE
:108A88006FC02FE6B24022449244024941018280DD
:108A9800828017C7FF1F034797689307F00F630487
:108AA800F70431C1411122C42A84194506C6EFC012
:108AB800EFD7AA850DC59307000D2310F500DD47F4
:108AC8002301F500835744002244B2402312F500E5
:108AD80017C5FF1F0345B56441016FC08FE0B24061
:108AE8002244410182808280011122CC1384018DAD
:108AF8001C4006CE26CA4AC84EC652C499CF2E8AF2
:108B0800AA840149084063129902630C0A049790E9
:108B1800FF1FE780804923A8018CF2406244D244B9
:108B28004249B249224A0561828093194900B30734
:108B38003501884709C99790FF1FE78000471C4007
:108B4800CE9723A407001C40CE97C84709C9979021
:108B5800FF1FE78080451C40BE9923A60900050930
:108B680055B745DD1396440081459780FF1FE78080
:108B7800205C144081477D5613F7F70FE37F97F881
:108B88001397470036972300C7008507F5B70111EB
:108B980052C4138AC18C83270A0006CE22CC26CA67
:108BA8004AC84EC656C25AC0C9CF2A89014419EDCF
:108BB8009387018D944399CA03C6A18C2A8481475F
:108BC8009305F00F13F7F70F6367C7081315340001
:108BD8002105EFC0AFC5AA8401E92145EFC00FC543
:108BE800AA8421C501444D49930700FD2380F40060
:108BF8008547A38024012381F400A38184005DC4F8
:108C08001389840023A224018149938A018D130BBF
:108C1800F00F83C7A18C63F3F90031E883270A00BA
:108C2800A68503C50700EFC0CFCB814503C5A18C3E
:108C3800653D03250A009790FF1FE780003723A6AC
:108C4800018CF2406244D2444249B249224A924AD3
:108C5800024B056182801397470036970347070048
:108C68006305B70005041374F40F8507A1BF83A734
:108C78000A0093954900BE9583C70500638467037E
:108C88002300F90083C71500130529007D14A300EC
:108C9800F900194689051374F40F9780FF1FE780C0
:108CA800A0452109850993F9F90FA5B723A2040066
:108CB800B5B79387C18C9C43B1C7411122C406C67E
:108CC8002A841DE10945EFE09F992A8601C9854557
:108CD80017C5FF1F03454544EFC0BF850545EFF0A5
:108CE800AFDE2A84054519C8854517C5FF1F03450A
:108CF800A542EFC05FA62285593D0545B2402244F2
:108D0800410182800145828089679386B700631696
:108D1800D5009C4503C5070069BF9386C700631843
:108D2800D5009C45854603C5070019C9F5B7938644
:108D38001704E300D5FE938727048146E303F5FE75
:108D480036858280797106D622D426D24AD04ECE74
:108D580052CC56CA5AC85EC679C983473500AA8913
:108D680085C7404115C05945EFE07F8F931A8501AB
:108D780093DA8A410149138AC18C130B000DB54B54
:108D880083C73900636DF900B250225492540259D6
:108D9800F249624AD24A424BB24B4561828083070C
:108DA800840263CD570783270A00ADCB2285EFF0F5
:108DB8004FF92DC5034584005105EFC02FA7AA849C
:108DC80031CD23106501230175018347040019463D
:108DD80093052400A301F5008307840215052303E6
:108DE800F50083471400A30FF5FE9780FF1FE78067
:108DF800A030034684002386C4001DC613854401A1
:108E080088C8930594009780FF1FE780E02E83278A
:108E18000A00A68503C50700EFC0AFAC0509130417
:108E280094021379F90FA9BF23A80400CDB793873B
:108E3800C18C9C43B1DBEFF09FD52254B2509254C1
:108E48000259F249624AD24A424BB24B0145456146
:108E58006FF08FC7797106D622D426D24AD04ECE6B
:108E680052CC56CA5AC85EC671C183473500AA8912
:108E780085C7444195C05945EFE06FFE931A8501B7
:108E880093DA8A410149138AC18C130B00FDC14B47
:108E980083C73900636DF900B250225492540259C5
:108EA800F249624AD24A424BB24B4561828083877B
:108EB800F40063C8570783270A00A5C75145EFC0C8
:108EC800EF962A8439CD23006501A300050023010C
:108ED800750183C70400194693852400A301F50092
:108EE8008387F4001505A306F50083C71400A30FB4
:108EF800F5FE9780FF1FE780202083C784009385B5
:108F080094001305C400A305F40019469780FF1FB9
:108F1800E780801E83270A00A28503C50700EFC0EB
:108F28004F9C0509C1041379F90F9DB79387C18C2C
:108F38009C43BDD3EFF0BFC52254B250925402599E
:108F4800F249624AD24A424BB24B014545616FF041
:108F5800AFB75D7186C6A2C4A6C2CAC04EDE52DCD7
:108F680056DA5AD85ED662D466D26AD06ECE630C10
:108F78000526834735002A898DCB40411DC45945B4
:108F8800EFE0EFED93178501E1873EC681449389B1
:108F9800C18C130A000DC94B054CB54C130D00FDCF
:108FA800C14D8347390063E1F402B6402644964434
:108FB8000649F259625AD25A425BB25B225C925C11
:108FC800025DF24D616182808307C400324763C647
:108FD800E71683A7090063820716034B04009377FB
:108FE8000B01CDCFCD47631EFB062300040022856D
:108FF800EFF04FF9630305148347040011476363D7
:10900800F7146399870D5145EFC04F82AA8A63060A
:1090180005122300A501A30005002301B50103479C
:109028000400194693052400A301E5000307C400C2
:109038001505A306E50003471400A30FE5FE978076
:10904800FF1FE780600B03470401194693051401CD
:10905800A385EA001385CA009780FF1FE780C0092F
:10906800F1A0D5476318FB0085472300F400A30B44
:109078000400B5BFF547E309FBFEC9476316FB00CB
:1090880089472300F400A5B7C1476314FB008D4747
:10909800CDBFED47E31DFBF49147E5B793778B0010
:1090A80099C3AD47F9BF93761B0093774B0091C6E0
:1090B80099C395475DBFA147E9B793762B0091C641
:1090C80099C3A5475DB799476DBF99C3A94755BFD0
:1090D8009D4745BF034574015105EFB03FF5AA8A86
:1090E80029CD2310450123019501034704001946A2
:1090F80093052400A301E5000307C4001505230315
:10910800E50003471400A30FE5FE9780FF1FE780E3
:10911800A0FE034674012386CA0019C613854A01B6
:1091280023A8AA000C4C0DBF23A80A0003A7090016
:10913800D68503450700EFB0DFFA8504710493F480
:10914800F40F85B50345740113050502EFB01FEE52
:10915800AA8A65D5231045012301750183460400B9
:1091680013770B061946558FA301E5000347140032
:10917800930524001505A30FE5FE9780FF1FE780E0
:10918800A0F703478400194693051401A385EA0054
:109198000347940013853A012386EA000347A40095
:1091A800A386EA000347B4002387EA000307C40044
:1091B800A387EA000357E4002398EA000347040161
:1091C8002389EA009780FF1FE78000F303467401B4
:1091D800A38CCA0011C613850A0223AEAA0099B748
:1091E80023AE0A00A1B79387C18C9C43E38F07DAAB
:1091F800EFF0FF992644B64096440649F259625A60
:10920800D25A425BB25B225C925C025DF24D014530
:1092180061616FF06F8B97C7FF1F83C727F0A18B22
:1092280017C5FF1F130505E591E301456FD03F877B
:109238002385018CFD5717C7FF1FA302F7EE23A84C
:10924800018C23A6018C97C7FF1F938767E1170737
:1092580000001307A7AB98C3170700001307C7AE92
:10926800D8C317070000130727BF98C717070000C0
:10927800130767CED8C717F7FFFF1307471F98CB09
:1092880097C7FF1F938707DF17F7FFFF13072728E5
:1092980098C317F7FFFF13070707D8C38280411148
:1092A80022C485452A8403C5A18C06C6EFF0DF8356
:1092B80097C7FF1F83C787E6A98BB5CB17C5FF1FC5
:1092C800130505DA2385818CEFD00FFD1384018DFA
:1092D8001C4091C74D45B24022444101828003C5DC
:1092E800A18C19E10145C5BF91659385B57112053A
:1092F8009790FF1FE78040BE23A8A18C61DD03C6BD
:10930800A18C120681459780FF1FE78060E210401C
:1093180083C6A18C8147FD5513F7F70FE374D7FC7B
:109328001397470032972300B7008507F5B7014523
:109338002385018CEFD04FF675B79387C18A884390
:1093480001CD411106C69790FF1FE78000C6B240C5
:1093580023A6018A410182808280011113057003CE
:1093680006CEEFE0CFAF2AC613058003EFE02FAF9C
:109378002AC413059003EFE08FAE2246B245F240AF
:10938800AA86054505616F90905B5D711305D00352
:1093980086C6A2C4A6C2CAC0EFE06FAC2A84130571
:1093A800C003EFE0CFABAA841305E003EFE02FABD7
:1093B8002A891305F003EFE08FAA8A871377F50F40
:1093C8009376F90F13F6F40F9375F40F0545EF90A4
:1093D8001058B640264496440649616182807571EA
:1093E80022C51384C18A1C4006C726C34AC1CEDEE3
:1093F800D2DCD6DADAD8DED6E2D405456388070EA1
:109408009305F1051305F041EF00D1459305F105EA
:109418001305F041EF0011458346F10517C7FF1FFB
:109428000347A7B9B337E00091C289071840BEC601
:109438000345370093054700EFD07F8A1840AAC438
:109448000D4583452700AEC2EFE06FA1AAC01145C4
:10945800EFE0EFA000402ADE65450347A400034C77
:10946800B4003ADCEFE0AF9FAA846945EFE02F9F94
:109478002A897145EFE0AF9EAA896D45EFE02F9EDE
:109488002A8A7545EFE0AF9DAA8A7945EFE02F9DBE
:109498002A8B13050004EFE08F9CAA8B1305100498
:1094A800EFE0EF9BE2042648B6476257F2560646BD
:1094B80096451375F50F93FBFB0F137BFB0F93FA80
:1094C800FA0F137AFA0F93F9F90F1379F90FE18468
:1094D8002AD05ECE5ACC56CA52C84EC64AC426C2F4
:1094E80062C0930844000545EF905040BA402A44B2
:1094F8009A440A49F659665AD65A465BB65B265CC0
:1095080049618280011122CC06CE8D472E846316D4
:10951800F50603C73500E94703D545006318F7008A
:1095280097C7FF1F83D7A7A96385A706EF50F00643
:1095380009C5835764002317F5000357A400835611
:109548008400035664008355440003453400EFD07B
:10955800FFCC0357440097C7FF1F83D747A663086C
:10956800F7008547F24062443E8505618280FD57D9
:1095780017C7FF1F2315F7A4EDB78967CD07631D2C
:10958800F50083C7250031476385E7004547E39A1F
:10959800E7FCEFD04FD7F1B7B1476319F50017C50E
:1095A800FF1F0345B5B7EFD09FD265BF41677D1751
:1095B8008147E319E5FA83C655004947E394E6FA7B
:1095C80083C5450003552400300023140100EF50E3
:1095D800206841BF411122C406C626C283C7418DF7
:1095E8001307E00F2E846383E7041307F00F6387E4
:1095F800E7021145EFB09FA315C1930700FD2300B3
:10960800F50089472301F5008547A3008500A301DC
:10961800F500AA8503C5418DEFB0BFACF957238A81
:10962800F18CB2402244924441018280AA841145BF
:10963800EFB0DF9F7DD5930700FD2300F500894734
:10964800A30085002301F500A30195002244B24040
:109658009244AA8503C5518D41016FB09FA87971C5
:109668004AD01389C18A8327090022D406D626D274
:109678004ECE52CC4544C5EF97C7FF1F83C707AAF4
:10968800958B4944CDC7AE899165A38AA18CAA84DC
:109698009385757131459790FF1FE780E08323A676
:1096A800A18A4D4449C523009500A3000500294619
:1096B800CE8509059780FF1FE78000A4832709004E
:1096C800914603C7270063EEE6083DEB4D4723812B
:1096D800E70003C72700136707012381E700930505
:1096E80071001305F041EF00F11783477100F9EBA2
:1096F80017C7FF1F0347678C8D476315F70CEFD01B
:109708008FEC2C00EF6020692800EFD09FCD4545F5
:10971800EFD0FFF4014401CD130600643306C502FF
:10972800914517C5FF1F0345259FEFB09FE0228590
:10973800B250225492540259F249624A45618280D9
:1097480085466314D700754759B789466314D7000F
:109758004947B5BF8D466314D70041478DBF55476C
:10976800BDB795464A8A630ED70099466316D70057
:1097780009472381E70031A01D466314C7022381EE
:1097880007006545EFD0BFED9307F007E309F5F44F
:1097980003270A008347270093E707042301F700FC
:1097A8003DBF21466314C7000547E1B72546631549
:1097B800C7002381D700F1B7A9460544E319D7F6B6
:1097C800114745BFEFF0BFC12A8435D1EFF0FFB68E
:1097D800B9BF011126CA9384C18A9C4022CC06CE07
:1097E8004944A9C783C707000D446391A704894565
:1097F80017C5FF1F03454592EFB0FFF5914517C503
:10980800FF1F03456591239C018CEFB0DFF49C405A
:1098180001478146A38087001306F10085478545E7
:109828000145A307F100EF9050112A842285F240E8
:109838006244D24405618280011106CE22CC26CA38
:109848008547631AF50683D7818DB1CB17B7FF1FFC
:109858000347C77629E71307B003636DF702894505
:1098680017C5FF1F0345458BEFB0FFEE9307006454
:1098780003D6818D3306F602894517C5FF1F0345B8
:10988800A589EFB01FCB239C018CF2406244D244DF
:1098980005618280938747FC239CF18CFDB79387F1
:1098A800C18A9C43FDD36244F240D24403C50700F9
:1098B80005616FF01FF29384C18A9C40F9D797C75E
:1098C800FF1F83C7A785918BE9D389476313F506E3
:1098D8002D452EC6EFB08FF52A8445D9B24593079A
:1098E80000FD2300F500E547A30005002301F5006E
:1098F80083C7350015051946230FF5FE83C74500B4
:109908009505A30FF5FE9770FF1FE780E07E17C54A
:10991800FF1F0345B5809307F00F6315F5009C40C2
:1099280003C50700A2856244F240D24405616FB0C6
:109938004FFB894517B5FF1F0345057EEFB0BFE113
:109948006244F240D244239C018C05616FF0FF9E73
:1099580097B7FF1F83C7877C958B91CB9387418EE1
:109968009C4381CB8547238DF18C6FF01F9F494520
:10997800828041458280238D018C854501456F9009
:10998800807C97B7FF1F83C76779958B91C78547F9
:10999800238BF18C6FF07F9F49458280238B018C4C
:1099A800814505456F90E07A9307C01C63FCA700CA
:1099B800094582800945F2406244D2444249B2498D
:1099C800056182805DC5011122CC2A8421054EC61D
:1099D8004205AE8991659385657141814AC806CE75
:1099E80026CA9780FF1FE780204F2A8961D5938474
:1099F800018E884009C59780FF1FE780005B13052B
:109A080089002320A9002286814523A0218F9770F1
:109A1800FF1FE780E0719C402286CE8588439770BF
:109A2800FF1FE780606D9C40239287009387C18A5F
:109A38009C4385CF97B7FF1F83C7476E958B85CB10
:109A48009387018E9C4399CF984383D647006244FD
:109A5800F240D2444249B24905468D450545056163
:109A68006F90206D01478146DDB70145A9B749458B
:109A780099B79387C18A9C438DC797B7FF1F83C740
:109A8800E769958B8DC39387018E9C4381CB98435F
:109A980083D6470005468D450545D9B70147814618
:109AA800D5BF01458280494582809307C01C63FC6D
:109AB800A700094582800945F2406244D2444249E0
:109AC800B249056182805DC5011122CC2A84210535
:109AD8004EC64205AE8991659385557141814AC844
:109AE80006CE26CA9780FF1FE780003F2A8961D5E6
:109AF8009384818E884009C59780FF1FE780E04ADC
:109B0800130589002320A9002286814523A4218FDB
:109B18009770FF1FE780C0619C402286CE858843EE
:109B28009770FF1FE780405D9C40239287009387D2
:109B3800C18A9C4385CF97B7FF1F83C7275E958B44
:109B480085CB9387818E9C4399CF984383D64700D2
:109B58006244F240D2444249B24905468D45054522
:109B680005616F90405D01478146DDB70145A9B7A2
:109B7800494599B79387C18A9C438DC797B7FF1FFB
:109B880083C7C759958B8DC39387818E9C4381CB9F
:109B9800984383D6470005468D450545D9B7014703
:109BA8008146D5BF01458280494582809307C01C04
:109BB80063F4A70009458280797122D44ECE06D677
:109BC80026D24AD0AE892A8431CD21059165420535
:109BD8009385757141819780FF1FE780E02F2A895F
:109BE8000945630109089384418E884009C5978017
:109BF800FF1FE780803B130589002320A9002286E8
:109C0800814523A2218F9770FF1FE78060529C40F7
:109C18002286CE8588439770FF1FE780E04D9C40E1
:109C2800239287009387C18A9C43014585CF97B7C4
:109C3800FF1F83C7A74E958B49458DC76C00130539
:109C4800D030EF10F149B247014593F7070F99CB90
:109C58009387418E9C438D450545944303D6470021
:109C6800EF90204EB250225492540259F249456165
:109C780082809387018E9C4391CF03D647008C4303
:109C8800411106C69770FF1FE7800047B2400145A3
:109C980041018280094582809387018E9C4385C754
:109CA8009387818E9843894705C3035647000C4321
:109CB800411106C69770FF1FE7800044B2408147F4
:109CC8003E854101828089473E8582809387018E47
:109CD8009C4385C79387418E9843894705C303569C
:109CE80047000C43411106C69770FF1FE780C0402C
:109CF800B24081473E854101828089473E85828006
:109D080097B7FF1F83C78741918B99CF411113855F
:109D1800C18D06C6EFC07FD9B240FD5717B7FF1FE8
:109D2800231FF7284101828001456FC01FD8FD57C6
:109D3800A38AF18CF957238AF18C238D018C238B0C
:109D4800018C239C018C23A0018E23A4018E23A2C5
:109D5800018E97B7FF1F9387671617070000130731
:109D6800472198C317070000130747ADD8C317F753
:109D7800FFFF1307076798C717F7FFFF1307275E4B
:109D8800D8C717F7FFFF1307876098CB97F7FFFF30
:109D98009387877723AEF18C8280411126C2938402
:109DA800C18A9C4006C622C485CF2A840D45EFB0DF
:109DB800EFA7AA8519CD930700FD2300F5008D476D
:109DC800A30085002301F5009C4003C50700EFB000
:109DD8004FB119C42244B240924441016FF0EFD50B
:109DE800B240224492444101828079714ECE9389D7
:109DF800C18A83A7090026D206D622D44AD052CCDB
:109E08008144A1C783C4170085472A896388F4045D
:109E180097B7FF1F83C7871A854485EB0D45EFB0B9
:109E2800EFA0AA8505C1930700FD2300F50091471F
:109E3800A30025012301F50083A7090003C5070036
:109E4800EFB02FAAEFF06FCF8544B2502254268589
:109E580002599254F249624A456182809387018E81
:109E68009C434E8A85E30145EFD06FFF2A8601CADD
:109E7800894517B5FF1F0345252AEFB08FEB8327C8
:109E88000A00B1A0944303D647009305E1000545B5
:109E9800EFC03FCC69D983470500858BE9D70545D5
:109EA800EFD0EFFB9307B0032A8463F3A7045D6642
:109EB80013060670894517B5FF1F0345E5251304EA
:109EC80044FCEFB0FF83239C818C83A709000947DA
:109ED800A380E70097B7FF1F83C7470E91C797B7BF
:109EE800FF1F238D070C95B74A85EFF01FEBB1BF15
:109EF800130600643306C5029DBF411122C42A849B
:109F08000D4506C6EFB08F9215C1930700FD2300DB
:109F1800F500CD47A30085002301F5002244B24097
:109F2800AA8503C5518D41016FB0AF9BB240224451
:109F380041018280411122C42A840D4506C6EFB032
:109F4800EF8E15C1930700FD2300F500ED47A30030
:109F580085002301F5002244B240AA8503C5518D2E
:109F680041016FB00F98B2402244410182800357EB
:109F780045000111896606CE22CC26CA13866600E2
:109F8800AA876317C7009C47014583C5070009A82E
:109F980013868600631AC7009C47054583C50700DA
:109FA800EFF04FE305453DA8138696006313C702FB
:109FB8001387C18A1843014515C79C4703C5070085
:109FC800631B050C8547A300F7000545EF90400D7E
:109FD800D1BF1386A600631CC7009C4703C50700B2
:109FE800EFF0BFE0F2406244D244056182801386FC
:109FF8006603E30AC7F813867603E30FC7F81386E8
:10A008008603631DC7081C451307E00F83C40700B8
:10A0180083C7418D638EE7021307F00F6386E7025B
:10A028001145EFB0AF80AA8505C1930700FD230055
:10A03800F5008947A30095002301F500A301050059
:10A0480003C5418DEFB0EF89F957238AF18C99BF89
:10A058009387C18A98433E84014549D785EC854456
:10A068007D4523059100EFD08FDF2316A10013054E
:10A078000002EFD0CFDE1C40A305A1001307B100FA
:10A08800A380970074001306A10085450545EF904D
:10A09800C00A09BF2685EFF05FD029B7138696035B
:10A0A800E30DC7F21386E6036317C7001C4509458D
:10A0B80083C50700F5B59386F603631DD7021C45D3
:10A0C80003C507003DE96C001305D030EF105101BE
:10A0D800B247414793F7070FE386E7EC9305B100D2
:10A0E80013056031EF10C17F0345B1008545EF903E
:10A0F80080054DBD8966138606046313C7041C4595
:10A1080003C4070083C7A18D228585EB0D45EFA009
:10A11800FFF1AA85E30805E8930700FD2300F50091
:10A12800D1472301F500A30085009387C18A9C438A
:10A1380003C50700EFA0FFFAB5B5EFF01FDC9DB52A
:10A1480013861605631BC7001C4503C5070021E5D8
:10A1580085450545EF80F07FB1B593862605014515
:10A16800E312D7E89C4703C4070083C7618D2285A3
:10A178009DE30D45EFA09FEBAA85E30505E2930754
:10A1880000FD2300F500F147A30085002301F50039
:10A1980003C5518D45B7EFF0FFD929B5411197B7E0
:10A1A800FF1F83C7A7F706C6958B99CB17B5FF1F67
:10A1B8001305C5D0EFC01F8F4D45B24041018280C5
:10A1C8000145EFC03F8E0145CDBF03C7050093761B
:10A1D80025009377D70F99C2936727001318850135
:10A1E8001358884113F7F7076354080013E7070863
:10A1F800937685009377770F99C2936787001377D3
:10A20800050293F6F70D19C393E607022380D500DC
:10A21800634508009377A50281CB8347060093E73F
:10A22800C7002300F60082807DFD83470600CD9B92
:10A23800CDBF2D456319071403C5050009476310F1
:10A24800E51401114EC6BE89DC4122CC26CA4AC893
:10A2580006CE03C7170083C70700B68422075D8FA1
:10A2680042078D664187938736A032842E89630121
:10A27800F70E63C0E702938716A06309F70A63C164
:10A28800E70E938606A0630CD706239004000545C5
:10A298004DA8938766AA6305F70C938786B8630B66
:10A2A800F70C938646A0E312D7FEDC45DDC72147AD
:10A2B8002390E40003D707002300E60003D7070034
:10A2C8002183A300E60003D727002301E60003D774
:10A2D80027002183A301E60003D747002302E600F5
:10A2E80003D747002183A302E60003D767002303AF
:10A2F800E60083D76700A183A303F60091A0C845B1
:10A308009770FF1FE780E0E3420541814E86637343
:10A3180035012A862390C400420641828325C9005C
:10A3280022859770FF1FE78020DD19A8DC4583D7B9
:10A3380007002390A4002300F600A183A300F600E1
:10A348000145F2406244D2444249B24905618280E3
:10A3580099472390F4001946D1B723900400CDB74C
:10A3680085472390F4008327C90083C7070023008B
:10A37800F400F9B7E1472390F400614645B723900C
:10A38800060005458280828083C805008947639B53
:10A39800F814DC41797122D406D626D24AD04ECEA2
:10A3A80052CC03C8170083C707002E8422083368DD
:10A3B800F80042088D6713580841138327A06304E7
:10A3C80068102A8A3A89B684B285634C03011387D8
:10A3D80007A0630AE802938717A0630BF80885476C
:10A3E80011A8138737A0630CE80A138767AA8D475B
:10A3F800E317E8FEB250225492540259F249624AD5
:10A408003E8545618280484432C69770FF1FE780C9
:10A4180040D3420541819D47E36E25FDB30999006C
:10A4280083C7E18EB24563D43701B547E1B74844E5
:10A438002686C2094A959770FF1FE780E0CB4844FB
:10A4480003C6E18E93D909010506330636418145D5
:10A458004E959770FF1FE780A0CD9387018F9C438F
:10A4680099E3814741BF9C438145E5DF528535A08B
:10A47800AD47E31109F8E39A16FB834716008346B4
:10A4880006005844A207D58F2310F7009387018F41
:10A498009C43E1DB9C438545E9D78297D9B7AD4713
:10A4A800E31A09F49947E392F6F848441946977075
:10A4B800FF1FE78060C49387018F9C43DDD39C43D3
:10A4C800CDD38D4565B7AD4715F78547E39FF6F4BE
:10A4D8000347060093070008E3EEE6F0DC45238017
:10A4E800E70041B785473E85828023A8018EA38770
:10A4F800018E2387018EB707A00093854183938738
:10A5080007059CC1B707E803DCC117D6010013068D
:10A5180066B19787FF1F9387E7490947938EF182B2
:10A52800D0C317D60100130666AD85462380EE001A
:10A53800138EC18293880183D0C723AED70117D663
:10A5480001001306A6AC1383C18E1388E18213851C
:10A55800D18297DE0100938EEEAB2300EE002380BC
:10A56800E8002380E7002388E7002380E7022388A8
:10A57800E70223AEC7032380E7042300E80023840F
:10A58800D70023950700D0CB238CD700239D070045
:10A5980023A2D7032384D7022395070223A6070201
:10A5A800D0DB238CD702239D07022310030023004E
:10A5B800D50017DE0100130EEEA423A2C7052388D9
:10A5C800E70423AE17052380E7062388E7062380E0
:10A5D800E70897D801009388A8A417D701001307A4
:10A5E800A7A223A2E7082384D704170700001307AC
:10A5F80087C42395070423A66704F0CB238CD704CC
:10A60800239D070423A217072384D706239507064B
:10A61800ECD7F0DB238CD706239D070623AE07076C
:10A628002384D7082395070823A6A7089787FF1F21
:10A638009387474198C317070000130727D5D8C346
:10A6480023A407008280A54763E8A71017C7010065
:10A658001307471B0A053A951C41011122CC26CA4B
:10A6680006CE4AC8BA97B2842E8482879307800F91
:10A6780063F9B7006145F2406244D244424905613A
:10A6880082809787FF1F9387E732C8573E8919C58D
:10A698009780FF1FE78060912387018E13061400BF
:10A6A800916593850571328532C69780FF1FE780D3
:10A6B800A0821787FF1F2325A7324DDD324681452B
:10A6C8009770FF1FE780C0A60325C9022286A685CA
:10A6D8009770FF1FE78040A22387818E014561BFE5
:10A6E8008947E399F5F8835706002396F18EFDB75D
:10A6F800A147E391F5F82146A68513854183977014
:10A70800FF1FE780609FD9BF8547E395F5F69787D8
:10A71800FF1F9387272AD04F9785FF1F9385052C06
:10A7280003C50400EFF07FAA55BF8547E394F5F40D
:10A738009787FF1F93870728D05F9785FF1F93850B
:10A74800E52BF9BF8547E397F5F283470600A38613
:10A75800F18269B7094505B70945828083C7F18E3B
:10A7680095E38547A387F18E058909CD9786FF1F55
:10A778009386462D4146A5451785FF1F130585235A
:10A788006F20603E0145828001111388F5FF06CED7
:10A7980022CC26CA4AC84EC652C41378F80FAD4513
:10A7A80063EE050BBA890A0817C7010013070708E3
:10A7B8003A983E8A832708003689B284BA978287F6
:10A7C8008545EFC0CFCC2A8419E1EFF03F9D228563
:10A7D800F2406244D2444249B249224A0561828029
:10A7E8008945EFC0CFCA2A847DF12685EFE03FABCB
:10A7F800F9BF9145EFC0AFC92A8471F95286CE8559
:10A808004A85EFC02FBEEFF07F99EFF06FCFEF5082
:10A81800503575BFA145EFC08FC72A844DF95286C0
:10A82800CE854A85EFC00FBC2685EFE05FA7EFE035
:10A838009F9EEF50F03061BFB145EFC04FC52A84ED
:10A8480059F55286CE854A85EFC0CFB92685EFE007
:10A858001FA5EFE05F9CEF50B02E75B7094485BF88
:10A86800BD47638CF50663E9B702A5476387F5061C
:10A8780063EDB7009947638CF5049D47638FF50432
:10A888009547638CF50401458280B5476387F504D5
:10A8980063E1B704AD47F5B7DD47638EF50263EAB8
:10A8A800B700C947638BF502D9476386F502C547E8
:10A8B800C9BFF5476383F50263E4B700ED47D1B735
:10A8C80093072005638BF5009307200D5DBF48456E
:10A8D80082800841828008458280484182809307AF
:10A8E800F00F630EF506011126CAAA8413050002AB
:10A8F80022CC4AC84EC652C456C206CE3A89B68938
:10A90800B28A2E8AEFA08FF22A844D4515C8930784
:10A9180000FB2300F400A300540123114401230287
:10A92800340113058400614663050902CA859760EE
:10A93800FF1FE780607CA2852685EFA08FFA01457E
:10A94800F2406244D2444249B249224A924A0561DD
:10A95800828081459760FF1FE780807DE9BF0945B8
:10A968008280011122CC06CE2A842306B100A306D8
:10A97800C100EF4080420DC10347C500A1476311E4
:10A98800F70278009306E0070146A28517A5FF1F86
:10A998000345E578EFF0BFF4F24062440561828038
:10A9A80078009306E0070146A28517A5FF1F034517
:10A9B800F576CDB7930700643306F6026FA0BFCAD9
:10A9C80005C90347050085469307270093F7F70F46
:10A9D80063F0F602411122C42A843A8506C6EFA024
:10A9E8009FDCFD572300F400B240224441018280DD
:10A9F8008280035705009307000B6313F702834710
:10AA080045004947639CE70003471501854763995B
:10AA1800E7000355250085456F20D03F6D47C5BF2A
:10AA28008280011122CC06CE2A842EC632C436C2B8
:10AA3800EF40A0360DCD8346C500A14712472246F8
:10AA4800B245639EF600B28617A5FF1F0345256D24
:10AA58002E86A2856244F24005616FF05FE8B286F7
:10AA680017A5FF1F0345956B2E86A285E5B7F24013
:10AA7800624405450561828023ACA18E8280011164
:10AA880022CC26CA06CE2A84AE84EF400031A685A1
:10AA98002285EFB0FFCB1DE5228523169100EF40FC
:10AAA800C02F0DC10347C500A1476312F70217A5C0
:10AAB800FF1F0345C56678009306F0070146A28587
:10AAC800EFF0FFE1F2406244D2440561828017A5AD
:10AAD800FF1F0345B564C5B7011126CA06CEB68463
:10AAE80022CCDD4663E2B608D94663FED50AA54600
:10AAF8006381D50A63EEB6049546638CD5089946FA
:10AB08006387D50A054441687D18631606093AC665
:10AB1800EFB0DFC733068540324742064182420420
:10AB280041803305C4004205BA85418132C6EF2011
:10AB3800903EAA8749C181C432462390C400B30518
:10AB480080406244F240D2443E8505616F108135F1
:10AB5800C5466380D504C9460D44E395D5FAC16757
:10AB6800FD17E31EF6FA65B7F5466380D50463E47E
:10AB7800B600ED46D5B7930620056388D50293063F
:10AB8800200DE391D5F8C167FD170D446319F60050
:10AB9800BDBF09448DBF9306200DE392D5F8310659
:10ABA80042064182ADBF15445DBF0D444DBFC1672C
:10ABB800FD171D447DB7F2406244D244056182808E
:10ABC80079714ECEAE89C16526D20147AA848946DD
:10ABD80017C6010013068645FD15054522D406D67D
:10ABE8004AD0EF009061054431CD2A89130730021D
:10ABF80081461146F5452685EFF01FEE2AC65544D5
:10AC080031C18357A900CE8601462314F10091472C
:10AC18002315F10085472300F500B2472C0026854F
:10AC2800A38007003247FD572301F7003247A301ED
:10AC3800F700EF0050522A8411C532459770FF1F64
:10AC4800E780A0362285B250225492540259F24924
:10AC580045618280411106C6EFF09FC019C5B24018
:10AC680041011773FF1F67004334B24041018280DE
:10AC7800011106CE2AC6EFB0BF983245914523AAE6
:10AC8800018E23AC018E97A7FF1FA387A748EF204B
:10AC9800B023F24005616F20A00193970501C18799
:10ACA80063D80712797117A5FF1F0345F54622D40B
:10ACB8004AD006D626D22E89EFA0AFBB2A8449CD2A
:10ACC800034705009307000A6315F70885474C08F2
:10ACD800A305F100EFB09F9EAA8405ED83476101AB
:10ACE80071476374F708138717FE1377F70F9306F6
:10ACF800000263F3E608858BC5C79387418F9C43A1
:10AD0800994481CB035524001306B1004C0882975F
:10AD1800AA848347B10099C7084409C59770FF1FE3
:10AD2800E780A02895E05247B7070001938707F00E
:10AD38007D8FB707120093870710630CF70003474E
:10AD48006101ED476317F700035524008545EF209F
:10AD5800700C2285EFA0CFAAB2502254216533454A
:10AD6800A9009254025945618280370730140507BB
:10AD78003357F700058B41D31387818F184351DB75
:10AD88000347510159F72306F10099472308F100B9
:10AD9800035524006C0023170100EFB0DFB095BF06
:10ADA8009387818F9C439DC3035524001306B100EC
:10ADB8004C08829739DDAA8483475101B9FB834740
:10ADC8006101230891002306F100D9B79944EDB732
:10ADD800014582800145828097A6FF1F83C65634AD
:10ADE800814763E5D70001473A8582802E87910520
:10ADF80003D6C5FFE30AA6FE8507E5B70DCD834751
:10AE080025000547890793F7F70F6376F702411185
:10AE180022C406C62A848355050003453500014728
:10AE2800F9465D46EFF0BFABF9572311F400B24085
:10AE3800224441018280828017A7FF1F0347572EB3
:10AE48008147FD5663E3E70082802310D500230184
:10AE5800050085071105FDB7014582809385B184FA
:10AE68009307000285462380F500FD572385F1846A
:10AE7800A38EF182238EF1822394D184239E018EA6
:10AE880023A2019023AA019023A401901386018490
:10AE980097C70100938787185CC2238F018E978715
:10AEA800FF1F9387E7BA09472300E6002380E700DE
:10AEB8002388E7002380E7022388E70217C70100F9
:10AEC80013070715D8DB0D47238CE702138701907A
:10AED80018432384D700D0C7238CD70017C5010097
:10AEE8001305451417C601001306461297C601003C
:10AEF8009386C613C8C323950700D0CB239D0700AC
:10AF0800CCCFD4D3238407022395070223A60702B4
:10AF1800239D0702D8DF9787FF1F938767B7170717
:10AF280000001307870C23A00700D8C323A4070039
:10AF38008280411106C6EFF03FEA11C5034525009E
:10AF4800B240410182800145E5BF411122C426C2B9
:10AF58004AC006C6AA842E893284EFF0FFE711E9B9
:10AF68004165CA857D15EFF03FE7C54711C5231038
:10AF78009500230185008147B2402244924402494A
:10AF88003E854101828029E7894835476393160544
:10AF9800011106CE22CC26CA034716000346060036
:10AFA80093C7F7FF2207598EF18F32C68DE7C44544
:10AFB8002A84A685EFF0FFF732460147630FA60003
:10AFC80022856244F240A685D24405616FF0FFF7FE
:10AFD8002D473A85828013070008F2406244D24424
:10AFE8003A850561828083C805000948639508038E
:10AFF80003A845008347180003480800A207B3E7E1
:10B008000701C2070D68C1871308289063950701D7
:10B0180089476FF05FF70545828003C7D18393079F
:10B02800F00F630AF70441114AC02A89294522C44E
:10B0380026C206C63284AE84EF905FFF1DC5930713
:10B04800100B2310F5002302050023148500224469
:10B058002311250123139500B24092440249AA8581
:10B0680003C5D18341016FA0CF87B24022449244E7
:10B07800024941018280828041119387019026C252
:10B08800AE848C4322C406C62A84EFF09FEA09895D
:10B0980009C922852244B240A685924441016FF035
:10B0A8003FB2B24022449244054541018280411199
:10B0B80022C426C24AC006C6AA841304450013093E
:10B0C800850B835704009DC3084409C59770FF1F6B
:10B0D800E780A0ED2285314681459760FF1FE78014
:10B0E80020053104231A04FEE31D24FDB240224446
:10B0F800FD572390F40002499244410182809387CE
:10B10800C190984317A6FF1F034696018147631510
:10B11800F600814636858280BA861307870B8355E9
:10B1280087F4E389A5FE850793F7F70FCDB79387D3
:10B1380041919C4399C703D74700E31CA7FE884762
:10B14800828001458280411106C6EFF05FFE09C585
:10B158000845B240410182800145E5BF011126CA78
:10B168009384450022CC4EC606CE4AC852C456C265
:10B178005AC0268781490144814681473D45035687
:10B18800070055CED9E20354470083572700B286FB
:10B19800A297C207C18385093107E392A9FE25C892
:10B1A8002E8991659385457022859770FF1FE780EA
:10B1B800A0D22A8B29CD814A014A8C4485C503D661
:10B1C800440033054B019760FF1FE780E0F283D707
:10B1D800440088443E9A420A135A0A019770FF1F96
:10B1E800E780A0DC63890A0031468145268597609F
:10B1F800FF1FE780E0F3850AB104E3E03AFD232668
:10B20800690123148900054521A0630DD600014575
:10B21800F2406244D2444249B249224A924A024B1D
:10B228000561828003562700E313F6FE03564700A4
:10B238003294B2974204C2074180C183A9BF054531
:10B24800E37835FDA9BF938781909C4399E3014535
:10B25800828098470357A700E319A7FE1385470084
:10B268008280411106C6EFF01FFE11C50355050087
:10B27800B240410182800145E5BF411106C6EFF0A9
:10B288009FFC11C503452500B2404101828041451C
:10B29800E5BF411122C42A842E8506C6EFF0FFFDC2
:10B2A800AA8505462285EF30903295476305F5005B
:10B2B800BD476313F5002145B24022444101828015
:10B2C800411122C42A84090506C6EFF06FEFFD5725
:10B2D800A301F400B2402244410182809387019186
:10B2E8009C4317A7FF1F0347B7E32A860507814634
:10B2F8003E8583D707006388C700850693076500E6
:10B30800E3E8E6FE01458280411122C4416406C695
:10B3180026C29307E4FF630EF500AA8485E1EFF0E7
:10B32800FFFB01E91305F4FFEFF05FFB19C12310E0
:10B338009500B2402244924441018280854763943B
:10B34800F504EFF0BFF92A846DD5FD572310F500F9
:10B35800834724001307F00F6384E7021307E00F05
:10B36800638AE700034534000147F9465146A6853C
:10B37800EFF0EFD62285EFF0BFF4FD572301F4007C
:10B38800230204007DB78947E395F5FA8545EF3038
:10B39800304445F12685EFF07FF42A8455F951BFF2
:10B3A8005D71A6C24EDE86C6A2C4CAC052DC56DA99
:10B3B8005AD8AE8483C52500F947AA896396F5044F
:10B3C800EFF0DFF12A8409ED01442285B6402644D6
:10B3D80096440649F259625AD25A425B61618280A8
:10B3E800834725000547890793F7F70FE37EF7FCA6
:10B3F800034535000147F9460146CE85EFF02FCECB
:10B408002285EFF0FFEBC9B783AA0400B707000154
:10B41800938707F037071200B3F7FA0013070710EE
:10B42800328A0149638AE7022EC6EFF03FEB2A8988
:10B43800B2451DC10346450005C293178601E18741
:10B44800E3C407F84E85EFF0CFD18347490093E76F
:10B4580007F82302F9008DBF03C7A1849307F00FF3
:10B468001944E304F7F6E147E3E1B7F693D715008B
:10B47800FD178E0717B701001307473EBA9703A8B1
:10B488000700E30408F403AB4700E3000BF4C20A27
:10B4980093DA0A0163850A00C947E398F5F283D66F
:10B4A8004400904483C5140003C50400380802987A
:10B4B8002A8401FD2C084E85029B2A8421C983C752
:10B4C8001400E39407F083C72400230AA100394736
:10B4D8002308F1006399E70262478347170003478F
:10B4E8000700A207D98F0C084E852319F100EFB089
:10B4F8008FBBE30B05EC14080546D9454E85EFF0E4
:10B508004FD22A84D9B583578101F1BF83C624005D
:10B518009147E38BF6EA38080146CE8503C5A18436
:10B52800EFF0EFBB2A84E31205EA83C5240028085C
:10B53800EFF00FB319C123000A009840B7070001C4
:10B54800938707F07D8FB707120093870710E30DE5
:10B55800F7E6E30B09E683C724002302F900B5B533
:10B56800011106CE2EC6EFF07FD701CD83474500E7
:10B57800B245138717006396E50093F707F823028F
:10B58800F500F2400561828093878190984319E322
:10B59800014615A81C4703D8A700636B050183580B
:10B5A8004700B38608016355D500814663941601A8
:10B5B8001843F1BF3E86C10703D3A7FF6317A30053
:10B5C80099C123900501328582808506C206C18211
:10B5D800F1BF397152D42E8A4ED69305E101AA895A
:10B5E800528522DC4AD856D206DE26DA328936C699
:10B5F8003AC4BE8AEFF05FF9054435C5AA840355FD
:10B60800E1013944EFF0BFB239CD03284500630C9E
:10B6180008042247B246D6874A86A6854E850298F0
:10B628002A8431E19307E00F638FFA0203C704000D
:10B638008947631AF702D840834717000347070072
:10B64800A207D98FC2070D67C18713072790639C8C
:10B65800E7008347190003460900D285A2075D8EDB
:10B668004E85EFF09F9B2285F2506254D254425986
:10B67800B259225A925A21618280797122D4035494
:10B6880025004ECEAA89228556CA06D626D24AD089
:10B6980052CC5AC85EC662C4AE8AEFF05FA601E912
:10B6A8002285EF007153594429E90144B9A003C721
:10B6B80089008547AA840144631AF702AA8513857D
:10B6C8008900EFF0BFA929CD03D7640083D6840091
:10B6D800D04483D5440003D52900E147EFF07FEF3C
:10B6E800D9472A846318F50223A604002685EFF0BB
:10B6F8001F9C49C0D947E30AF4FA2285B250225464
:10B7080092540259F249624AD24A424BB24B224CF5
:10B718004561828061DD83D744002390FA00F9B740
:10B7280013894400014AB94B594C3D4B83550900D4
:10B73800D5DDE14763067A010357C90011C3D9472C
:10B7480003572900835649000326890003D5290099
:10B75800EFF03FE82A846319850123240900050ACC
:10B768003109E3156AFD59B77DD98357090023903C
:10B77800FA00F5B703D529002DB701112317C10029
:10B788009307E00F1306E1000147894606CEEFF064
:10B798005FE4F24005618280797122D42A840355DE
:10B7A800850026D2AE849305210106D64AD0EFF053
:10B7B800BFDD6308050E834785002AC693F7070295
:10B7C8008DCF03552101EFF01F98AA87B24501EDEF
:10B7D8008357840039452390F400B2502254925480
:10B7E800025945618280035524004946829711C554
:10B7F800835784002390F400CDB7035924004A8569
:10B80800EFF0FF8F11ED41657D15EFF05F8F19E5C2
:10B818008357840025452390F400C1B723102501E0
:10B82800130745008147BD46035607002DE63147FB
:10B83800B387E702130984003146CA8591073E950C
:10B848009760FF1FE780408B3146CA85480897609C
:10B85800FF1FE780608A0356C40003552400414750
:10B868008146DD45EFF04FA72ACE19E583578400BE
:10B8780045452390F40095B70C480356C4009760DB
:10B88800FF1FE7806087035524004C08EF009130C4
:10B8980029D5594599B785073107E397D7F825453D
:10B8A80081BF0545B1B7797122D42A840355850033
:10B8B80026D2AE849305E1014AD006D63289EFF04C
:10B8C800BFCC51C58347850093F70702A9E7034713
:10B8D80014019307200519E3834744008356A40005
:10B8E800504483558400035524000147EFF07FCE70
:10B8F800AA8721E98347140199E703552400EF003B
:10B908009124D94711E18147B250225492540259E7
:10B918003E85456182802AC60355E101EFF0BF826A
:10B92800AA8705C9B2450355240049468297AA87C4
:10B9380059DD035784002390E4000347140161F79D
:10B94800E1B75947E317E5FE230009006DBF8547B6
:10B95800CDB7B947F9BF397122DC4AD84ED652D48F
:10B9680006DE26DAAA892E8A32C63689EFF01F97B4
:10B97800094415C5834725001307E00FAA845D44D1
:10B98800638FE7001307F00F5944639AE7003246C4
:10B9980005E2D2854E85EF0011282A8415CD22852F
:10B9A800F2506254D2544259B259225A21618280CB
:10B9B80003550A009305E101231F0100EFF0DFBCE6
:10B9C8000355E101EFF07F8BAA8505464E85EF30E0
:10B9D80000402A845DDDE1B79307F00FE301F9FC2D
:10B9E800938624007946A68517F5FFFF1305454180
:10B9F800EFE05FFCA38124015DB7397193878190E3
:10BA080026DA844352D45AD05ECE62CC06DE22DCDB
:10BA18004AD84ED656D266CA2A8BAE8B328C368A14
:10BA280099E08149B9A0804483DC44000149835AE4
:10BA3800A400631499018440E5B78357A400A28940
:10BA480063F8670105094209135909014104D5B78B
:10BA5800E3EAFBFE630C0A00834504004840D286F3
:10BA680062863AC6EFA0DFBE324769DD19C32310EC
:10BA78005701F25062544E85D2544259B259225A53
:10BA8800925A025BF24B624CD24C2161828003D7FE
:10BA9800050083D62500854763E9E60439C74111C7
:10BAA80083C6450026C29384550022C426862E8468
:10BAB80017B5010013050557894506C6EFA05FB9FC
:10BAC800C14711CD83464400835524000355040023
:10BAD80001472686EFF07FF2814711E1A947B2407E
:10BAE800224492443E85410182803E8582802E8692
:10BAF8000355060083D52500854763E2A50205C1E5
:10BB08008346460041110147150606C6EFF0FFEED1
:10BB1800814711E1A947B2403E85410182803E85B7
:10BB280082802E860355060083D52500854763E26B
:10BB3800A50205C18346460041110147150606C600
:10BB4800EFF0BFEB814711E1A947B2403E854101C3
:10BB580082803E85828039714ED683D7250083D96D
:10BB6800050006DE22DC26DA4AD852D456D25AD04C
:10BB78005ECE62CC66CA6AC863E037198547638EB1
:10BB88000914416BAE8A2A8A2314010002C60144B3
:10BB980001497D1B894B054CC94C054D83D52A00AD
:10BBA8000147814601464E8523130100EFF0FFE46B
:10BBB800AA846300051209EC1307200293066100AA
:10BBC8005A8695455285EFE03FF12A8463080512AD
:10BBD8000357810083C7040045C70347A100630CCE
:10BBE800A70741476385E7022C005285EF00814390
:10BBF80009CD34001546D9455285EFE09FE211C5BD
:10BC080032459760FF1FE780403A8147F9A083D704
:10BC1800A4004146130524002300F40083D7A400A0
:10BC2800A183A300F400CC409750FF1FE780C04CCD
:10BC38004904835781008507C207C1832314F10093
:10BC480063F9270983D7A400638567098509C209B1
:10BC580093D90901A1B7E39977F983D7A4000946D5
:10BC6800130524002300F40083D7A400A183A300B4
:10BC7800F400CC409750FF1FE7800048110455BFDF
:10BC880022C60359610003C7A40013052400638278
:10BC9800770333599903230571012300E40083D7FF
:10BCA800A4004146A183A300F400CC401379F90F06
:10BCB800A5BF230581012300E40083D7A4001359FD
:10BCC80029001379F90FA183A300F4000946CC4099
:10BCD80055B78357810089FBA947F2506254D25463
:10BCE8004259B259225A925A025BF24B624CD24CD8
:10BCF800424D3E85216182808547C5B7C547F1BF62
:10BD080003C72192854763F3E706011122CC26CAAF
:10BD18004AC806CE2A843289AE84EFF02FDC01C9E6
:10BD2800034725009307E00F5D456308F700631C90
:10BD38000900A6852285EF00E16AF2406244D244F8
:10BD480042490561828003D504009305E100231769
:10BD58000100EFF07F830355E100EFF00FD2AA85D1
:10BD680005462285EF30A00669D5C1BF59458280B6
:10BD780013F7050201C7B2856FF0AFD1411126C292
:10BD88004AC006C622C413F98500AA8463170900AD
:10BD9800139785016187635D070232853684EFF06A
:10BDA800CFCDAA8505466313090001462685EF30E5
:10BDB800000201E90145B24022449244024941018E
:10BDC800828083479400E5DB83478400E5F7E5B785
:10BDD80093F72500E5F30D45F9BF7971AE8622D4B6
:10BDE8002A8403D506009305E10106D636C6EFF08E
:10BDF800AFF909CD83458500B2460356E101228596
:10BE0800EFF01FF7B2502254456182800545DDBF2F
:10BE180013F7050201C7B2856FF0AFC7411122C4FD
:10BE280026C206C693F485002A8491E413978501F7
:10BE38006187635007023285EFF02FC4AA85054653
:10BE480091E0014622852244B240924441016F208C
:10BE5800107893F72500014591E30D45B24022443F
:10BE68009244410182807971AE8622D42A8403D516
:10BE780006009305E10136C606D6EFF0EFF0B246AC
:10BE880001CD834585000356E1012285EFF05FF877
:10BE9800B2502254456182800545DDBF797126D2B2
:10BEA800AA840355A500C16722D44AD04ECE06D62F
:10BEB80023170100FD173284B6890149630DF50087
:10BEC800050583C60400D04042051307E1004181FF
:10BED800EFF0BFB22A8983C60400D040894517B560
:10BEE800010013052514EFA0AFF61DC503D4A40067
:10BEF8002285EFF00FB709C57D142A9442044180CA
:10BF08006384090023908900B25022544A859254D0
:10BF18000259F2494561828083C60400D0408945B0
:10BF280017B5010013054510EFA08FF261F183C624
:10BF38000400D040894517B501001305250DEFA071
:10BF48002FF119C9E30609FA8357E100E39287FA4A
:10BF58000354A9007D145DB703D4A40055B7397103
:10BF680022DC26DA4AD84ED652D456D25AD062CCDF
:10BF780006DE5ECEBE8983C785002A8AAE84C18B61
:10BF8800328C36843A89C28A468B9DE783CB04007B
:10BF98008947638BFB046285EFF06F991DC1832885
:10BFA8000500638008025A88D6874E87CA8622868B
:10BFB800A6855285829839A03285EFF0CF98AA8756
:10BFC80011ED3945F2506254D2544259B259225AAD
:10BFD800925A025BF24B624C216182802946A68507
:10BFE8005285829745D5F9BFD84083471700034744
:10BFF8000700A207D98FC2070D67C187930607906C
:10C008006384D72263CEF60693062780638ED70C07
:10C0180063C1F60213070780E3CFE7F62D45E393E4
:10C0280009FADC4403C60700CC432310C900228563
:10C0380069A213073780E390E7F62D45E39409F8E2
:10C0480085472310F900DC44814583C70700230096
:10C05800F40003D5A400050542054181EFF0CFD2D5
:10C06800835709006317051291072310F900114639
:10C078008145130514009750FF1FE780600B29A224
:10C08800930627906383D71863CED7129306379009
:10C09800638CD71813074790E39FE7EE2D45E3938A
:10C0A80009F2DC441D472310E90003C707002300F9
:10C0B800E40003C71700A300E40003D72700230107
:10C0C800E40003D727002183A301E40003C7470046
:10C0D8002302E40003D76700A302E40083D76700C4
:10C0E800A1832303F4004DA02D45E39D09ECDC4416
:10C0F8006C0083C9170003C70700A209B3E9E90068
:10C1080011472310E90083C707004E852300F40078
:10C11800DC4483C71700A300F400EFF0EFC6AA843D
:10C1280035C50356C100C1659306E100FD15832995
:10C13800C500EFF0BFD619ED83C60400D04089458D
:10C1480017B50100130545EEEFA08FD001E5FD57A7
:10C158002317F10003C7090089476310F70283A575
:10C1680049000946130544009750FF1FE780C0F8AF
:10C178008357090089072310F9008357E100230139
:10C18800F400A183A301F40001452DBD231731015B
:10C19800EDB7034705008907BA972310F9008357BD
:10C1A800A500A300F4008357A500A1832301F40090
:10C1B800034605004C41130534009750FF1FE780E4
:10C1C800A0F3D9B7C8449750FF1FE78080F79317AB
:10C1D8000501C1832A871D45E3E637DF6399F90026
:10C1E80023100900CC4403560900CE9589B54207AF
:10C1F800B3863A01418363C7E600B387374123100A
:10C20800F900CDB723105901F1BF2D45E39C09DA98
:10C21800CC445285EFE0FFD1231079012300A4001C
:10C228002181A300A4008DB72D45E39D09D8DC44E6
:10C238002310790183C707002300F400DC4483C777
:10C248001700A300F40089B75D71CAC02A89035595
:10C2580025004EDE52DC56DA5AD85ED662D466D253
:10C268006AD06ECE86C6A2C4A6C22E8BEFA00FD20D
:10C27800130CF5FF931D0C01C16BAA8A8149179A0B
:10C28800FF1F130AEAC493DD0D01938C4190138DAF
:10C29800C18FFD1B8357C90063F8F9009797FF1FEB
:10C2A80083D707C363CE8701035529009795FF1FDE
:10C2B800938505C2EFF0B07DAA841DCDD9442DA881
:10C2C80083278900139719009305E100BA9703C4DF
:10C2D800170083C7070022045D8C2285EFF0CFAAE0
:10C2E800AA851DE923108B0003254A00854409C54A
:10C2F8009760FF1FE78060CBB64026442685064935
:10C308009644F259625AD25A425BB25B225C925C02
:10C31800025DF24D616182808348490083A60C006A
:10C328000356E100035529006E8881476A87EFF0BC
:10C338001FC3AA8411C523108B0003254A0045BFDB
:10C3480083274A0095E303552900514781465E86B5
:10C35800BD45EFE06FF89797FF1F23ADA7B609E536
:10C3680023108B00C54449BF9797FF1F83D747B653
:10C3780003D7C18F3E976347570113C7F7FF5697F7
:10C38800239EE18E03254A0083A50C0003D6C18FA6
:10C398003E959750FF1FE78020D683570A00035722
:10C3A8000D008509C209BA971797FF1F2312F7B224
:10C3B80093D90901C5B5397122DC2A8403552500B2
:10C3C80006DE26DA4AD84ED652D45AD05ECE62CC91
:10C3D80066CAAE8B56D2EFA06FBB2A8A8346C400CA
:10C3E8008355A4000355840078001306D400930CE9
:10C3F800BAFF651AEFF06FE0420A416B2A8981445F
:10C40800135A0A01138C41909799FF1F938949ACDD
:10C418007D1B6302090463D0940583484400832686
:10C428000C000356C1000355240052888147138726
:10C43800C18FCA85EFF0BFB215C5814A0356C10046
:10C448008355A4004A859306E100EFF03FA52A89A9
:10C45800639D0A065DFDE5E0835784002945239026
:10C46800FB0081A00356040183D7C18FE317F6FCB4
:10C4780083250C0048489750FF1FE780E0D055DD22
:10C4880083A74900A1E303552400454781465A86FE
:10C498009D45EFE06FE41DE18357840045452390F7
:10C4A800FB00F2506254D2544259B259225A925A5D
:10C4B800025BF24B624CD24C216182809797FF1F3E
:10C4C80023AAA7A0835AA90095BF83A74900A697C6
:10C4D80023805701938714001397070183A7490006
:10C4E800418393DA8A00BA9723805701138724007F
:10C4F80083A6490093873400420791044183C20709
:10C50800C204C183C180369711CD8356E100230050
:10C51800D70003A74900BA970357E1002183238076
:10C52800E700C5BDFD562300D70003A74900BA9709
:10C538002380D7000DB70355240089809795FF1FE6
:10C54800938505999797FF1F23949798EFF0303AB2
:10C5580029D95945B9B7411122C406C693F705012F
:10C568002A84328585C3EFE05FD1AA8505462285F6
:10C57800EF20F00595476305F500BD47631DF502FB
:10C58800214515A893F7450099CBEFE01FCF054645
:10C59800AA8522852244B24041016F20500393F7B7
:10C5A800050489C7EFE07FCD0146DDB713F5150017
:10C5B800133515000605B240224441018280797185
:10C5C8004AD04ECE52CC06D622D426D22A8AAE895A
:10C5D800014983D749006364F9000145A1A083A7F5
:10C5E80009001314190093041400338797000347B4
:10C5F8000700A29703C5070022079305E100598D9C
:10C60800EFE09FF805E983A7090005453E94034735
:10C6180004002380E70083A70900BE9403C7040031
:10C62800A380E700B250225492540259F249624A58
:10C6380045618280834585000356E1005285EFF00D
:10C648009FF105C183A709003E9403470400238096
:10C65800E70083A70900BE9403C70400A380E7008E
:10C66800D1B70509420913590901A5B7011122CC0F
:10C678002A8403D505009305E10006CEEFE0DFF03C
:10C6880001CD834585000356E1002285EFF0BFEC1C
:10C69800F2406244056182800545DDBF397126DAC2
:10C6A800AA840355250006DE22DC4ED652D456D283
:10C6B8005AD05ECE62CC66CA6AC82E8A4AD8EFA023
:10C6C800EF8CAA8A83C6C40083D5A40003D584004E
:10C6D800138CAAFF78001386D400EFF00FB2420C37
:10C6E800C16CAA890144135C0C01138BC18F938B15
:10C6F8004190FD1CED1A178DFF1F130D6D7D638B87
:10C70800091A0356C10083C5890003D52400EFF038
:10C718009FE42A89631B051883C8440083A60B007D
:10C728000356C10003D52400628881471387C18F4F
:10C73800CE85EFF0DF822A896319051639C003D741
:10C74800C18F11079787FF1F83D7A7786395E700E5
:10C75800A29763C057099787FF1F83D787773354FA
:10C76800F40203D524009785FF1F93856576978784
:10C77800FF1F239F8774EFF010352A890DC559498B
:10C788001DA003D52400494781466686C545EFE0CC
:10C79800AFB49787FF1F23AFA7720DE583D7A90012
:10C7A80045492310FA00F25062544A85D25442593E
:10C7B800B259225A925A025BF24B624CD24C424D09
:10C7C8002161828083570B0091071787FF1F23126F
:10C7D800F77083274D0003D7A9009306E100A297BD
:10C7E8002380E700930714001397070183274D0060
:10C7F80041834E85BA9703D7A90021832380E70098
:10C808000356C10083D5A400EFF04FE913072400B5
:10C8180083264D0093073400420711044183C20761
:10C828004204AA89C1834180369739E1FD56230025
:10C83800D70003274D0083A50B00BA972380D700A4
:10C8480003254D0003D6C18F22959750FF1FE7801F
:10C85800A08A83570B003E9442044180E31D04EEF6
:10C8680083D784002310FA00E31F09F2294925BF62
:10C878008356E10083A50B002300D70003274D0052
:10C88800BA970357E10021832380E70003254D0071
:10C8980003D6C18F22959750FF1FE780E085835705
:10C8A8000B003E944204418099BD83D7A900231010
:10C8B800FA006DB701495DB75D71A6C2CAC0AA8406
:10C8C8000359850003552500A2C44EDE56DA5AD80E
:10C8D8005ED662D466D26AD086C652DC6ECE2E8B05
:10C8E800EF90DFEA930BD5FF711593190501014409
:10C8F800138DD40093D90901138CC18F938C419067
:10C90800978AFF1F938ACA5C6358741583C6C4004C
:10C9180083D5A4001307E1006A864A85EFF0EF8DFE
:10C92800AA8D630B05120359A5008345850003569C
:10C93800E10003D52400EFF01FC26314051283C879
:10C94800440083A60C000356E10003D524004E885A
:10C9580081471387C18FEE85EFF06FE063130510F1
:10C968001DCC83D7C18F1787FF1F035787568907A9
:10C97800630EF7069787FF1F83D7A7553354F40232
:10C9880003D524009785FF1F938585549787FF1F3C
:10C9980023908754EFF0607F05C5594515A003D54E
:10C9A800240041664D4781467D16A545EFE0CF92AC
:10C9B8009787FF1F23A0A7521DE123102B01454590
:10C9C800B640264496440649F259625AD25A425B06
:10C9D800B25B225C925C025DF24D6161828083579A
:10C9E8000C0089071787FF1F2315F74E83D7C18FC0
:10C9F800A29763D3770783A74A0003D7AD00130A2A
:10CA08002400A2972380E70005049317040103A4D8
:10CA18004A00C183420A3E9483D7AD0083A50C0027
:10CA2800135A0A01A1832300F40003A54A0003D680
:10CA3800C18F52959740FF1FE780006C03540C008C
:10CA4800C167FD17529442044180E30FF9EA0509D2
:10CA58004209135909014DBD294509FC23102B0131
:10CA680085B76DDC01BF8357050081E789473E859F
:10CA78008280411126C2444122C406C683C60400EE
:10CA8800D0402A84894517A501001305A559EF90C0
:10CA98003FBC19C9834724002547E51793F7F70FCB
:10CAA8006376F702E14729A883C60400D040894588
:10CAB80017A5010013054557EF909FB961FD8947F8
:10CAC800B240224492443E854101828083D68184CB
:10CAD8008547FDD6035704003697C166E3C2E6FED4
:10CAE80091659385257031459750FF1FE780C03EBB
:10CAF800AA84CD4771D5314681459740FF1FE7800D
:10CB080020638357040083D5818401460147B38697
:10CB1800E500C206C1826369F702AE97C207C18306
:10CB280019C22394F18423A004002146A285138509
:10CB380044009740FF1FE780205C938781909C43C7
:10CB480091EF23A4919031A8504013154700050791
:10CB58002A962315D60005465DBFBA87984375FF08
:10CB680084C38147B1BF011106CE22CC26CA4AC868
:10CB780009E98944F240624426854249D244056164
:10CB880082802AC62A84280036892314B100230506
:10CB9800C100EFF05FEDAA8471FDE30D09FC835736
:10CBA800A400E1DB91659385557031459750FF1FCF
:10CBB800E78080320DC58357A40023200500232475
:10CBC80025012312F500938741919C4389E723AA05
:10CBD800A1904DB7BA87984375FF88C361BFCD440C
:10CBE80051BF83C7E18F95E38547238FF18E058970
:10CBF80009CD9766FF1F9386A6E9414691451765BB
:10CC0800FF1F1305E5E46FF01FF601458280A38E30
:10CC1800A1828280C167FD176315F5002E856FE03C
:10CC2800AFA1411106C6EFE02F9B11C5FD57231098
:10CC3800F50023010500B2404101828001114AC874
:10CC480006CE22CC26CA85472A896393F5044A85ED
:10CC5800EFE0EFCA39E9C1649385F4FF1307E100F7
:10CC6800894617A601001306A63A0545EFE0FFD846
:10CC78002A84FD140DC44C444A85EFF0BFF90356CD
:10CC8800E10022858146A685EFF04FA12A84DDB711
:10CC980089476396F5008545EF2080334DD9F240EA
:10CCA8006244D244424905618280EFE04FC065B7D3
:10CCB800411106C623A6019023A8019023A0019044
:10CCC8001785FF1F0345D54541CD9307200C330534
:10CCD800F5029165938515701905420541819750B4
:10CCE800FF1FE780601F23A6A1909307200C1786DB
:10CCF800FF1F0346F6423306F602814519069740A0
:10CD0800FF1FE780E0429387C1909C431787FF1F6E
:10CD18000347174181459386870B7D5563E8E506F0
:10CD28009306800BB306D7020146FD550507B69753
:10CD380023A8F190BE862390B600A381B600238174
:10CD4800B6002382060005069906E366E6FEF95654
:10CD58002390D70099463307D702BA9723A0F190BA
:10CD680017E5FFFF13050564EFD01FD117E5FFFF97
:10CD78001305457FEF903F9417E5FFFF130505590D
:10CD8800EF20401CB2400145410182802394A6F463
:10CD98001386C6F423100600232406003106E31B7D
:10CDA800D6FE85059386860B95BF411122C42A8439
:10CDB80006C6EFD08FF3EFE06F8A238E81829387C8
:10CDC80001908843EFE04F87238581842244B24055
:10CDD800170500001305C5E641016F20A0169397BB
:10CDE8000501C18763D00736797103C5C18322D491
:10CDF80052CC06D626D24AD04ECE2E8AEF806FA7C6
:10CE08002A8421C9034705009307000B6310F70420
:10CE18008547A304F100938741909C4323150100A3
:10CE2800A1E7EF00C07E9165938535709750FF1F8D
:10CE3800E780800A23A2A19005E98347910099C75A
:10CE48008345440013058400EFD0DFE02285EF809E
:10CE58002F9BB250225421653345AA00925402599F
:10CE6800F249624A45618280614681451785FF1F04
:10CE7800130505069740FF1FE780802B03494400F0
:10CE880089479789FF1F9389A904631DF906EF0055
:10CE980000789787FF1F239DA70203552400CE859E
:10CEA800EFF0A013035724009787FF1F83D747028B
:10CEB8008356840011ED63E4F6002314F4008355CF
:10CEC80084003A85EFD0BFBB2285EFD09FB2B5B7BB
:10CED80063E4F6002314F40083578400D9450D4613
:10CEE8009786FF1F2396F6FE9786FF1F938646FEBA
:10CEF8003A85EFD01FB38D4561D91785FF1F1305FC
:10CF080025FDE1A09947631CF9029305A10022853C
:10CF1800EFF06FCAAA844DD9D947639BF40E05096F
:10CF2800035524001379F90FD9459786FF1F938677
:10CF380026FA4A86EFD0FFAECA8559D57DBFA147EC
:10CF48006318F9009305A1002285EFF0FF96D9B781
:10CF5800A947631FF906035584006C00EFE0CFE290
:10CF6800AA84630705160355240041669306E10069
:10CF780055477D16AD45EFD03FB69787FF1F23ABCA
:10CF8800A7F4AA8649C1834844000358E100035620
:10CF9800C10003552400A68581474E87EFE03FFC7A
:10CFA800AA846316051003552400CE85EFF0C0232C
:10CFB800E30C05F003552400CE862D46D945EFD065
:10CFC8005FA6E30305F0AD454E85EFD0BFC8EDBDC4
:10CFD800B1476315F910035584006C00EFE0CFDA10
:10CFE800AA846307050E0355240041669306E100F1
:10CFF80059477D16B545EFD03FAE9787FF1F23AB46
:10D00800A7ECAA863DE183578400C5442315F100A7
:10D0180003471400D147E309F7EA8347440003555F
:10D0280024009785FF1F9385A5EA1787FF1F230113
:10D03800F7EA8357A1001787FF1F231CF7E8978794
:10D04800FF1F238997E8EF901F86E30F05E6035536
:10D0580024009786FF1F9386A6E70546D945EFD09B
:10D068005F9CE30305E6854549BD834844000358B2
:10D07800E1008357A4000356C10003552400A68588
:10D088004E87EFE0DFEDAA841DE103552400CE852D
:10D09800EFF0401BE30A05E203552400D945CE868C
:10D0A8003546EFD01F98B545E30005E2B9B5D94735
:10D0B8006393F400814403A549009750FF1FE7805C
:10D0C800C0EEE38304E0835784002315F10089B799
:10D0D8008357840085442315F1001DBFB9476318A1
:10D0E800F9009305A1002285EFF00F9625B5C147F9
:10D0F8006318F9009305A1002285EFF02FDA19BD16
:10D10800C947631AF900130691009305A100228507
:10D11800EFE06FF901B5D947631DF9009305A10048
:10D128002285EFE06FE7AA84E31805DEA304010077
:10D1380061BBE147E31AF9D89305A1002285EFE026
:10D14800CFD3C9BB01458280E9CE011152C42E8AD2
:10D15800854522CC4EC656C206CE26CA4AC8AA8AD9
:10D16800B6893284EF10D066D14715C183C70192C2
:10D1780083C61192814419E0B684BE8613878191D3
:10D18800184393974400BA9763EDD400D547F2400B
:10D198006244D2444249B249224A924A3E850561D4
:10D1A80082803E89C10703D727FF09C7850493F406
:10D1B800F40FD9BF2DC09565938525C013050002CE
:10D1C8009750FF1FE78040D12326A90061D113069D
:10D1D80000028145938404049740FF1FE78040F5CF
:10D1E80023119900230009002313590105C8178743
:10D1F800FF1F1307A7E88347940010432304F9008F
:10D20800118C8327C90011841180238E870023A0E5
:10D2180029018147ADBF23260900E9B72304490145
:10D22800FDB785473E85828093878191984383C562
:10D23800019281476395F5008146368582800356C1
:10D248002700BA8619C2E30AA6FE850793F7F70FE7
:10D258004107CDB793878191984303C601928147CF
:10D268006315F60081463685828083552700BA8685
:10D2780089C583454700E388A5FE850793F7F70F1F
:10D288004107F9BF9787FF1F938747DF984383C5F7
:10D29800319281476395F500814636858280035631
:10D2A8000700BA8619C2E30AA6FE850793F7F70FA7
:10D2B8004107CDB7938781919C4303C811920147D9
:10D2C8006315E80081463685828003D62700BE862E
:10D2D80019CA03D667006318A600D04709C60356C3
:10D2E8002600E302B6FE05071377F70FC107C9BF8B
:10D2F800411122C4404526C206C6AA8415C0484426
:10D3080009C59750FF1FE78040CA484809C597508C
:10D31800FF1FE78080C922859750FF1FE780E0C87C
:10D328002685414681459740FF1FE78060E0B2406F
:10D338002244FD57A384F4009244410182800111E4
:10D3480022CC2A840355250006CE2EC6EF10701174
:10D35800324622858145EF00906C22856244F24076
:10D3680005616FF0FFF80DC503572500411122C470
:10D3780006C62A8411CBDD45EF00506E2285224473
:10D38800B24041016FF0DFF6B24022444101828091
:10D398008280411126C231479304C5FF3387E402D6
:10D3A8009787FF1F938787CE06C622C43E9783566A
:10D3B800A7006397B602484305C53E849307F00F5C
:10D3C8006306F60083470500639CC7009750FF1F5C
:10D3D800E780A0BDB147B387F402A29723A2070054
:10D3E800B2402244924441018280411122C42E84D9
:10D3F80026C24946AA848145228506C69740FF1F52
:10D40800E78000D3ADC083C7C4011397470097874F
:10D41800FF1F9387A7C69C43BA9703D7070023101B
:10D42800E40003D7270083D767002311E40013879C
:10D43800E191035707002312E40003D704002313E4
:10D44800E40003D724002314E40003D74400231581
:10D45800E40003D764002316E40003D784002318EC
:10D46800F4002317E400B240224492444101828030
:10D478009787FF1F938787C003A807009387819129
:10D48800904383C50192014781476394E5003E8537
:10D4980082808346060081CE544691CA83C6C6015F
:10D4A8009206C2966315D500850793F7F70F05070F
:10D4B8001377F70F4106D1BF130600643386C50200
:10D4C80093069500AA8517050000130505EA6F80E5
:10D4D8008F99411122C406C62A8403459500EF801E
:10D4E8008FACFD57A304F400B2402244410182806E
:10D4F800011122CC4AC84EC652C456C206CE26CA0C
:10D508002A89AE890144138A81919D4A83C7119261
:10D518006362F4046397090293898191130AF00FF7
:10D5280083C701926366F4061144A1442285050469
:10D5380042041306F00FCA854180EFF09FE5E31718
:10D5480094FEF2406244D2444249B249224A924A85
:10D558000561828083270A0093144400BE9483C720
:10D5680004009DC383D76400639027036396590121
:10D5780003D52400EF10E06E26854E868145EF0026
:10D58800104A2685EFF0DFD605041374F40FBDBFEB
:10D5980083A7090093144400BE9483C704009DC365
:10D5A80083C794006380470383D76400639C270183
:10D5B8002685EFF01FF22685D145EF00304A2685F3
:10D5C800EFF01FD305041374F40F99BF416779175F
:10D5D800630BE502411122C406C685472A84639974
:10D5E800F50022852244B240814541016FF05FF089
:10D5F80089476396F5008545EF10901D7DD1B240AF
:10D6080022444101828082809D456FF07FEE03D5E0
:10D61800E1918280011106CE2317A1002316B100E3
:10D6280003C7C19185476318F70070009305E100AF
:10D638000545EF503025F24005618280A947631CFB
:10D64800F60483C7150003C70500A207D98F231066
:10D65800F50083C7350003C72500A207D98F23111A
:10D66800F50083C7550003C74500A207D98F2312C9
:10D67800F50083C7750003C76500A207D98F231378
:10D68800F50083C7950003C78500A207D98F231427
:10D69800F500014582800545828091476314F602B2
:10D6A80083C7150003C70500A207D98F2310F5000B
:10D6B80083C7350003C72500A207D98F2311F500BA
:10D6C80001458280054582809387C5FF93960701AF
:10D6D800C1820D476360D70231473387E7029787D6
:10D6E800FF1F9387A79ABA972381A7002390B700B3
:10D6F800014582800945828013074020AA87637408
:10D70800A70093074020F117239FF1902381B1923E
:10D718002382B1928280190595654205411193854E
:10D7280035C0418106C69740FF1FE780E07A11C5E2
:10D73800B240E95541016FE0E076B2404101828094
:10D748002380019223810192A3810192A3800192F7
:10D75800238E0190854701111787FF1F2306F79233
:10D7680006CE2AC622CCA3820192239F019023AC25
:10D778000190EF1000583245130600038145978742
:10D78800FF1F238FA78E1785FF1F1305259097402E
:10D79800FF1FE780E0991785FF1F0345259231C1D8
:10D7A8009565938545C012059740FF1FE780C072B5
:10D7B8001787FF1F2324A78C0DC59787FF1F938703
:10D7C800E78F83C717001786FF1F0346268F8145FB
:10D7D800A380F192A381C19212069740FF1FE780B0
:10D7E80020959387119283C707001785FF1F03456C
:10D7F800259395653E951375F50F2380A192938522
:10D8080055C012059740FF1FE780006D23ACA1901B
:10D8180051C103C60192120681459740FF1FE78058
:10D82800209193878191984383C601928147250768
:10D838007D56639AF604EF104070B1473305F50240
:10D848009565938565C0420541819740FF1FE78034
:10D85800A0689787FF1F23A7A7822A8401CDEF100E
:10D86800C06D31463306C502814522859740FF1FAA
:10D87800E780008C6244F24017050000130545D587
:10D8880005616F10206C85072300C70093F7F70F19
:10D89800410745B723800192A380019269BF4111D6
:10D8A8009397050126C206C622C4C187AE8463DEEB
:10D8B80007081775FF1F0345A57CEF708FFB2A84A7
:10D8C80039C903470500930700096313F7040347A1
:10D8D8001500CD476319F706034525009775FF1F07
:10D8E80083C5356983C721929306640001460147C1
:10D8F8002E886319E50219C22381F19283C7219208
:10D9080081CB85451775FF1F03458577EF707FAA83
:10D918002285EF70EFEE2165258DB24022449244B6
:10D928004101828003C60600B29713F6F70F93777A
:10D93800F80F6374B6009377F60F05071377F70FA0
:10D94800890605467DB72125E1B793F715000145FE
:10D95800E9D7EF00506D19C983C7219281CB85455E
:10D968001775FF1F0345C571EF70BFA413C51400D9
:10D978006DB785462A8763FBC60483C7150003C6AF
:10D988000500A207D18F2310F500639CD70083C739
:10D99800350083C62500A207D58F2311F500014560
:10D9A8008280894601456394D70283C7350083C6C0
:10D9B8002500A207D58F2311F70083C7550083C61A
:10D9C8004500A207D58F2312F70082800545828083
:10D9D80091476314F60283C7150003C70500A20721
:10D9E800D98F2310F50083C7350003C72500A20788
:10D9F800D98F2311F5000145828005458280914722
:10DA08006314F60283C7150003C70500A207D98F60
:10DA18002310F50083C7350003C72500A207D98F57
:10DA28002311F5000145828005458280A1476314D2
:10DA3800F60483C7150003C70500A207D98F231072
:10DA4800F50083C7350003C72500A207D98F231126
:10DA5800F50083C7550003C74500A207D98F2312D5
:10DA6800F50083C7750003C76500A207D98F231384
:10DA7800F50001458280054582808947631CF600D0
:10DA880083C7150003C70500A207D98F2310F50027
:10DA980001458280054582808357260079714ECEE4
:10DAA80006D622D426D24AD01307F007AE8963726D
:10DAB800F70209473AC42316F100300093F5F50F31
:10DAC800EF100019B250225492540259F24945619C
:10DAD800828003574600D9462A89328463F8E600D3
:10DAE8008357660063F4F6006379F7002314010096
:10DAF800300093F5F90F4A85E1B70355060002C4D3
:10DB0800EFF04FF8AA8459C1EFF09F9683C78400BD
:10DB18006369F5001146A246CE854A85EF10A00834
:10DB280055B7340026869305F00F4A85EFF0CFE10C
:10DB380075F1A24703578400DC472390E700035799
:10DB480024002391E700035744002392E70003577A
:10DB580064002393E70003D744002394E700DC44E0
:10DB680085CB93F4F90F2286A6854A858297C167EB
:10DB7800FD172A86E311F5FA22459947F94523004E
:10DB8800F50023029500EFF03F932DBF094661B7DA
:10DB9800014651B7A947631CF60483C7150003C79C
:10DBA8000500A207D98F2310F50083C7350003C7E6
:10DBB8002500A207D98F2311F50083C7550003C795
:10DBC8004500A207D98F2312F50083C7750003C744
:10DBD8006500A207D98F2313F50083C7950003C7F3
:10DBE8008500A207D98F2314F500014582800545D9
:10DBF800828083C705002300F50083C71500A300B2
:10DC0800F50083C7350003C72500A207D98F231164
:10DC1800F50082802322050003C745008947630475
:10DC2800F7000545828083D665000D47E37BD7FE64
:10DC38009C45011106CE22CC26CA4AC84EC683C4CA
:10DC4800170003C60700A204D18C13864400631191
:10DC5800D60403C4370083C72700AE8922045D8C2D
:10DC68009307C4FFC207C1832A89636FF70003A51E
:10DC780089002311990023108900F155EFE08022D3
:10DC88002322A900014531A02285EFF0EFD965F1E3
:10DC98000545F2406244D2444249B2490561828056
:10DCA800397122DC2E84834704004AD806DE26DA3E
:10DCB8004ED619472A89B285639AE7060346240097
:10DCC8002800EFF0FFD0AA8415E903558100EFF092
:10DCD800AFD5AA898345140015C92E8617170000E9
:10DCE800130727EA34009D454A85EF00903F4E858B
:10DCF800094681452D234E85EFF08FDFF25062549F
:10DD080026854259D254B25921618280894723100D
:10DD1800F100835781000A862311F1008357A1007F
:10DD28002312F1004A85EF00B072C9BF4947639DCD
:10DD3800E702035624002800EFF05FCFAA845DFDB8
:10DD48009777FF1F83D7473599E3814445BF03473A
:10DD58001400834604003C000146CA851775FF1F5E
:10DD68000345A533812659BF51476390E7020356FF
:10DD780024002800EFF09F8CAA8449F18345140001
:10DD880030004A85EFF05FD195BF59476391E706A8
:10DD9800035624002800EFF05F90AA8425F18355EC
:10DDA80081004A85EFF00FD10DC958458356A1006F
:10DDB80083570700B697C207C1832310F700D1D74E
:10DDC8005C47C1D783C72192C9D385451775FF1F03
:10DDD8000345052BEF70EFDD15B789473EC0835724
:10DDE80081000A86834514002312F10025BF83456C
:10DDF80014000A8623100100EF009065B9B75D7121
:10DE0800A6C256DA86C6A2C4CAC04EDE52DCAA8AA8
:10DE180003C51500AE8432C6EFF0CFC3B24501ED9D
:10DE28008144B6402644268506499644F259625AEA
:10DE3800D25A61618280230205002311050083C93B
:10DE4800040085472A84639AF90003C62400280839
:10DE5800EFF03FB2AA8405492DA09D476394F904C9
:10DE6800034705008D47E31DF7FA03C62400280879
:10DE78000549EFF0DFB8AA8409E505468145228502
:10DE8800792E2285EFF0EFE4034584003C08014732
:10DE9800CE862686D6853924E30509F82285EFF053
:10DEA8002FC541B7CD47639DF9000347050091474A
:10DEB800E318F7F603C624002808EFF01FBC59BF83
:10DEC800D547E39FF9F4034A05008947E31AFAF4B2
:10DED80003C6240028080549EFF0DFCBAA8455F1D2
:10DEE80083570102BDE3035781011306F0035C4425
:10DEF800930607FCC206C182636CD6000356A101D3
:10DF0800D94663F7C6008356C101D94563EFD500EA
:10DF1800035524002391E7000549EF009054035668
:10DF28000102D2852285712CA9BF8355E101239175
:10DF3800E7002392C7002390B7002393D7008547B3
:10DF48002300F400014A0149D9BF014AC9BF7971C8
:10DF5800AA8522D426D203542500AA84280806D6E6
:10DF6800EFF05FCBF24599E535E985452285EFF07D
:10DF78006FEAC1A0835781011547639BE7060357E2
:10DF8800A1018D4763FCE7046800EFF09FC60357C3
:10DF9800E100DD4763FCE7008345D100B7071700C0
:10DFA8008507100822853EC8EF00904A8357E10094
:10DFB8000357A10191076305F7002285EFF0CFE42D
:10DFC8008347C10072466C00858B1106228591CF6C
:10DFD800EFF0FFE201C52285EFF00FE3884451D549
:10DFE8009740FF1FE78060FC49B7EFF07FCBDDB7B4
:10DFF80011476389E7001387A7FF420741838546D6
:10E0080063EEE6023147F117B387E7021777FF1F80
:10E018001307C707BA9703D7070069D303C52700B3
:10E028003008A2850D205DF9035781019147E31E51
:10E03800F7F2B25022549254456182802C0822850E
:10E04800892E49FDFDB701114AC82A89314526CADA
:10E0580006CE22CC2EC6B284EF605FFD31C1B24538
:10E068009307000A2310F5002311B5002A842146DE
:10E0780011058DC0A6859730FF1FE780E007A285B0
:10E088004A85EF700F860145F2406244D244424906
:10E098000561828081459730FF1FE7806009C5B719
:10E0A8000545DDB7797126D2AA841305000206D684
:10E0B80022D42ECE32CC36CA3AC83EC6EF601FF7FD
:10E0C80031C96246F2454247D246B2472A8413050F
:10E0D80020FA2300A400A300C4002311B4002302E3
:10E0E800E400A302D40013058400614691CFBE85E5
:10E0F8009730FF1FE7804000A2852254B250268542
:10E10800925445616F60FFFD81459730FF1FE7809E
:10E118002002DDB7B250225492544561828058459E
:10E12800797122D406D62A84AE8651C38357270034
:10E13800231DF10093072006639FF5049387E1915F
:10E1480003D60700835767006373F600B28713F698
:10E15800F70F83552701834707018D8F93F7F70F33
:10E1680081E5890793F7F70FB297FD17B3C7C70281
:10E17800231EF1008357240083556400034584005F
:10E18800231CF10001473C080146EFF0BFF1B250F3
:10E198002254456182800347C7019777FF1F938701
:10E1A800E7ED9C431207BA9783D76700D1B72EC60D
:10E1B8001946814528089730FF1FE78060F7B24667
:10E1C80055BF797122D406D626D22A848DC18147BB
:10E1D8000147930600062E86835564000345840094
:10E1E800EFF05FECB2502254925445618280B284C1
:10E1F800280059469730FF1FE78080F323149100C9
:10E2080089E88357240048446C002315F100EFF097
:10E21800CF9D3C00014793060006014675BF797102
:10E2280006D6814799ED8357250058452316C10026
:10E238002314F1003C0011C7835727002315F10070
:10E248003C002E86835565000345850001479306EB
:10E258000006EFF03FE5B25045618280411122C4CB
:10E2680006C68347050011472A846395E7022E8670
:10E27800835565000345850081470147CD46EFF08A
:10E288007FE24946835564002244B2401545410166
:10E298006FF02F9013F7B70F89466317D700014621
:10E2A800EFF03FF25146F9BF0D476398E70022446B
:10E2B800B240014641016FF09FF6B240224441014D
:10E2C800828083D705003147F1173387E7029777B4
:10E2D800FF1F9387A7DBBA97D84319EBD84123953B
:10E2E800A7000145D8C303D725002394E7008280FF
:10E2F80059458280797122D4404526D24AD006D623
:10E30800AA842E8925C0484419C59740FF1FE78075
:10E31800C0C9232604008357040083D5640003C5BD
:10E3280084002315F1008357240001479306400613
:10E338002316F100835784004A862317F1001C48EE
:10E348003EC883D724002314F1003C00EFF09FD58A
:10E35800A30E240123280400B250225492540259D7
:10E36800456182802800314681459730FF1FE7804C
:10E3780020DC83D7240083D5640003C584002314DC
:10E38800F10001473C00930640064A86EFF09FD112
:10E39800E1B7797152CC2A8A03D5050026D206D670
:10E3A80022D44AD04ECE56CAAE84EFE0FFE719E138
:10E3B800854749A04045AA8965DC83576500E399EC
:10E3C80047FF83578400638907128346C401977AFD
:10E3D800FF1F938AAACA03A70A009206FD17369759
:10E3E800C20703576700C1832314F4006316F700BC
:10E3F80093053006EFF0BFD25C48A5EFC84003494B
:10E4080015008347050022093369F90083D72400E2
:10E4180013072900631AF702F955EFD0B028C8C0CE
:10E428002391240103C589002686D285EFF0BFC158
:10E43800814721E1B250225492540259F249624A6A
:10E44800D24A3E85456182809565938515C04A8587
:10E458009740FF1FE78040A848C8C840231C2401F4
:10E46800F955EFD0302483D72400C8C0F917239179
:10E47800F400484859C503D624008356A40183579D
:10E4880084013308D60063C007090347C40183A782
:10E498000A0095451207BA9783D7270063CF070567
:10E4A800CC4036959730FF1FE78000C50357A4017D
:10E4B80083D72400BA97C20703578401C183231D59
:10E4C800F400E397E7EE03D7290003C5890030007D
:10E4D8002314E1005848D2852315F1003AC6EFF01D
:10E4E8009FB611C548489740FF1FE78000AC232A14
:10E4F8000400232C04006DBD99454E85EFE03FE4F0
:10E5080045BDA545DDBF9145CDBF03D7250069CFE2
:10E5180083D6E191ED4763EAE60C011122CC2E8403
:10E5280026CAAA844840914506CEEFD0B017835733
:10E538002400AA862300F50083572400A183A300A2
:10E54800F500835704002301F50083570400A183D5
:10E55800A301F50003562400C167F9171106420606
:10E5680041826396F4042AC4314532C6EF601FAC79
:10E57800AA85CD471DC5930700F93246A246230058
:10E58800F500F9572311F50089472302F5002313F5
:10E59800C50014C51775FF1F034585AEEF607FB42E
:10E5A8008147F2406244D2443E85056182808145BC
:10E5B8002685EF40503AAA8701E903C7219275D30F
:10E5C8007D172381E192F1BF09476302E5021D47E8
:10E5D8006301E50249476300E5027D47E313E5FC73
:10E5E80003C721928147E1BFED473E858280D1472D
:10E5F8004DBF91477DB789476DB7011122CC4AC8F5
:10E6080031441309C5FF330489029777FF1F9387A5
:10E61800E7A706CE26CA3E94584031C783C6219242
:10E62800BE84854795CA2314A100835784000355E7
:10E63800A4002C003AC62315F100EFF01FED11C518
:10E6480048409740FF1FE7804096B147B307F9025B
:10E65800A69723A207008547F2406244D244424964
:10E668003E85056182808147C5BF797126D24445C0
:10E678001387E1914AD083D764000359070052CC2D
:10E6880006D622D44ECE56CA2A8A63F327013E897B
:10E6980003D7240142091359090183D7040141CB47
:10E6A800998F4A8463D527011394070141808945CE
:10E6B8002285EFF04F86AA89CD4A25C183D7240049
:10E6C8002AC6231581002314F10083D7240185E38A
:10E6D80083D70401930925002300F50083D704019B
:10E6E800A183A300F5006376240503D4040183D72E
:10E6F8002401CC4422864E85BE959730FF1FE780C3
:10E70800A09F03556A002C00EFF03FE0AA8A15C5C8
:10E718004E859740FF1FE7804089B25022545685A6
:10E7280092540259F249624AD24A45618280890765
:10E738008DBF7914420441805DBF03D7240183D77C
:10E7480004003A94FD17C207420403D70401C183A9
:10E7580041802390F400239984006377E400D5FF77
:10E76800FD57A38EF40055BF81455285EFF09FB841
:10E778006DB701114EC683C9519222CC52C456C2FC
:10E788005AC006CE26CA4AC84E84138A8191854A41
:10E79800130BF00F83270A0093144400BE9403C997
:10E7A800040063175907DC44A5C7D84735C303D706
:10E7B800070039C383C7219289CF2685EFF0FFEA86
:10E7C800AA8515E5050483C71192635FF400A38247
:10E7D8008192F24062444A85D2444249B249224A6F
:10E7E800924A024B05618280A3820192DDB7268599
:10E7F800EFF05FB00149F1BF83C7D701639A6701A2
:10E80800930520062685EFF09F91DC44A38E070030
:10E8180005041374F40F83C711926363F400014471
:10E82800E31A34F7C1BF4111154506C6EFF0FFDC06
:10E8380009C50545B240410182801945EFF0FFDB6B
:10E848006DF91145EFF07FDB6DF51D45EFF0FFDA4F
:10E858006DF183C71192F9DFB24041016FF07FF18A
:10E8680083D705000D47F117C207C1836361F70617
:10E87800DC41B1CF411122C42E84854526C206C68B
:10E88800AA84B92739C526859525C167F917638FE5
:10E89800F40009ED8357240091CB835604001947EF
:10E8A800639FE60203D7E19163FBE70283C72192E6
:10E8B800A285268599C72244B240924441016FF04F
:10E8C800DFC42244B240924441016FF09F9F094542
:10E8D80082805145B24022449244410182806D4574
:10E8E800D5BF397126DA4ED6AA84AE895D458945E9
:10E8F8004AD806DE22DC328936C63AC4EFE0BFE1E8
:10E9080025C522472A84014511C7B246130544008C
:10E91800B68502979357850023003401A30024018C
:10E928002301A400A301F40011059547231DA100AC
:10E93800231CF10022CE83C721922C08268595C37B
:10E94800EFF0BFBCAA8411C522859730FF1FE7806E
:10E95800C065F250625426854259D254B259216199
:10E968008280EFF01F96F9BFCD44E5B7797126D2C2
:10E978004AD052CC56CA06D6BA8A22D44ECE1947A5
:10E988002E89B284368A6391E50803552600094426
:10E99800EFE09F892AC649C15C458359650083D742
:10E9A80027002390F400B2471547238057011766C4
:10E9B800FF1F0346666D2391E700130716001377C0
:10E9C800F70F9766FF1F2381E66C2382C70011E7C4
:10E9D80005479766FF1F2389E66A5147631AE900CE
:10E9E80015472391E400DC4703D784002394E7000C
:10E9F8005287A686CA854E85EFF0BFEE2A84324537
:10EA080015C4EFE0FF8E09A842867400BE85AA8966
:10EA1800EFE08FF32A8441D92285B25022549254D0
:10EA28000259F249624AD24A45618280F945EFE0CB
:10EA3800BFA8DDB783D705002300F50083D70500FD
:10EA4800A183A300F50083D725002301F50083D710
:10EA58002500A183A301F5001145828083D7050015
:10EA68002300F50083D70500A183A300F50083D711
:10EA780025002301F50083D72500A183A301F50014
:10EA880083D745002302F50083D74500A183A3025D
:10EA9800F50083D765002303F50083D76500A183BC
:10EAA800A303F5002145828083D705002300F500E4
:10EAB80083D70500A183A300F5000945828083D789
:10EAC80005002300F50083D70500A183A300F50006
:10EAD80083D725002301F50083D72500A183A3014F
:10EAE800F50083D745002302F50083D74500A183AD
:10EAF800A302F50083D765002303F50083D76500DB
:10EB0800A183A303F50083D785002304F50083D7E9
:10EB18008500A183A304F5002945828003D7050059
:10EB28008546AA872300E50003D705002183A300B3
:10EB3800E50003D70500631DD70003D7250023018F
:10EB4800E50003D725002183A301E5001145828054
:10EB580009456315A70203D7250019452381E70056
:10EB680003D725002183A381E70003D7450023822B
:10EB7800E70003D745002183A382E700828083D77B
:10EB880005002300F50083D70500A183A300F50045
:10EB980083D725002301F50083D72500A183A3018E
:10EBA800F50011458280797126D24AD04ECEB284C2
:10EBB8002A89AE8929468145480022D406D636845A
:10EBC8009720FF1FE780C0562316910095EC8357C6
:10EBD80024002312F1009387E19183D707002314BF
:10EBE800F1005C4495C383C6C7011767FF1F13076D
:10EBF800E7481843920683D78700369703572700BC
:10EC08002315F1002313E1004A85170700001307B5
:10EC180047EB540013F6F90FD545EFF09FCC2A893E
:10EC280011C19DE085472300F4002302040001463A
:10EC380081452285EFF0EFD8B25022544A8592548C
:10EC48000259F249456182802285EFE06FEAEDB70B
:10EC5800B286170700001307A7EC2E8685456FF0CC
:10EC68005FC801112317A10041657000014893078F
:10EC7800F00F0D4797060000938606DC99457D1531
:10EC880006CEEFF0BFCEF24005618280B287014820
:10EC98002E86114797060000938686DCC9456FF0DB
:10ECA800FFCCB28617070000130747E02E86CD4534
:10ECB8006FF03FC3011122CC26CA4AC84EC606CE01
:10ECC8002A89AE891764FF1F1304C43F9764FF1F86
:10ECD800938444421C4081C7CE854A85829711049B
:10ECE800E31A94FEF2406244D2444249B2490561B3
:10ECF80082801765FF1F03455528937735000981E2
:10ED08001767FF1FA30EF740AA971767FF1F23096E
:10ED1800F740D9C31305C0033385A702A565411180
:10ED2800850506C69730FF1FE780001B9767FF1F02
:10ED380023A8A7389307C0031766FF1F0346463E5C
:10ED48003306F60281459720FF1FE780603E9767EC
:10ED5800FF1F9387E7369C439766FF1F83C6463C91
:10ED6800014789077D56634FD700B2401306000359
:10ED780081451765FF1F1305E53441011723FF1F60
:10ED88006700033B2390C7002381070023A50702E0
:10ED980005079387C703C1BF82809767FF1F9387C3
:10EDA800273298431766FF1F034686378147631546
:10EDB800F600814636858280BA861307C7038355D5
:10EDC80067FCE389A5FE850793F7F70FCDB7011117
:10EDD80022CC2EC632C406CE2A84EFF01FFC22466F
:10EDE800B24511E9C167F9176303F4005145F240D0
:10EDF80062440561828054558347450095C213F7E4
:10EE0800270141456314A700154575F2C18B3D459F
:10EE1800F9DF83C7A6010145E3FBB7FC3145C1BF54
:10EE2800C18B0145E9F71545D9B7797126D2C16477
:10EE380022D44AD04ECE52CC56CA06D62A8901448C
:10EE48009769FF1F9389C927130AC003FD14854AD0
:10EE58009767FF1F83C7C72C6364F400014535A873
:10EE6800B307440303A70900BA9703D7270063161B
:10EE7800970005041374F40FE1BF03C55700300071
:10EE880093856700EFB040381946CA852800972057
:10EE9800FF1FE780602FE31E55FDB25022549254A5
:10EEA8000259F249624AD24A456182809767FF1F38
:10EEB80093870721C16698439765FF1F83C5452639
:10EEC8008147FD166395F500014632858280035817
:10EED80027003A866306D80003480700E307A8FE20
:10EEE800850793F7F70F1307C703E9BF411106C654
:10EEF800EFF0BFEA11C503554501B24041018280D8
:10EF08000145E5BF9767FF1F9387871B984397665F
:10EF1800FF1F83C6E6208147110701456393F6006A
:10EF280082800346070001C605051375F50F85079E
:10EF380093F7F70F1307C703D5B71765FF1F0345E7
:10EF4800251E82801767FF1F1307C7178147BA86D8
:10EF580031460C4391E58A07B69788C301458280FC
:10EF680085071107E397C7FE4D458280411106C604
:10EF780022C4EFF09FE21DCD2A8403552500854564
:10EF8800EFF05FD3485409C59730FF1FE780E001D1
:10EF980022851306C00381459720FF1FE78040198B
:10EFA800FD572311F400230204000145B240224416
:10EFB800410182800945DDBF411106C6EFF0FFDD42
:10EFC80011C50345C500B240410182800145E5BF36
:10EFD800C167F9176304F502411122C406C62E84DD
:10EFE800EFF0BFDBAA87014591C703C54700698CCD
:10EFF80033358000B2402244410182800545828039
:10F00800011106CE2EC6EFF05FD9854711C9035707
:10F018004501B24585476305B700231AB500814706
:10F02800F2403E850561828021CD01114AC84169BF
:10F0380022CC26CA4EC652C406CE0144AA84976979
:10F04800FF1F9389E907130AC0037D199767FF1FFC
:10F0580083C7070D634AF400F2406244D244424930
:10F06800B249224A056182803305440383A7090017
:10F078003E95835725006383270182940504F9B7D9
:10F0880082809767FF1F9387A7039C43C166176613
:10F09800FF1F0346E608890701450147FD1691450C
:10F0A8006313E600828003D807006309D80003C809
:10F0B800A7006315B80005051375F50F0507137745
:10F0C800F70F9387C703E9BF9767FF1F938747FF2A
:10F0D80094431766FF1F0346A6040147910681471C
:10F0E8006310E602858393C7F7FFC207C18305450E
:10F0F8006364E50285473395A70042054181828014
:10F1080083C5060081C583D5C602CD8F0507137751
:10F11800F70F9386C603E9B793F61700E1FE0505D6
:10F1280085831375F50FE9B7797156CAAA8A2E85B2
:10F1380026D24AD04ECE52CC5AC85EC662C406D633
:10F1480022D4AE84328B368CBA8B3E8AC2894689E9
:10F15800EFF0BFC449E141657D15EFF01FC42A8473
:10F16800554531CC1946DE8513056400A302840198
:10F178009720FF1FE78040F883570103231194006D
:10F18800230264012319F400835741032300540127
:10F1980023260402231AF40023064401231734010A
:10F1A80023182401EFF05FF22318A402232A040293
:10F1B8002685232C04028145EFF0DFAF0145B250CC
:10F1C800225492540259F249624AD24A424BB24BF3
:10F1D800224C456182804545DDB79767FF1F9387BD
:10F1E80027EE98439766FF1F83C686F3814763958A
:10F1F800F60041657D1582803A861307C70383555B
:10F2080047FF6395A500035526008280850793F77D
:10F21800F70FF1BF9767FF1F938787EA944341660B
:10F228001768FF1F0348C8EF01477D16954811432B
:10F238006314E8000145828083D726003685638001
:10F24800C704CC5A8DCD83C7350083C5250089CD29
:10F25800938597FD93F5F50FE37FB3FC9387D7FA72
:10F2680093F7D70F89EF82809385F7FD93F5F50F14
:10F27800E3F3B8FC9387D7FA93F7D70FCDDF0507E9
:10F288001377F70F9386C60365B79767FF1F9387B2
:10F2980027E3416698439765FF1F83C565E8814763
:10F2A8007D1625486394F500014582808356270022
:10F2B8003A85638CC600545B89CA83C63600938638
:10F2C800E6FD93F6F60FE372D8FE850793F7F70F7E
:10F2D8001307C703C1BF011122CC2A84494506CEB2
:10F2E800EF80EFB715C12AC62285EFF01FAB09CD15
:10F2F8006244324683550503F2401765FF1F0345F4
:10F30800D5E105616F60EFA2F24062440561828039
:10F3180039714ED652D4AE892A8A930530054145B3
:10F3280026DA4AD856D206DE22DC32C63689BA8AAE
:10F338009730FF1FE78040BACD4431C92A848944F9
:10F348006382090432468145231AC1004146972049
:10F35800FF1FE780E0DD5686CE8522859720FF1FB8
:10F36800E78080D92146630E0902CA8528089720BC
:10F37800FF1FE78060D8A28650082C085285EF301E
:10F38800B053AA8422859730FF1FE78000C2F2504D
:10F39800625426854259D254B259225A925A21614E
:10F3A8008280814528089720FF1FE78060D8E1B751
:10F3B800411122C4405926C206C6AA8429CC085441
:10F3C80009C59730FF1FE78040BE285809C5973008
:10F3D800FF1FE78080BD685809C59730FF1FE78089
:10F3E800C0BC285C09C59730FF1FE78000BC685C7B
:10F3F80009C59730FF1FE78040BB0325040809C5EE
:10F408009730FF1FE78060BA22859730FF1FE7809B
:10F41800C0B923AA0402224483D50403B24092440B
:10F428001765FF1F034575CF41016F60CFB24111CA
:10F4380026C206C622C4AE84EFF03F9621C54C59B9
:10F448002A84A9C183A8C50703A88507FC59B85908
:10F4580083C6650003D6050083C525002685EF8091
:10F468002FA82285EFF0DFF4EFF03FE201CD224430
:10F47800B24092441765FF1F034535CA85454101CF
:10F488006F503FF3B24022449244410182800111FF
:10F4980022CC06CE2A842EC6EFF03F905C5991CF3D
:10F4A80083D70700B245639A870085476397F500BD
:10F4B8006244F24005616FF0BFEFF24062440561BB
:10F4C8008280411106C622C426C2EFF0BFD429C5E6
:10F4D8004059AA8431C08347240095CB9767FF1F02
:10F4E800938787C19C4389C7DC4399C32285829748
:10F4F800034734009307F0026310F702224403D550
:10F508002400B2409244814541016FF05FF2976751
:10F51800FF1F938727BEF9B7B240224492444101A6
:10F528008280411126C24AC006C622C4AA842E89F6
:10F53800EFF0BF8631C1405961C083570400639D15
:10F54800970A8347340013071002639DE70883472F
:10F558002400C1C77C540327040883D7470105E763
:10F5680013F717000DC3185403574700058B01CF35
:10F5780093072002A301F400B240224492440249B6
:10F5880005454101828013F7270009CB185403571A
:10F598004700098B01C793074002E9BF918B89CBCC
:10F5A8001C5483D74700918B81C793076002D9B752
:10F5B8009767FF1F938747B49C43DDDFDC43CDDFAC
:10F5C80022858297034734009307F0028145E315AB
:10F5D800F7FA2685EFF0BFE545B79767FF1F9387D2
:10F5E80067B1D9BF1307A0026398E7006304090055
:10F5F80013092003CA85F1BF631C09002685EFF0B3
:10F60800CFF919C58347450093E707012302F500A1
:10F61800A6854A85EF70FFA085B7797126D29947EC
:10F62800231DB100AA842E858D4522D406D632C664
:10F6380036C4231CF100EFE00F8E2ACE4D441DC1C5
:10F648003246A246AA85328582962A8419E52C0874
:10F658002685EFF0EFA02A8411C572459730FF1F69
:10F66800E780A0942685EFF01FC72285B250225468
:10F67800925445618280411122C42E862E84972699
:10F68800000093866695894506C626C24AC02A891F
:10F69800EFF0BFF883450400AA844A85EFF03FD90C
:10F6A800B2402244268502499244410182809767EC
:10F6B800FF1F938727A49C4395CB9C4385CB1D7143
:10F6C800A2CC86CE984110082A843AC8D8418545EC
:10F6D8003ACA829701C92306A100035524006C0089
:10F6E800EFF07FF9F6406644256182808280AE871C
:10F6F80015C5785505C7834607002380D50083467E
:10F708001700A380D500834627012381D5008346AF
:10F718008701584BA381D500D8C1828041468145D5
:10F728003E851723FF1F6700A3A09767FF1F9387D6
:10F73800A79C9C4391C703A387006303030002832C
:10F74800094582801767FF1F130787A618431DC73F
:10F758005843AA8705450DC703A50708411106C6E2
:10F76800930605021306050C930505061305050403
:10F778000297B2401375F50F4101828005458280DA
:10F7880082804DC9357122CD2A840355050026CBC8
:10F798004AC94EC756C306CF52C55AC1DEDEB68A1D
:10F7A800B2892E89EFF06FDFAA8439C50C1822853B
:10F7B800EFF0FFF383472400138A6400A9CBEF70AE
:10F7C800EFDF2A8B014583CB5400EF70EFDCAA846E
:10F7D8000C100818EF10C06108542C10EF10E061ED
:10F7E800D288268A56C05E88D2875A87141030106D
:10F7F800CE854A85EF20501DFA406A44DA444A49CA
:10F80800BA492A4A9A4A0A4BF65B0D618280EF7020
:10F81800EFDAAA8B014503CB5400EF70EFD72ACE5D
:10F8280008540C10EF10C05C2C100818EF10E05CA6
:10F83800F2484DBF8280C14709CD1455C14791CACE
:10F84800785501CB83C73600BD4663F4F60083477D
:10F8580087013E8582808947630905106387051003
:10F86800411106C622C426C2834715002E84238070
:10F87800F50083472500A380F500834735002381E1
:10F88800F50083474500A381F50083475500858B24
:10F898009396870083D7450093F7F7EFD58F239288
:10F8A800F5008346550093F7F7DFA20693F6062086
:10F8B800DD8E2392D5000347550093F6F6BF220745
:10F8C80013770740558F2392E50083475500FD764F
:10F8D8009386F67F8D87858B758FAE07D98F239298
:10F8E800F50083466500F99B858ADD8E2392D50055
:10F8F800034765009377270013F7D6FF5D8F2392A0
:10F90800E5008347650093F647009377B7FFD58FE7
:10F918002392F50003476500DD9B4D45218BD98F68
:10F928002392F500EF70BFD3AA845145EF703FD3FF
:10F938000347340093F4F40FC947636297021375C1
:10F94800F50F636EE500834604001147E1476368DD
:10F95800D7008346140005476363D7008147B24048
:10F96800224492443E85410182803E85828015C1B1
:10F97800AA8709458DC141112E85414693851700F7
:10F9880006C69710FF1FE7802077B2400145410166
:10F99800828009458280828089471DC595C54111AD
:10F9A80006C603471500AE8719462380E500930570
:10F9B8002500138517009710FF1FE780E073B240FA
:10F9C80081473E85410182803E85828015C1AA8794
:10F9D80009458DC141112E8541469385170006C6FC
:10F9E8009710FF1FE7804071B240014541018280B6
:10F9F80009458280828089471DC995C9411106C67B
:10FA08000347250083461500AE872207558F2390AC
:10FA1800E500214693053500138527009710FF1F41
:10FA2800E780806DB24081473E85410182803E85F6
:10FA3800828015C1AA8709458DC141112E8541468D
:10FA48009385170006C69710FF1FE780E06AB2404B
:10FA5800014541018280094582808280894719C910
:10FA680091C903471500BD46E14763E5E6002380D9
:10FA7800E50081473E85828015C1AA8709458DC169
:10FA880041112E8541469385170006C69710FF1F22
:10FA9800E7808066B2400145410182800945828045
:10FAA800828015C1AA8709458DC141112E8541461D
:10FAB8009385170006C69710FF1FE780E063B240E2
:10FAC8000145410182800945828082801DC1AA8743
:10FAD800094595C141112E85130600049385170029
:10FAE80006C69710FF1FE7802061B240014541011B
:10FAF800828009458280828015C1AA8709458DC107
:10FB080041112E8541469385170006C69710FF1FA1
:10FB1800E780805EB24001454101828009458280CC
:10FB280082801D71A2CC2A84084586CEA6CA2306E7
:10FB380001008344050035479387F4FF93F7F70FD7
:10FB4800636CF70C17770100130747D78A07BA9732
:10FB58009C43BA9782870C08EFF0FFCFC94763121E
:10FB6800F50299472306F100035524006C00EFF0D5
:10FB78009FB0F6406644D644256182800C08EFF0B9
:10FB88005FEB29C98347C100E5F303552400EFF073
:10FB98008FF4C5B70C08EFF03FEEE5B70C08EFF0AF
:10FBA800FFEBC5B70C08EFF09FDCE1BF0C08EFF0E6
:10FBB8009FE4C1BF0C08EFF07FE1E1B70C08EFF05C
:10FBC800BFDDC1B70C08EFF0DFED65BF8347150057
:10FBD8002308F10003552400EFF02F9CA14715C11D
:10FBE8000347C500631CF7029757FF1F9387C75049
:10FBF80098439D4719C7184309C71008A685029757
:10FC0800AA872306F100BDBF0C08EFF03FEC95BFB3
:10FC18000C08EFF07FEEB5B79D47A9B79757FF1FC0
:10FC28009387474DF1B7011122CC06CE26CA4AC8A0
:10FC38004EC603470500930720092A84631DF7125F
:10FC48008347150039476395E70A835645000967D6
:10FC5800610781476399E6109759FF1F9389C94A3D
:10FC680003A50900CE84630005100C4403C90500F0
:10FC7800631E09008347050085052146B9CB290580
:10FC88009710FF1FE78040479C40ADC34945EF50A0
:10FC9800EFB92A840DC5930710FC2300F500A300D3
:10FCA80025018C400905414689059710FF1FE7800B
:10FCB800A0449C40A28503C51700EF508FC288401E
:10FCC8009720FF1FE780602E9757FF1F23AE07423C
:10FCD80031A809059710FF1FE7800042EF30803DEB
:10FCE80005495DF183A70900238027018547A5A859
:10FCF8001307E003639FE708034725009547631050
:10FD0800F70403554500EFF02FAB9147E310F5FEDC
:10FD18009757FF1F9387073E9C43E9DB03A38700A0
:10FD2800E30603FC0356E40003554400930564000E
:10FD38006244F240D2444249B24905610283A14774
:10FD4800631EF70083456400035544006244F24093
:10FD5800D2444249B24905616FF0AFFC93060003F3
:10FD68008147E301D7FEF2406244D2444249B24996
:10FD78003E85056182809306000A8147E315D7FE18
:10FD8800EFF03FDA08443DD19720FF1FE780E021DC
:10FD9800B1BF8147C9BF011126CA06CE22CC89440A
:10FDA8001DCD95CDAA842E8468008D45EF605FD067
:10FDB8008347E1002685228693F7F70393E7070434
:10FDC8006C002307F100EF202037AA8409E90D46CB
:10FDD8006C00130534009710FF1FE780E031F240F4
:10FDE80062442685D244056182805D714EDE86C6F6
:10FDF800A2C4A6C2CAC052DC56DA5AD85ED689490D
:10FE080045CD5DCA138B4500420B135B0B01AE8ACF
:10FE18002A8A930530055A85B2849720FF1FE78008
:10FE2800A00B2A84CD4949C9EF607FFB2A895686F1
:10FE3800D285935A8900135A0901937BF90F130548
:10FE4800440093FAFA0F137AFA0F1359890197109D
:10FE5800FF1FE7804036A301740123015401A3006A
:10FE6800440123002401EF60DFF6AA854146080813
:10FE78009710FF1FE7802034214734005A86A28557
:10FE88000808EF200052AA891DE121462C00238092
:10FE98007401A380540123814401A38124011385A3
:10FEA80044009710FF1FE7800031EF603FF4228580
:10FEB8009720FF1FE780600FB64026444E85964482
:10FEC8000649F259625AD25A425BB25B616182803A
:10FED80001114AC82A892E8506CE22CC26CA2EC6EA
:10FEE800EFE0BFEB69C5405969C48347540009472F
:10FEF800B24593F6B70F6386E6001147494563920A
:10FF0800E708835704000945639DB70693048400F6
:10FF18004146CA8526859710FF1FE780E01D4146A8
:10FF2800CA85130584019710FF1FE780E01C03476B
:10FF3800340085469307F7FE93F7F70F63E9F60455
:10FF48001306C4033285C14532C6EF607FB6324618
:10FF58009306C402A6852285EFF0BF82834724005A
:10FF680089CB22856244F240D244424905616F1030
:10FF7800A00F03473400C947E305F7FEA301F400C7
:10FF88000145F2406244D2444249056182809307A8
:10FF980010050145E317F7FE83472400FDD32285AA
:10FFA8006244F240D244424905616F10601209452B
:10FFB800C9BF4945F9B729CD011126CA06CE22CCB9
:10FFC800AA840945A9C10D4628002E848D059710DD
:10FFD800FF1FE78060128347A10070002C0093F791
:10FFE800F70393E7070426852305F100EF20C014E3
:08FFF80019E90D46A28568001D
:020000021000EC
:100000009710FF1FE780C0187D153335A000F24020
:100010006244D2440561828009458280011152C444
:100020002A8A32854EC656C25AC006CE22CC26CA6D
:100030004AC82E8BB28AB689EFE0BFD609ED894453
:10004000F240624426854249D244B249224A924A49
:10005000024B056182805C592A89C544F5F34D4500
:10006000EF706FE01374F50F5145EF70CFDFE38849
:1000700009FC83C78901E3E487FC1375F50FE3608E
:10008000F5FC93053005130540089720FF1FE78016
:1000900020E5232AA9022A84CD445DD11306400815
:1000A00081459710FF1FE7802009A3010400230169
:1000B000440123026401231054012326340723241E
:1000C0000402A30204008144E30C0AF62285EF0037
:1000D0003074AA8435D54A85EFF00FAE95B73971E3
:1000E00022DC06DE26DA4AD84ED652D456D25AD070
:1000F0005ECE62CC66CA0944630B06106309071022
:10010000AA8B3A89368BB28A2E8CEFE09FC92A8A55
:100110005144630E050E9305300541459720FF1F9E
:10012000E78000DCAA894D447DC1834419008347E0
:100130002900A204C207BE9483470900BE948347E6
:100140003900E207BE9483278A0263E697007D5751
:1001500009446399E70A63070C0083474A00054492
:10016000898BCDC3930C4B00214681450A85C20C77
:100170009710FF1FE78040FC93DC0C0193053005CE
:1001800066859720FF1FE780A0D52A8C4D443DC986
:100190005A86D68511059710FF1FE7804002114649
:1001A000CA8562859710FF1FE7806001414693056D
:1001B0008A014E859710FF1FE780600021478A86DD
:1001C0006686E2854E85EF20401E2A841DE5214685
:1001D0008A8528009710FF1FE78060FE214693055F
:1001E000490028009710FF1FE78080FA8547631EAB
:1001F000F502A6855E85EF702FFD62859720FF1FB3
:10020000E78020DB4E859720FF1FE78080DA22857C
:10021000F2506254D2544259B259225A925A025B55
:10022000F24B624CD24C216182800544F9B779715E
:100230009397050122D406D626D24AD04ECEC18746
:100240002E8463D507041755FF1F034595EDEF4036
:10025000DFE22AC605C1EFF09F9DB24509E91755B7
:10026000FF1F034505EC9307F00F631EF5002E8575
:10027000EF409FD92165218DB250225492540259EA
:10028000F24945618280EF405FE6EDB793F71500D4
:1002900091C7EFF08FA313451400F9BFA1E1014509
:1002A000E1BF850493F4F40FEFE0BFC9E3F9A4FEC6
:1002B000339599001319050113590901B3772401E6
:1002C000EDD34A85EFE0FFF1C167FD176305F50047
:1002D000DD45EFF04F963345240179BF85448549CC
:1002E000E1B79757FF1F23A507E29757FF1F23A9E1
:1002F00007E09757FF1F23A307E09757FF1F938738
:1003000067E1170700001307876198C3170700000C
:1003100013078731D8C317F7FFFF1307270098C7C4
:100320009757FF1F938707DE171700001307075A19
:1003300098C3171700001307A70FD8C3171700009B
:100340001307673D98C782809757FF1F83C787DDD4
:10035000A18B1757FF1F1307E7DB91E3014797575F
:10036000FF1F23AFE7D8014582809757FF1F83C740
:1003700067DB918B1757FF1F1307C7D891E301471E
:100380009757FF1F23ACE7D601458280011106CEA7
:100390002AC6EFF01FF5324599459757FF1FA382F4
:1003A000A7D8EFD0EFB2F24017F5FFFF1305E50E27
:1003B00005616FE0BFB91C5581C7A1473E858280AA
:1003C000011122CC26CA2A84AE84130500049305A9
:1003D000300506CE9720FF1FE78080B008D4630564
:1003E000051013060004A6859710FF1FE78040D173
:1003F00078548347270193F68700638E06101454C0
:1004000083C62600A18A6388061083270408E9EFC3
:1004100093053005130500109720FF1FE78040ACBF
:100420002320A4088D4771C1A3020400785483C718
:1004300014008346170081EF81EE83C72400918B5F
:10044000DDEB83472701918BDDE7854711A889C63E
:100450002147A302E40099C78347540093E70701AB
:10046000A302F4006C5483C72501858B91CF1C54E3
:10047000054783C727008D8B6398E7008347640097
:1004800093E717002303F4008327040899C78347E1
:10049000640093E787002303F40083475400054773
:1004A0006393E70C930484004146814526859710A9
:1004B000FF1FE78060C841468145130584019710FE
:1004C000FF1FE78060C71306C4033285C14532C6EB
:1004D000EF608FDE832704083246BDC72285EF0018
:1004E000B03F9307000525CDA147F2406244D244B6
:1004F0003E850561828083C7040083460700154757
:100500003387E7029767010093870741BA97B69749
:1005100083C70700B1B783C6140091C6834617008E
:1005200099C2E14735BF83C62400D58F918B91DFF7
:1005300083C704008346070015473387E7029767A0
:1005400001009387A73BD9B79306C402A6852285ED
:10055000EFF0AFA32285EF00B031C14751F5A30101
:10056000F400814759B713F787013DCFC18B93043E
:1005700084004146B9C7890526859710FF1FE7808B
:1005800020B841468145130584019710FF1FE7807D
:10059000A0BA834764001306C403328593E747007B
:1005A0002303F400C14532C6EF600FD1832704084E
:1005B000324699CF2285EF0030329307200545D18E
:1005C00025B7814526859710FF1FE780E0B655BF08
:1005D0009306C402A6852285EFF02F9B2285EF00AB
:1005E0003029CD472DDD09B709478545638AE700E6
:1005F000114789456386E70019476397E7008D45F2
:1006000003550400EF700FA78347640093E747008A
:100610002303F4008327040881C79307100581B7DB
:10062000C54735BF8347250063840726797122D4E7
:1006300006D626D24AD083473500130750052A84B0
:100640006390E708034975001306C503C145935736
:100650003900AA97328583C4870032C6EF60CFC5C0
:100660009757FF1F938747B59C43A9C79C47B9C3BA
:100670000325040893767900B3D6D4403246858AA0
:1006800093050504180893E60608130505088297E4
:100690001375F50F05E141460C081305C4029710C8
:1006A000FF1FE780E0A52285EF00901C93076005FF
:1006B000A301F400B2502254925402594561828041
:1006C000130710026395E7021C550327050883D71B
:1006D000470069EB13F7071071C7785503574701B7
:1006E0001377071061C393077002A301F4008347D7
:1006F000340013077002639FE70C3C5885E39305B1
:10070000300571459710FF1FE780807D28D819C5F7
:10071000714681459710FF1FE78000A22458B9C891
:1007200083C7A40191E72285EFF06F91238DA40088
:100730002858814541469710FF1FE780E09F2858C1
:100740003D478345A5019387F5FF93F7F70F636452
:10075000F700EF606FB6EF409FB23C58A145239879
:10076000A70013852701EF602FB52C58035504000F
:10077000EF00D0419307800203550400A301F40069
:10078000EFE02FE2414611C58357E50013D617006D
:100790003E96060685451755FF1F03459598EF4081
:1007A000DFD909BF13F7072011CB7854035747014E
:1007B0001377072001C79307900205BF93F70740FF
:1007C0009DD77C5483D7470193F707408DD3930778
:1007D000B00221BF13078002639BE7023C5889CB1C
:1007E00083D507010355040013862701EF00903FCE
:1007F0001C5483D7470013F707202DC378540357A1
:1008000047011377072039CB93079002B5B7130739
:100810009002639CE700EF608FDBAA85035504001C
:10082000EF00503B9307A00281BF1307A002639320
:10083000E704EF602FD9AA85854701456384F50059
:10084000814505452EC6EF60AFD52A86B2450355D2
:100850000400EF00B0341C5483D7470093F70740DF
:100860008DC77C5483D7470193F7074099CF9307EF
:10087000B00219B71307B0026399E700EF60EFD534
:10088000AA8503550400EF0070399307F0020DB5F7
:100890008280411122C4405926C206C67C54AA84D3
:1008A00083D7470113F7071019C718540357470098
:1008B000137707101DE313F7072019C718540357C0
:1008C00047001377072011EB93F707408DCF1C5497
:1008D00083D7470093F707409DC793071002A301F2
:1008E000F4002285EFF01FD4034734009307F00291
:1008F0006310F702224403D52400B240924481459C
:1009000041016FE05FB39307F002A301F400DDB78C
:10091000B2402244924441018280397122DC405924
:1009200026DA4AD84ED606DEAA89AE843289630416
:10093000043E03552500835704006384A700A144A7
:1009400029A08347240091EB9D44F25062542685F0
:100950004259D254B259216182809387E5FF93F7BF
:10096000F70F2D47E362F7FE17670100130787FCB7
:100970008A07BA979C43BA978287B2852285EFF09F
:100980009FA3AA84D9B74146CA851305C40497001A
:10099000FF1FE780E07622853127AA8411C1A14498
:1009A00083473400130740056397E70093079005DA
:1009B000A301F40059BF130760056395E70093078F
:1009C000A005FDB7D147EDB79309C4054E85414653
:1009D000CA859700FF1FE780A072032504085DC940
:1009E00083473400130790056399E7002285B927F0
:1009F0009307E005A301F40061A81307A005639520
:100A0000E7088347740013D737002297834687008F
:100A10009D8BB3D6F6409747FF1F9387E7799C439A
:100A2000858A93E606F893F6F60F91DB9C4781DB07
:100A30009305050818084E861305050482979374DC
:100A4000F50FE39E04EE41460C081305C40497001D
:100A5000FF1FE780E073834774004D47850793F7D6
:100A6000F70FA303F4006377F7002285C12D9307E6
:100A7000E0053DBF85451745FF1F0345956AEF40DB
:100A8000DF93930750052DB71307C005E380E7F602
:100A9000814465BD130984004E86CA8522851408E9
:100AA000EFE0BFCE41469305C40408089700FF1F3E
:100AB000E780006EE30B05E88A861306C403CE8543
:100AC0004A85EF10300515E12285EFE05FD79747A3
:100AD000FF1F938727642A879C470355040081469C
:100AE00001468A858297AA8411C1A14493072002F6
:100AF000C1B583450600EFE01F9459BF034734009A
:100B000093072002E312F7E47C5889EB9305300544
:100B100071459710FF1FE780A03C68D86858E3052F
:100B200005E24146CA859700FF1FE780605D645873
:100B30002285EFE0DFD0238DA400930730025DBD56
:100B40000347340093073002E310F7E083570600B1
:100B500068582146930529002318F5004905970098
:100B6000FF1FE780E0597C5483D7470113F7270024
:100B700035CB185403574700098B2DC79307400204
:100B800095BD0347340093074002E31FF7DA3C5C4E
:100B900081EB85455D459710FF1FE780603428DCB9
:100BA000285CE30705EE834709004146CA85230B0D
:100BB000F5009700FF1FE780A054930750021DBD6A
:100BC0000347340093075002E310F7D8285C194616
:100BD0009305190041059700FF1FE78060527C5480
:100BE00083D74701918B9DCF1C5483D74700918BAE
:100BF00095CB93076002FDBB7C5C89EB93053005C8
:100C000051459710FF1FE780A02D68DC685CE30862
:100C100005D24146CA859700FF1FE780604E7C5C85
:100C20007D5798CB4E85EFF0DFC69DB503250408B0
:100C300013060004CA85130505049700FF1FE7800B
:100C4000204C2285EFE09FB0834734001307000556
:100C50006395E7009307400571BB13071005639C7C
:100C6000E70085451745FF1F0345B54BEF40EFF4FF
:100C70009307500541B313072005E39BE7E097472F
:100C8000FF1F938767539C43E38B07CA9C47E38806
:100C900007CA83250408930484001808938505086F
:100CA000814626862E858297035504001008A68566
:100CB000EF603FC59307B00535BB0347340093078A
:100CC000E005E313F7C88325040841464A859700E9
:100CD000FF1FE780E04BAD44E30905C60325040888
:100CE0004146CA859700FF1FE78080412285EFE0DB
:100CF0001FB59747FF1F9387E7412A879C472C58CA
:100D000003550400814601468297AA8411C1A1447B
:100D10009307100271B9AD47E39CF5D683460600F0
:100D2000835525001306650003450500EF608FC05D
:100D300085B3894761C2DDCD2300A60083C70500C6
:100D4000A300F60083C715002301F60083C7250022
:100D5000A301F60083C73500A30206002302F600B4
:100D600083D74500A183858BA302F60003D74500F6
:100D70001377072009C793E72700A302F60083D75C
:100D8000450093F7074099C78347560093E747000C
:100D9000A302F60083D74500139747016358070065
:100DA0008347560093E78700A302F600230306005B
:100DB00083C74500858B2303F60003D74500098BC5
:100DC00009C793E727002303F60083D74500918BDB
:100DD00099C78347660093E747002303F60003D7CC
:100DE00045008147218B19C70347660013678700B9
:100DF0002303E6003E8582802E86AA8505456FF096
:100E00005FF32E86AA8509456FF0BFF289478DC52D
:100E100005C5411106C6AE870D47AA852380E700A8
:100E20001385170041469700FF1FE780602DB240F1
:100E300081473E85410182803E85828089478DC5FC
:100E400005C5411106C6AE871147AA852380E70074
:100E50001385170041469700FF1FE780602AB240C4
:100E600081473E85410182803E85828089478DC5CC
:100E700005C5411106C6AE871947AA852380E7003C
:100E80001385170041469700FF1FE7806027B24097
:100E900081473E85410182803E85828089479DCD84
:100EA00015CD411106C61D472380E50003570500F7
:100EB000AE872146A380E5000357050021832381E7
:100EC000E50093052500138537009700FF1FE78095
:100ED0002023B24081473E85410182803E85828049
:100EE00089478DC505C5411106C6AE872147AA852C
:100EF0002380E7001385170041469700FF1FE78016
:100F00002020B24081473E85410182803E8582801B
:100F1000894795C90DC9411106C625472380E500BB
:100F200003470500AE871946A380E5009305150029
:100F3000138527009700FF1FE780801CB240814780
:100F40003E85410182803E85828089478DC505C5E9
:100F5000411106C6AE872947AA852380E70013857D
:100F6000170041469700FF1FE7808019B240814774
:100F70003E85410182803E858280894795C50DC5A9
:100F8000411106C6AE873147AA852380E700138545
:100F90001700130600049700FF1FE7806016B24099
:100FA00081473E85410182803E85828089478DC58B
:100FB00005C5411106C6AE873547AA852380E700DF
:100FC0001385170041469700FF1FE7806013B2406A
:100FD00081473E85410182803E858280894791C953
:100FE00009C995472380F50083470500A380F500D4
:100FF00081473E858280894791C909C9AD472380D1
:10100000F50083470500A380F50081473E85828077
:1010100015C55D718A8586C6A2C42A84EFE0AFED4E
:10102000035504000A8697060000938626DD9D4539
:10103000EFE02FDFB6402644616182800545828063
:1010400015C55D718A8586C6A2C42A84EFE0AFEA21
:10105000035504000A86970600009386C6DA9D456C
:10106000EFE02FDCB6402644616182800545828036
:101070005D71A2C49305C5022A8441460A8586C6CD
:101080009700FF1FE780C007035504000A869706F4
:1010900000009386E6D7C545EFE0AFD8B6402644BA
:1010A000616182805D71A2C49305C5032A844146B3
:1010B0000A8586C69700FF1FE78080040355040059
:1010C0000A86970600009386A6D7C545EFE06FD540
:1010D000B6402644616182809747FF1F9387C70D02
:1010E0009C43B1CB9C435D71A2C486C62A84130580
:1010F000E00F95CF032504089305050C130505089B
:10110000829783250408130600040A859385050841
:101110009700FF1FE780C0FE0355040097060000FC
:101120009386E6E50A8693051004EFE08FCFB6407C
:101130002644616182801305E00F8280317122DDD7
:101140002A840355050026DB06DF4AD94ED752D53F
:1011500056D35AD15ECF62CDEFD0BFC43C58AA84DB
:1011600089EB9305300571459710FF1FE78040D745
:1011700028D82858CD471DC9714681459700FF1FC3
:10118000E78080FB032904072285EFE04FEB230D66
:10119000A900834724001749FF1F1309E901638A47
:1011A00007128327090085E39307E00FFA506A547A
:1011B000DA544A59BA592A5A9A5A0A5BFA4B6A4C73
:1011C0003E852961828083AB0701E38F0BFC032BF3
:1011D0000408EF503FBF2A8C0145EF507FBC83C706
:1011E00054003858130B0B029309C403130AC405A7
:1011F000938A64003AC0B337F0002A879308010449
:101200005688B33680015286CE855A85829B1C54FF
:1012100003C727002307E10203C71700A306E10263
:1012200083C707002306F10283270900B5DF03AB5C
:101230004701E30B0BF683C75400B337F0003ECEF3
:10124000EF505FB8AA8B0145EF509FB50327040804
:10125000F2472AC03AC2B338700156887810930614
:1012600084004E86D2858800029B7C5403C72701E8
:101270002305E10203C71700A304E10283C70700A7
:101280002304F1028327090003A94701EF509FB30C
:101290002A8B0145EF50DFB083C854009C082A8890
:1012A0003EC2B3381001B337600138109306840191
:1012B0005286CE8556C088000299035504009706D1
:1012C00000009386E6CE9008C545EFE08FB5AA876B
:1012D000F1BD83C6540083270900032B0408B336ED
:1012E000D00083AB070136CEEF50DFAD2A8C01452D
:1012F000EF501FAB3C58F246130B0B02130AC40508
:101300009309C403938A64002A88930801044E86D3
:10131000D2853EC05687B33780015A85829B1C54C4
:10132000130B010303C727002307E10203C71700BC
:10133000A306E10283C707002306F1028327090001
:1013400083AB470183C75400B337F0003ECEEF5064
:101350007FA72A8C0145EF50BFA4F2472AC0B338BB
:10136000800156887810930684004E86D2855AC232
:101370008800829B8325040841465A859700FF1FF9
:10138000E78000E1AD47E31205EE0DB52E86970626
:1013900000009386E6ADC5456FE0AFA85D71B287EA
:1013A000A2C42300B1002A84BE851305110019468A
:1013B00086C69700FF1FE780A0D40A86228597067D
:1013C0000000938626B5A145EFE0AFA5B6402644C0
:1013D000616182802E86970600009386A6B0C5457F
:1013E0006FE02FA45D71B287A2C42310B1002A84DC
:1013F000BE8513052100214686C69700FF1FE780A2
:1014000020D00A86228597060000938666A9AD45FE
:10141000EFE02FA1B6402644616182802E869706B8
:1014200000009386C6B2C5456FE0AF9F797122D4A4
:1014300006D626D283473500130730052A846385F4
:10144000E708130750056397E7089307A005A30172
:10145000F50083477500C14513D737002A978346A7
:1014600087009D8B1305C503B3D6F640858A93E6A6
:1014700006F893F6F60F36C6EF500FE4B2469747DC
:10148000FF1F938767D39C439DCB9C478DCB032540
:10149000040818081306C40393050504130505087A
:1014A00082971375F50F01ED1305C40241460C0830
:1014B0009700FF1FE780C0C42285EFF07FBBB250CA
:1014C000225492544561828093079005A301F50050
:1014D000814675B7130710026396E7027C55032710
:1014E000050883D747016316070E13F71700630239
:1014F000070E185503574700058B61CF930720024D
:10150000A301F4008347340013072002639DE70E14
:101510003C5889EB9305300571459710FF1FE78014
:10152000209C28D82458C9C02285EFE04FB1238DD4
:10153000A4002858814541469700FF1FE780C0BF9F
:1015400028583D478345A5019387F5FF93F7F70F8B
:10155000636DF7029747FF1F83C7B7C6D5C34146E0
:10156000814508089700FF1FE78000BD1946974591
:10157000FF1F938565A608089700FF1FE78040B806
:1015800030580C082E85EF408004EF305FCF3C5878
:10159000A1452398A70013852701EF50EFD12C58C0
:1015A00003550400EFF09FDE93073002035504005B
:1015B000A301F400EFD0EFFE414619C10356E50048
:1015C000060685451745FF1F0345B5B5EF30FFF605
:1015D000FDB513F7270009CB185403574700098BB3
:1015E00001C79307400229BF918BE38D07F01C547C
:1015F00083D74700918BE38707F09307600209B711
:10160000EF508FCB59B713073002639AE7023C586B
:1016100089CB83D507010355040013862701EFF01A
:101620007FDC7C5483D7470113F7270021CF185460
:1016300003574700098B39C79307400285BF13073B
:101640004002639CE700EF508FF8AA850355040021
:10165000EFF05FD89307500291BF130750026390D9
:10166000E704EF502FF60DE9814505452EC6EF50F2
:101670002FF32A86B24503550400EFF03FD27C5485
:1016800083D74701918B9DC71C5483D74700918B0B
:1016900095C39307600219BF85450145C1BF130774
:1016A00060026399E700EF504FF3AA8503550400E9
:1016B000EFF0DFD67C540327040883D7470119EFE6
:1016C00013F7071001CF185403574700137707107B
:1016D00011C793077002A301F400D5B313F70720D5
:1016E00011CB1854035747001377072001C79307FE
:1016F0009002D5B793F7074091CB1C5483D747008E
:1017000093F7074081C79307B002F1B79307F00240
:10171000D9B7397122DC26DA4ED652D406DE4AD841
:10172000AE89328AAA84EFD0CFE74059414681453D
:101730000A859700FF1FE78020A025C803590400F1
:10174000631599060347340093071002631FF702DD
:101750008327040899CF2C58A9C94A85EF10501740
:101760000545F2506254D2544259B259225A21616D
:1017700082808A861306C4059305C403130584007A
:10178000EF0050391DE18A85C9BF2C5899CD83D708
:101790000501639C47012146C9054E859700FF1F3F
:1017A000E780009F19C12C584DBF2685EFD06FDF11
:1017B0002A8405455DD44C54B9C583D7050163948B
:1017C00047052146C9054E859700FF1FE780409CCD
:1017D0008547631AF50283C7318591C74C5483C787
:1017E000B501639EA70CBD452685EF10700997379C
:1017F000FF1F9387A7779C5B0145A5D71D458945AA
:1018000082970145B9BF9747FF1F9387A79B03C7DF
:1018100007009739FF1F938969753E89058B31C38E
:10182000034754009747FF1F83C74799631BF7027D
:1018300019469745FF1F9385759813056400970017
:10184000FF1FE780E0948547631DF50083A7090328
:1018500081C791451D458297BD452685EF105002F1
:1018600001B71747FF1F0347D79583A7090331CB5C
:1018700003470900098B09CB81C795451D45829710
:101880002685EF103005E9BD81C78D451D4582973E
:101890004146814508089700FF1FE780E089194607
:1018A0009735FF1F9385457308089700FF1FE78052
:1018B00020850C082E850A86EF3070518A85268592
:1018C00071BD8545C5FF6DBF797122D440594AD09D
:1018D0004ECE52CC06D626D2AA892E8A3289630AE7
:1018E000046A0355250083570400638CA700A144B4
:1018F000B2502254268502599254F249624A4561F7
:1019000082808344240099C09D44DDB79387F5FF0E
:1019100093F7F70F3147E369F7FE175701001307F5
:1019200067048A07BA979C43BA9782871C54E1F3ED
:1019300093053005130500049700FF1FE780405A08
:1019400008D455D503470900914763F4E7008D4457
:1019500045B7034719008547E3EBE7FE130600048C
:10196000CA8597F0FE1FE780A0790C547054A3023B
:101970000400D4415C4A858AFD8E83574601F99B59
:10198000D58F231AF600D841544AF59B0583058B61
:101990008582F98E8606DD8E231AD600DC41584AF0
:1019A000ED9A8983858B09837D8F0A07558F231ACA
:1019B000E600D4415C4A5D9B8D82858A8D83F58FDC
:1019C0008E07D98F231AF600D841544A93F7F7EFC0
:1019D0002183058BA182F98EA206DD8E231AD60003
:1019E000DC41584AA583858B25837D8F931797000B
:1019F00013F7F6DF5D8F231AE600D4415C4AA98213
:101A0000858AA983F58F9396A7009377F7BFD58F23
:101A1000231AF600D441584AAD82858A2D83758FEA
:101A2000FD769386F67F2E07F58FD98F231AF60061
:101A30008347260103250408A18B6381071083C710
:101A40002500A18B638C070EE31305EA930530058F
:101A5000130500109700FF1FE78080482320A4088B
:101A6000E30705EE7C54A30204000347190083C674
:101A7000170089EA51CB8347540093E70701A3027B
:101A8000F40029A0A147A302F40075F72285EFF026
:101A90002FDB6C5483C72501858B81CF1C5483C7F2
:101AA00027008D8B99C78347640093E717002303B2
:101AB000F4008327040899C78347640093E78700ED
:101AC0002303F400834754000547639FE70A414618
:101AD00081451305840097F0FE1FE780E0654146CD
:101AE00081451305840197F0FE1FE780E064C1453E
:101AF0001305C403EF405FFC83270408C1C79307A5
:101B00000005A301F400EDB303C72701118B19E70A
:101B100003472900118B19E3854795B783C7070051
:101B20008346090015473387E702975701009387DB
:101B3000A7DEBA97B69783C7070091B719C5970074
:101B4000FF1FE7800047232004087C5403C71700C9
:101B500011C70347190019C3E14715B703C7270188
:101B6000118B09E703472900118B5DD783C7070055
:101B70001547834609003387E7029757010093878B
:101B8000E7D745BFC147B5BF13F7870121CFC18B49
:101B90001305840041469DCF890597F0FE1FE7801D
:101BA0002056414681451305840197F0FE1FE780CA
:101BB000A05883476400C1451305C40393E7470059
:101BC0002303F400EF405FEF8327040891CB9307D2
:101BD000200505BF814597F0FE1FE780E055D1B78E
:101BE000CD4705B709478945638AE7001147854511
:101BF0006386E70019476397E7008D4503550400A6
:101C0000EF505FC78347640093E747002303F40066
:101C10008327040881C793071005E5B5C547D5B5E7
:101C20004146CA851305C40497F0FE1FE780404D66
:101C30008347340013076005639CE700854517352B
:101C4000FF1F0345154EEF304FF79307500555BD65
:101C500045476383E7029306C4021306C403930552
:101C600084002285EFD07FB22285EFF06FC0AA8476
:101C700011C1A144D14771B5C94761B59309C405E4
:101C80004E854146CA8597F0FE1FE78060470325D1
:101C9000040871CD83473400130790056398E7006B
:101CA0002285EFF02FC09307E005A1BD1307A00523
:101CB000639FE7069737FF1F938707509C43E38591
:101CC00007C403A88700E30108C483477400930591
:101CD00005084E8613D737002297834687009D8BD1
:101CE0000A87B3D6F640858A93E6060813050504ED
:101CF000029841468A851305C40497F0FE1FE780C9
:101D0000204911E1D2842285EFF0CFB983477400D6
:101D1000CD461307E005850793F7F70FA303F400FB
:101D200063E4F60013076005A301E400D1B61307CE
:101D3000C005E39FE7BA9737FF1F9387E7479C43A8
:101D4000E38407BC9C47E38107BC9305050813099E
:101D500084000A8781464A862E85829703550400AF
:101D60000A86CA85EF50FFB99307B00559BB8A862A
:101D70004E86930584002285EFD03FA1414693050E
:101D8000C4040A8597F0FE1FE78080408547D2840F
:101D9000E310F5B62285EFF0EFB0AA84E31905B49D
:101DA00093071002B9BB0347340093077002E31D89
:101DB000F7B47C5889EB9305300571459700FF1FF8
:101DC000E780001268D86858E30005B4CA85414628
:101DD00097F0FE1FE780C032032944072285EFD029
:101DE0001FA6230DA9009307800221BB03473400DF
:101DF00093078002E31AF7B083570600685821461C
:101E0000930529002318F500490597F0FE1FE78088
:101E1000202F7C5483D7470113F7072025CF185470
:101E2000035747001377072035C793079002D1B9AE
:101E30000347340093079002E318F7AC3C5C89EB4E
:101E4000930530055D459700FF1FE780600928DC9A
:101E5000285CE30B05AA4146CA8597F0FE1FE78080
:101E6000202A9307A00271B9034734009307A00208
:101E7000E31CF7A883470600285C19469305190060
:101E8000230BF500410597F0FE1FE78060277C5487
:101E900083D7470193F70740B1C71C5483D7470046
:101EA00093F70740A1C39307B002A1B903473400D9
:101EB0009307B002E31AF7A47C5C89EB9305300525
:101EC00051459700FF1FE780A00168DC685CE300D4
:101ED00005A24146CA8597F0FE1FE78060227C5C20
:101EE0007D5798CB03D529008145EFD0CFD409B4D5
:101EF000034734009307F004E3FBE79E032504083F
:101F0000E307059E13060004CA851305050497F030
:101F1000FE1FE780E01E2285EFF00F9CAA84228539
:101F2000EFD0DF828347340013070005639FE7008B
:101F300003D6E90085451735FF1F0345951E0606A4
:101F4000EF30AFDF930730056DBE130710056395C3
:101F5000E7009307600575B613072005E39AE79835
:101F60009307C00579BE034734009307E005E310EB
:101F7000F798032504084146CA8597F0FE1FE780BD
:101F800020182285EFF08F9BAA8419BD8345060097
:101F9000A9BF85478144E39DF59403284600834704
:101FA0003600034726008346160083552500034666
:101FB00006000145EF50AF8E25BA8147C146330771
:101FC000F500B388F5000347070083C8080033080D
:101FD000F6008507334717012300E800E391D7FE99
:101FE00082800147BD471308F00F3306F500834692
:101FF0000600B388F500FD178606558F2380E8009C
:102000000347060093F7F70F1D83E39007FF8280D5
:102010008147930800F8414893F6F70F3387F5009E
:1020200063FCC600B306F50083C606002300D70094
:102030008507E39307FF82806395C600230017019D
:10204000C5BF23000700EDB701114AC856C22E894B
:10205000AA8A93053005414506CE22CC26CA4EC633
:1020600052C4328A9700FF1FE78080E7AA84930555
:10207000300541459700FF1FE78080E62A84CD495F
:10208000A5C431CD4146814597F0FE1FE780C00AC7
:102090002686A2855685EF308053AA8929E1838759
:1020A000040063D30706A2852685EFF09FF34A86D6
:1020B000975501009385458E2285EFF01FF0830729
:1020C000090063D80704A2854A85EFF09FF1528684
:1020D000975501009385458C2285EFF01FEE2685EC
:1020E0009700FF1FE780E0EC11C422859700FF1FD7
:1020F000E78020ECF24062444E85D2444249B24926
:10210000224A924A05618280CA852685EFF07FEDDA
:102110007DB7D2854A85EFF0DFECD1B781474146E4
:10212000B306F5003387F5000347070003C8060030
:102130008507334707012380E600E393C7FE8280CB
:10214000011126CA4EC6AE84AA899305300513052F
:1021500000034AC806CE22CC32899700FF1FE780D1
:1021600020D82DC51306000381452A8497F0FE1F51
:10217000E78080FC4146CE85228597F0FE1FE780F0
:102180000004A6850D461305D40197F0FE1FE780D5
:10219000000313060402930504012285EF30204357
:1021A000AA840D469305D4024A8597F0FE1FE78066
:1021B000000122859700FF1FE780A0DFF240624404
:1021C00026854249D244B24905618280CD44FDB79B
:1021D0005D714EDE62D4AE892A8C930530051305FD
:1021E0000003A6C2CAC052DC56DA5AD85ED686C6EA
:1021F000A2C4B28B368BBA84BE8A4289468A9700C3
:10220000FF1FE780E0CD630505101306000381453D
:102210002A8497F0FE1FE78020F24146E28522855E
:1022200097F0FE1FE780A0F9414681450A8597F0A7
:10223000FE1FE78060F01D46DE850A8597F0FE1FD1
:10224000E780E0F71D46DA851305710097F0FE1F61
:10225000E780E0F633392001B334900041468145F0
:10226000080823072101A307910097F0FE1FE780CC
:10227000A0EC1946D685480897F0FE1FE78020F4A9
:102280001946D2851305A10197F0FE1FE78020F3C0
:10229000930404014146CE85268597F0FE1FE78012
:1022A00000F28A852685EFF07FE7930904024E86C7
:1022B000A6852285EF30A0312A890DE94146CE85D9
:1022C000268597F0FE1FE780A0E30C082685EFF037
:1022D000FFE44E86A6852285EF30602F2A89464589
:1022E0004146CE8597F0FE1FE78060ED228597007E
:1022F000FF1FE78000CCB64026444A859644064935
:10230000F259625AD25A425BB25B225C61618280AE
:102310004D49D5B7011126CA52C4AA842E8A130585
:102320000003930530054AC84EC606CE22CC32893A
:10233000B6899700FF1FE780A0BA35C52A84A68515
:10234000414697F0FE1FE78080E793040401214691
:10235000D285268597F0FE1FE78060E6CA85214674
:102360001305840197F0FE1FE78060E5130904025E
:10237000A6854A862285EF308025AA844146CA85F3
:102380004E8597F0FE1FE78080E322859700FF1FB0
:10239000E78020C2F240624426854249D244B249D5
:1023A000224A05618280CD44F5B739715AD05ECE9C
:1023B0002A8BAE8B41459305300506DE26DA52D4D2
:1023C00056D262CC66CA6AC8368C328DBA8C22DC90
:1023D0004AD84ED69700FF1FE78080B0AA8A93059F
:1023E000300541459700FF1FE78080AF2A8ACD4422
:1023F000638E0A0859C52A86D6855A85EFF0DFC450
:10240000AA8441E19305300541459700FF1FE7800D
:1024100020AD2A899305300541459700FF1FE780CD
:1024200020ACAA89630A090E6306050E1304FD0099
:1024300011841376FD0049C07D144204418035EEBD
:10244000131544004E86D6855E95EFF01FB74146C2
:1024500081454A8597F0FE1FE78000CE014D931716
:102460000D01C18363F48708BDC04A859700FF1F33
:10247000E78020B4638709004E859700FF1FE7803F
:1024800040B356859700FF1FE780A0B263070A009C
:1024900052859700FF1FE780C0B1F2506254268535
:1024A0004259D254B259225A925A025BF24B624CB0
:1024B000D24C424D216182800144131544008A852B
:1024C0005E95EFF0FFB44E86D2850A85BDBF9315A9
:1024D0004D000A86DE954A85EFF03FAE4A868A8532
:1024E0005A85EF30C00EAA84050D95BFBDFC0A8643
:1024F000CE854A85EFF07FAC4A868A855A85EF30D3
:10250000000DAA846686CA85628597F0FE1FE78063
:1025100020BFA1BFCD4491BFCD44A9BF397162CCCA
:102520002A8C594526DA4AD84ED652D456D25AD099
:102530005ECE06DE22DCAE8B328BB68A3AC63E8A8F
:10254000C289468983440104EF20DFAE49C1916707
:10255000938717E92310F50085472301F5002A84A6
:1025600032472105630C0C0493071003A301F40008
:102570001946814597F0FE1FE78000BC23036401E4
:10258000A3035401230A9400231274012317440166
:102590002318340123192401A2856254F250D25425
:1025A0004259B259225A925A025BF24B624C173589
:1025B000FF1F0345E5B621616F203FB3A30104006F
:1025C0001946BA8597F0FE1FE78080B345BFF250E9
:1025D0006254D2544259B259225A925A025BF24B77
:1025E000624C21618280011122CC2A84314506CEC1
:1025F0002EC632C436C23AC0EF20DFA329C191678C
:10260000938717E92310F5008D472301F500A301F7
:102610008500B2452246924602476244F2402312A8
:10262000B5002313C5002314D5002315E500AA85A2
:102630001735FF1F0345C5AE05616F201FABF24084
:1026400062440561828001114AC82A89394526CA37
:1026500006CE22CC2EC6B284EF20DF9D31C1B2451A
:102660009167938727E92310F5009147A30125017E
:102670002312B5002A842301F500A68519052146F9
:1026800097F0FE1FE780C0A7A2856244F240D244C3
:1026900042491735FF1F0345A5A805616F20FFA418
:1026A000F2406244D24442490561828001114AC825
:1026B0002A89414526CA06CE22CC2EC6B284EF20F6
:1026C0007F9729C19167B245938727E92310F500C9
:1026D00095472A84231225012301F5002146190577
:1026E00097F0FE1FE780C0A1A285231794006244E3
:1026F000F240D24442491735FF1F034595A20561B8
:102700006F20BF9EF2406244D244424905618280FC
:10271000011122CC2A84394506CE2EC632C436C2D7
:102720003AC0EF203F9129C19167938717E92310A1
:10273000F50099472301F500B2452246924602472B
:10274000231285006244F2402313B5002314C50010
:102750002315D5002316E500AA851735FF1F03456D
:10276000259C05616F207F98F2406244056182805C
:10277000797122D406D62A842EC632C436C23AC013
:10278000EFC02FE21DC1B245224692460247231CEC
:10279000B100231DC1002C081306F00F2285231E53
:1027A000D100231FE100EFC0EFCEB25022544561AB
:1027B0008280011122CC2A84394506CE2EC632C42D
:1027C00036C23AC0EF201F8729C19167938717E966
:1027D0002310F5009D472301F500B245224692469D
:1027E0000247231285006244F2402313B5002314EC
:1027F000C5002315D5002316E500AA851735FF1F50
:102800000345059205616F205F8EF24062440561C9
:1028100082805D712AC613052002CAC04EDE52DCDA
:1028200056DA5AD85ED662D466D26AD086C6A2C4B8
:10283000A6C26ECE2E8CB28B368B3AC43E8DC28C25
:10284000C68A035A01058359410503498105EF20D2
:102850006FFE69C591663243938616E9A9472A84BB
:102860002310D5002301F500930DE4002105930406
:1028700044012247630D030693071003A301F400EC
:102880001946814597F0FE1FE780008B1946814568
:102890006E8597F0FE1FE780208A194681452685C0
:1028A00097F0FE1FE780408923037401A3036401AE
:1028B0002300240323128401231D5401231E4401F9
:1028C000231F3401A2852644B64096440649F25996
:1028D000625AD25A425BB25B225C925C025DF24D5C
:1028E0001735FF1F0345C58361616F201F80BA85BF
:1028F000A3010400194697F0FE1FE7806080EA8577
:102900006E85194697E0FE1FE780807F1946E685B1
:10291000268597E0FE1FE780A07E79B7B640264463
:1029200096440649F259625AD25A425BB25B225C23
:10293000925C025DF24D61618280011122CC2A8499
:10294000214506CE2EC632C436C2EF20AFEE15CDDD
:10295000224692469167938717E92310F500B14705
:102960002301F500A3018500B2452303C500A3039D
:10297000D5006244F2402312B500AA851725FF1F37
:102980000345057A05616F204FF6F2406244056108
:102990008280411126C2AA84514506C622C4EF2076
:1029A0006FE949C19167938717E92310F500B9478B
:1029B0002301F50083C714002A8493856400A301D2
:1029C000F50083C7340003C724002105A207D98F6F
:1029D000231EF5FE83C744001946230FF5FE83C767
:1029E0005400A30FF5FE97E0FE1FE780607183C7D8
:1029F000C400A2851725FF1F034585722307F40035
:102A000083C7E40003C7D400A207D98F2318F400BA
:102A100083C7F4002309F4002244B24092444101E8
:102A20006F20AFECB24022449244410182804111B8
:102A300022C42A84194506C6EF20CFDF0DC5916751
:102A4000938717E92310F500C1472301F5002312EE
:102A500085002244B240AA851725FF1F0345456C17
:102A600041016F208FE8B240224441018280411130
:102A70000D4506C6EF200FDC0DC5930710F92300A6
:102A8000F5009307E003A300F500C5472301F50017
:102A9000B240AA851725FF1F0345856841016F20B5
:102AA000CFE4B24041018280011122CC2A84294521
:102AB00006CE2EC632C436C2EF20CFD715CDB245D2
:102AC00092469167938717E92310F500C9472302BF
:102AD000B5002301F500A30185002304D50022469B
:102AE0006244F2402313C500AA851725FF1F034542
:102AF000256305616F206FDFF240624405618280CB
:102B000001114AC82A892D4526CA06CE22CC2EC6D6
:102B1000B284EF202FD229C5B245930710F92300C4
:102B2000F5009307E003A300F500CD47A3012501BD
:102B30002302B5002A842301F500A6851505194650
:102B400097E0FE1FE780C05BA2856244F240D2445A
:102B500042491725FF1F0345A55C05616F20EFD88B
:102B6000F2406244D244424905618280011122CC84
:102B70002A84214506CE2EC6EF20CFCB05C9B2450B
:102B80009167938717E92310F500D1472303B50018
:102B90002301F500231285006244F240AA8517251F
:102BA000FF1F0345E55705616F202FD4F2406244B3
:102BB00005618280011122CC2A84214506CE2EC6D1
:102BC00032C4EF202FC71DC522469307105923108A
:102BD000F50023018500B2452303C5006244F2409D
:102BE0002312B500AA851725FF1F0345655305610C
:102BF0006F20AFCFF240624405618280011122CC88
:102C00002A84214506CE2EC632C4EF20AFC21DC98C
:102C100022469167938727E92310F500A1472301F6
:102C2000F500B24523038500A303C5006244F240CA
:102C30002312B500AA851725FF1F0345954E056190
:102C40006F20AFCAF240624405618280011122CC3C
:102C50002A84314506CE2EC632C436C23AC0EF2091
:102C60006FBD15CD22468567938717C92310F500E0
:102C700023018500B2452303C50092460247624402
:102C8000F2402312B5002314D5002315E500AA85D0
:102C90001725FF1F0345C54805616F200FC5F2408A
:102CA000624405618280011126CAAE844AC82A891D
:102CB0001385C40006CE22CC32C6EF20AFB71DCD9F
:102CC0008567B245938717E92301950023122501F3
:102CD0002A842310F500310508C4268697E0FE1FDC
:102CE000E7800042A2856244F240D244424917255F
:102CF000FF1F0345E54205616F202FBFF24062448C
:102D0000D244424905618280011122CC2A841945AE
:102D100006CE2EC6EF200FB205C98567938717F937
:102D20002310F500854723018500A301F500B24576
:102D30006244F2402312B500AA851725FF1F034500
:102D4000253E05616F206FBAF240624405618280C2
:102D5000411122C42A840D4506C6EF20AFAD05C53A
:102D6000930710F92300F500E947A300F5002301BC
:102D700085002244B240AA851725FF1F0345453A26
:102D800041016F208FB6B24022444101828001117F
:102D900022CC2A84214506CE2EC6EF20AFA90DC92C
:102DA0009167938727E92310F50093070003230118
:102DB000F500B245230385006244F2402312B500BA
:102DC000AA851725FF1F0345D53505616F20EFB193
:102DD000F2406244056182800111214506CE2EC673
:102DE00032C4EF202FA505C98567938707392310C3
:102DF000F500B245224685472301F500F240231233
:102E0000B5002313C500AA851725FF1F0345C52755
:102E100005616F208FADF24005618280397122DC3F
:102E20001304F5FF4AD852D456D25ECE420406DED1
:102E300026DA4ED65AD0894B2A8A3289B68A418000
:102E400063957515938B419283C741925E8B89443C
:102E50008DCF83C9160083C706009144A209B3E948
:102E6000F9009727FF1F83D76711F51763DFF90074
:102E70009307C6FF639DF90831452EC6EF208F9B4F
:102E80002A84B24519ED9304F00FF250625426855E
:102E90004259D254B259225A925A025BF24B2161E2
:102EA00082804209135909012302B5002313250129
:102EB000930700F91509A1652310F50023114501B9
:102EC00085054A8597F0FE1FE780800108C415C973
:102ED00083C70B009385EAFF13562900FD17238251
:102EE000F19297E0FE1FE780A0231C44A2851725DE
:102EF000FF1F0345651989071CC4EF200F9F8144FC
:102F000069B7228597F0FE1FE780A00AADBF93073F
:102F1000D6FFE3CAF9F6B1473304F4029724FF1F42
:102F20009384C4169C40A29703C7A70019C788437F
:102F300009C597F0FE1FE780C00713854900A1650A
:102F400042058505418103AA040097F0FE1FE78032
:102F500020F99C40229A2320AA00A297884305D5F5
:102F600005472385E70083470B004A86D685FD1772
:102F70002382F19297E0FE1FE78080189C403E94E8
:102F800023132401231234019DBFB1473304F402FB
:102F9000172BFF1F130B8B0F83270B00DA89A297C8
:102FA00003D76700884345CB83D74700B306C700E4
:102FB000910763C2D70A3A95D68597E0FE1FE7804E
:102FC000201403270B008144229783576700CA9778
:102FD000C207C1832313F700035747001107E39685
:102FE000E7EA3145EF200F85AA8521C1930700F953
:102FF0002310F50083270B002302750123114501DF
:10300000A29703D767009C432313E5001CC517252F
:10301000FF1F03456507EF204F8D83270B003E946C
:1030200023130400230504008DB583270B00A2970A
:10303000884311C997F0FE1FE780A0F783270B0094
:10304000A29723A0070083A709003E94231304003E
:10305000230504006DB511C997F0FE1FE78060F5E8
:1030600083A70900A29723A0070083A7090085442E
:103070003E94231304002305040001BD6F408036F5
:103080006F40A0376F40607B6F40A03A411106C689
:10309000EF40E036B2400145410182806F40003C84
:1030A0006F40003E6F4000406F40E0416F40E043A2
:1030B0006F40C0456F40C0476F40C0496F40604B94
:1030C0008347160003460600A2075D8E6F40A04CA2
:1030D0006F40E04D6F40A0506F4060536F404056CE
:1030E0006F4020596F40405B6F40605D6F40805F74
:1030F0006F40A061411122C60344C10226C483442B
:10310000010303430101030E4101834E8101034F7B
:10311000C101834F0102834241028343810222D6CF
:10312000324426D8A2441ED416D27ED07ACE76CC93
:1031300072CA1AC841016F40C0756F40605F6F402E
:1031400080616F40A0636F40C0656F40E0676F4073
:10315000006A6F40206C6F40006F6F4020716F609D
:10316000001B1307A5FF420785672A884183138543
:10317000A7C7636CE502138707C801456368B702F8
:1031800063E605031307301F6362C702138766FFF8
:1031900042074183938767C763EAE7000506330662
:1031A000B6028E063325D600828001458280411109
:1031B00026C206C622C4AA84EFD0102E19C52A84BE
:1031C0002685EFC0407F2324A418B24022449244B5
:1031D00041018280834665010D47AA876384E6002A
:1031E000054582800327451103464700A305C50214
:1031F000034737006316D7020347B50075F303474B
:103200000501930600026307D700930630020145CB
:103210006317D700130760022388E7000145828007
:10322000BD466310D702034705019306000401451C
:103230001377B70FE315D7FE130750042388E70071
:103240008280B946631AD70083460501130700033D
:10325000E398E6F80547C9B7D1466317D700834618
:10326000050113070005EDB7D9466318D702834659
:10327000050113075005E395E6F60327050A1367D2
:1032800007202320E50A05472308E50003C71701A7
:10329000136707F8A388E70051B7E946631BD70017
:1032A0008346050113075006E39CE6F21307A006C8
:1032B000A5B7FD46631BD700834605011307A0078A
:1032C000E390E6F2130710F881BF93063002E3198A
:1032D000D7F08346050113075008E393E6F005474E
:1032E0002308E5000347A502136717002305E5023D
:1032F00071BF832705110947A30AE50095C3238100
:10330000E70003474505A381E7008347A50293E74C
:1033100087002305F502F1472308F5000145828067
:103320001D4582808547A30AF5008327051191CBAF
:1033300015472381E7009307B0022308F5000145F4
:103340008280054582808547A30AF5008327051101
:1033500091CB19472381E7009307D0022308F5009A
:1033600001458280054582808947A30AF5008327AD
:10337000051181CF1D472381E700832705110347EE
:10338000D5020145A381E7008280054582808547FB
:10339000A30AF5008327051191CB2D472381E70070
:1033A000930770032308F50001458280054582805C
:1033B0009947A30AF5008327051131472381E700C8
:1033C0001727FF1F130707E883564701A381D7007C
:1033D0009726FF1F83C666E82382D7009726FF1F24
:1033E00083D6A6E7A182A382D700834687012383E1
:1033F000D70003479701A383E7008347E50213F74C
:10340000070409CF9307A0032308F5008347E502CB
:1034100093F7F7072307F50201458280858BFDD7D7
:103420008327050AA30505022307050293E707047E
:103430002320F50AE1BF8947A30AF5008327051178
:1034400081CF35472381E700832705110347B50264
:103450000145A381E7008280054582808D47A30A4C
:10346000F5008327051191CF45472381E7000347E6
:10347000C502A381E7000347B50201452382E700A7
:103480008280054582808547A30AF50083270511C0
:1034900085C349472381E7009307A0042308F5006B
:1034A0008347A50293E747002305F5020145828083
:1034B000054582808547A30AF5008327051191C73A
:1034C0004D472381E700014582800545828003271F
:1034D00005118D47A30AF500D9472301F70083465C
:1034E0004514A301D70083475514918A2302F7009E
:1034F0000357A51CB1C69306F034814763FDE6006F
:10350000930787E80357851415CB8587938757FD65
:103510008D87C207C1830357851C63F3E7003E878D
:103520008347A5022307E50493E747002305F50237
:10353000930750052308F500014582808D87F9B770
:10354000858B99C7930707FB2147B3C7E702D1B71C
:103550009307C7FB1147D5BF032705118D47A30A62
:10356000F500DD472301F70083474514A301F70069
:10357000834655142302D7000347B514F98F93F6F9
:1035800047000357A51CB1C69306F034814763FD7D
:10359000E600930787E80357851415CB8587938743
:1035A00057FD8D87C207C1830357851C63F3E7006E
:1035B0003E87930780052308F5008347A50223076C
:1035C000E50493E747002305F502014582808D87D6
:1035D000F9B7858B99C7930707FB2147B3C7E70264
:1035E000D1B79307C7FB1147D5BF832605118D4778
:1035F000A30AF500E5472381F600834775140346C7
:1036000065140547B317F7003317C700D98FA38197
:10361000F600834715142382F6008347A50293E73B
:1036200047002305F502930700062308F50001452E
:1036300082808947A30AF5008327051175472381F6
:10364000E7001727FF1F1307E7BF03473700A381D2
:10365000E700930750072308F5000145828089475A
:10366000A30AF5008327051179472381E700034763
:10367000F502A381E7008327050A2167D98F23205C
:10368000F50A85472308F500014582809727FF1F2B
:10369000938747BBB84B9307800583464700B387A2
:1036A000F602145703270511BE96A547A30AF50095
:1036B000930700022301F7000356A51C8357651CDE
:1036C000B297D05A9387C71263F3C700B287A3019A
:1036D000F70013D68700C1832302C700A302F700B7
:1036E0009C5E2303F70013D68700C183A303C700A2
:1036F0002304F70083C7C601A304F70083C7D601DC
:103700002305F7009307C0072308F50001458280D1
:1037100083270511114613073002A30AC500238130
:10372000E70003478515118B05CF0347A5152382B5
:1037300007009306F7FF05473317D700A381E7007B
:1037400003473514A382E7008347A50293E74700A8
:103750002305F502930750F82308F5000145828000
:103760008346751409476392E6021727FF1F034734
:10377000D79D09C72147A381E70019A0A381C700EE
:10378000034755162382E70065BF05473317D70067
:10379000DDB79547A30AF5008327051113074002FB
:1037A0002381E700A3810700030735148306F5157D
:1037B0006395E6008946A381D7008306E5156398E3
:1037C000E60083C6370093E61600A381D700830680
:1037D000D5152382D7000346C515A382E7002383AE
:1037E000C70083478515858B81CB99C68327050A3A
:1037F0004167D98F2320F50A01458280411126C2F5
:103800008324051106C622C4B547A30AF500A9C042
:1038100091472A842381F4009305851A2146138554
:10382000340097E0FE1FE780A08D1385B400114699
:103830009305041B97E0FE1FE780808C930720020E
:103840002308F4000145B2402244924441018280A1
:103850000545D5BF83270511A1C7411122C406C65E
:103860002547A30AE5002381E7002A8403250511E3
:103870009305840F21460D0597E0FE1FE7804088E1
:103880008327040AA3050402014593E707022320C6
:10389000F40A85472308F400B240224441018280A3
:1038A00005458280A547A30AF50083270511A9C312
:1038B000411122C406C639472381E7002A84032523
:1038C00005119305840F21460D0597E0FE1FE78043
:1038D00020838347A402014593E747002305F402B0
:1038E000930700032308F400B24022444101828080
:1038F00005458280E147A30AF50083270511D9CF4A
:10390000411122C406C63D472381E700034745070E
:103910002A8493058506A381E700034755073146AE
:103920002382E70003476507A382E7000357650783
:1039300021832383E7000347A505A383E7000357FB
:10394000A50521832384E7000347C505A384E70079
:103950000347D5052385E70003574506A385E70000
:10396000034765062386E700035765061385E700CE
:103970002183A386E70097D0FE1FE7806078834706
:10398000A402014593E747002305F40293070004CE
:103990002308F400B2402244410182800545828020
:1039A000E147A30AF50083270511C9CB411122C4C1
:1039B00006C641472381E700034745072A8493054C
:1039C0008506A381E7000347550731462382E700B8
:1039D00003476507A382E700035765072183238315
:1039E000E7000347A505A383E7000357A505218347
:1039F0002384E7000347C505A384E7000347D505F3
:103A00002385E70003574506A385E70003476506BE
:103A10002386E700035765061385E7002183A38605
:103A2000E70097D0FE1FE780A06D930740042308AE
:103A3000F400B24022440145410182800545828064
:103A4000411106C6AD47A30AF500832705111307E8
:103A500090029305D5172381E70013853700294687
:103A600097D0FE1FE780C069B240014541018280C6
:103A700083254511411126C206C622C483C74500CD
:103A800003C735000568A207D98F1387A7FF420730
:103A900041839306A8C7F94463E2E60C03C76500B7
:103AA00083C65500130808C82207558FF944636779
:103AB000E80A6365F70A03C6850083C67500220617
:103AC000558E9306301F63EBC60883C6A50083C8D6
:103AD0009500A206B3E616016362D8081308160023
:103AE0003308F80293983600635A180783C8B50064
:103AF00013980801135808016384080063600707DE
:103B00008358A5038144639D1701631BF700835805
:103B1000C5036397C8008354E503958C93B41400E0
:103B2000231DC504231AF506231BE506231ED50411
:103B30002312050783C7D50003C7C5002A84A2073F
:103B4000D98F2313F5063146B9051305850697D09D
:103B5000FE1FE780E05A9147A30EF400B2402244D2
:103B60002685924441018280411122C406C68547C0
:103B7000A30AF5002A84834535150327051103455B
:103B80004515854693176500CD8F2301F700ED4756
:103B9000A301F7008347C4000346241593E70702F7
:103BA0002306F400EF103078930770062308F40022
:103BB000B24022440145410182808327451113030D
:103BC000000E03C6470003C737002206598E1307AD
:103BD00056FE420741836367E30683C6670003C757
:103BE00057001168A206D98E138786EB42074183DE
:103BF000130888146368E80403C7870083C8770044
:103C0000220733671701930857FEC20893D80801AB
:103C1000636A130383C8970083C7A700A207B3E7AB
:103C20001701938887EBC20893D80801636C1801C9
:103C3000231EC51A231FD51A2310E51C2311F51CBA
:103C40006FB00044054582808346B5000547AA87CA
:103C500005456395E60C83C6670131470545639FBB
:103C6000E60A03A7471183463700A38AD704834691
:103C7000570003464700A206D18E239BD7048345F5
:103C8000770083466700A205D58D239CB7040346C1
:103C90009700834687002206558E239DC7048346DE
:103CA000B7000345A700A206C98E239ED70403458B
:103CB000C7000347D7002207498F03D5A703239FD7
:103CC000E7040147631BB50083D5C7036397C500AD
:103CD00003D7E703158F133717002391E70603C7B0
:103CE0000701930600046304D7029306400463159A
:103CF000D70005472388E70003C717019546A38E21
:103D0000D700136717F8A388E7000145828003C72F
:103D1000A702136717002385E702E1BF82800347EC
:103D200065018947631DF7008327451183C7370065
:103D3000230AF504F5472308F500014582801D4557
:103D400082808347B5002A87D9EB83466501B54752
:103D500005456397F60883460701930700026391C0
:103D6000F60883274711014583C6570003C647005D
:103D7000A2064206B29603C66700B29603C6370093
:103D80006206B2962320D70C83C6970003C687002D
:103D9000A2064206B29603C6A700B29603C67700F3
:103DA0006206B296232ED70A83C6C70003C6D70081
:103DB000A2064206B29603C6B70083C7E700B296D2
:103DC000E207B6972320F70E8347170193E7870092
:103DD000A308F700930730022308F7008280054507
:103DE00082808347B5009DE3034765018547631DD6
:103DF000F70083460501130730026397E600930737
:103E0000C0022308F50081473E8582808547EDBFCB
:103E1000834665010547AA870545639CE60203C7FB
:103E200007019306B002631AD7001307E002238844
:103E3000E700A3850702014582809306D00205456D
:103E40006319D7001307E002A38507022388E70060
:103E5000DDB78280034765018947631EF704E947A0
:103E6000A305F50283274511394783C737006392BD
:103E7000E7020347050193070003631EF702832748
:103E8000050A93E707022320F50A85472308F50072
:103E9000B9A03D476393E7028327851003470501D7
:103EA000F59B2324F510930700046316F70093078E
:103EB00060042308F5000145828049476398E702C2
:103EC000034705019307A004E317F7FE854723087E
:103ED000F5008347A50293E717002305F502834702
:103EE000150193E707F8A308F500F1B7514763926E
:103EF000E7020347050193070005E31EF7FA85472C
:103F00002308F5008327050A93E707102320F50A05
:103F1000F9B75947639DE70003470501930750052B
:103F2000E31BF7F88327050A93E70720A9BF694732
:103F3000639FE7000347050193075006E31DF7F66B
:103F40008327050A056713070780D98F2DBF71479F
:103F5000E383E7F67547639CE70003470501930792
:103F60005007E31AF7F48327050A2167F9BF1307FF
:103F70003002E392E7F40347050193075008A9B71D
:103F80000347B50085476311F70203476501631BCB
:103F9000F700034705016317F70093076003230841
:103FA000F50081473E8582808547EDBF83466501E8
:103FB0000547AA8705456393E60603C707019306ED
:103FC00070036315D70203C7A702238607049376FD
:103FD000070499C61377F7FB136707012385E702E8
:103FE000130780032388E70001458280930650036E
:103FF00005456315D702130780032388E70003C72D
:10400000A7022386070401459376070481CA137724
:10401000F7FB136707012385E7028280828003474D
:1040200065019947631EF708032745118347370049
:10403000A307F5048347570083464700A207D58F9F
:104040002318F50483477700834667001307A0030E
:10405000A207D58F834605012319F5048347E5029E
:104060006395E604858B99CB8327050AA305050292
:104070002307050293E707042320F50A8347A502D7
:1040800093E717002305F50285472308F5008347CA
:10409000150193E707F8A308F5008347E50293F7B6
:1040A000F7FB2307F50201458280E207E187E3D0B1
:1040B00007FE8327450A93E707042322F50AC1BFB9
:1040C000054582800347650189476304F70005457C
:1040D0008280832745111307000483C73700A30597
:1040E000F5028347050193F6B70F6397E600930740
:1040F00050042308F50025A0130750056393E70239
:104100008327050A93E707202320F50A854723081C
:10411000F5008347150193E707F8A308F50001456B
:104120008280130750066395E7009307A006D1B776
:1041300013075008639CE70085472308F500834771
:10414000A50293E717002305F502E1B70347B50081
:104150003DFF130700026386E700130730026395F3
:10416000E7009307600271B71307A007E391E7F632
:10417000930710F8BDBF834665010547AA8705452B
:104180006394E60403A787100545418B15CF03C749
:1041900007016318A7001307B0042388E70001454F
:1041A00082801306A004631AC70003C7A7022388EE
:1041B000D700136717002385E70203A7870A136751
:1041C000070423A4E70AE1BF82808346650105470F
:1041D000AA8705456393E60283C607011307A00477
:1041E0000545639CE60003C7A7022388A700014595
:1041F000136717002385E7028280828003476501E9
:104200008D47631FF718834715018D8B91EB83460C
:1042100005012147938706FC93F7F70F6361F702C7
:10422000D9472306F5029307A002A305F5028327C9
:10423000850A93E727002324F50A014582808347F6
:10424000B500032645116390071493075005639842
:10425000F600D9472306F50293073002F9B79717FE
:10426000FF1F938727FE8345460003C7A70383C725
:10427000B703834865146D8F2305E51403463600A4
:10428000F18F0546A305F514331616016314C70014
:1042900023050514034875148545B39505016394FA
:1042A000B700A30505140347A5148347B5145DCFD4
:1042B000D9CB93752700B1C113F627001DCE930704
:1042C00020202315F5140347A5148547B39717013C
:1042D0006314F700230505140347B5148547B39706
:1042E00007016314F700A305051485476398F608D2
:1042F000930760052308F50089B71376470001CAC4
:1043000013F3470063050300930740405DBF058B2F
:1043100019C713F7170001C7930710105DB70947B6
:1043200081E5114711E205472305E51413F727003E
:1043300009C78947A305F51479B7918B99C39147AC
:10434000D5BF8547C5BFB3570741858B81C72305B7
:10435000B51495BF9377270089C789472305F514BE
:104360009DB7118B91477DFB8547CDBFA9DF33D723
:104370001741058B45DFA305C514B1B78327850A0F
:1043800093E707104DBD85476397F60083474600C6
:10439000A305F514B1BF8327850A93E7072061BD04
:1043A00005458280834665010D47AA8705456394CC
:1043B000E61483C60701130750050545639DE61201
:1043C00003C7B7006319071283C6471403C75714FE
:1043D00003A6471133F5E6008345460019ED6396C1
:1043E000B60003453600630AE5002395071413075A
:1043F00070052388E70001458280ED8E2385D71460
:104400000346360003C86714718F0546A385E71479
:10441000331606016394C6002385071403C5771479
:104420008545B395A5006314B700A385071483C61B
:10443000A71403C7B714C5CA41C793F526009DC981
:104440001376270005CA130720202395E71483C697
:10445000A7140547331707016394E6002385071463
:1044600083C6B71405473317A700E392E6F8A38580
:104470000714B5BF13F6460001CA93784700638559
:10448000080013074040D1B7858A99C69376170074
:1044900081C61307101055BF894681E5914611E288
:1044A00085462385D7149376270089C60947A385B7
:1044B000E71471BF118B19C31147D5BF0547C5BF9D
:1044C00033D7A640058B01C72385B71449B713F727
:1044D000260009C709472385E71495BF918A11472C
:1044E000FDFA0547CDBF25D7B3560741858AC5DEFE
:1044F000A385C714A9BF82808346B5000547AA8754
:104500000545639FE60683C6670115470545639920
:10451000E60603C70701930650056306D700930616
:104520008005631FD70403C7A70283A5471113673C
:1045300017002385E70203C645001147636EC700D5
:1045400083C63500636AD7001307F6FF1385F6FFAD
:10455000718F758D498F11C705472388E700014585
:10456000828003C7650003C555002385C714220751
:10457000498F2396E714A385D7141307A005F1BF2D
:1045800082808347B50095E3834665010D478547E3
:10459000639BE600034705016317F70093071006C6
:1045A0002308F50081473E8582808547EDBF03479C
:1045B000650189476310F706832745119715FF1F8B
:1045C00083C5E5CC83C7370013F6F70113D767001F
:1045D0009717FF1F83C797CB63EAC7008346E5148D
:1045E000A18A89C6B3D6E540858A9DE6E9472306B8
:1045F000F5028547B397E700ED8F8D8B794799C317
:10460000130700028327850AA305E50293E7270025
:104610002324F50A05458280230AE5140347050192
:10462000A309C51485476318F7009307600623089C
:10463000F500014582808327850A93E707402324FC
:10464000F50AC5BF034765018947631CF702832745
:1046500045110347050183C737002308F502854745
:104660006318F700930760072308F500014582806F
:104670008327850A056713070780D98F2324F50A46
:10468000F5B705458280834665010947AA87054538
:10469000639FE60283C6070113075007014563982D
:1046A000E60203A74711A166034737002388E70204
:1046B00003A7070A558F23A0E70A05472388E700C9
:1046C00003C71701136707F8A388E7008280828079
:1046D000834665011547AA8705456399E60C83C69D
:1046E00007011307500805456392E60C03A747111D
:1046F00083463700A38DD71483064700A382D716BD
:10470000030657002380C716034767002382E71676
:1047100003C7871593754700B5CD8946A38CD71479
:1047200083A6070AC1656D9BCD8E23A0D70A238C73
:10473000E71403C7A7169376170085C29306F00700
:104740006306D600136727002385E71603A7070A29
:10475000B7060200558F23A0E70A1717FF1F13079C
:1047600067AE034737000145A387E70203C7470346
:10477000A380E71605472388E70003C7A70213674E
:1047800017002385E70203C71701136707F8A388FB
:10479000E7008280098B51DFC9DE03A7070AC166E3
:1047A000A38CA714558F23A0E70A61B782808346A4
:1047B00065011547AA8705456390E60A83A6471158
:1047C000014503C636001377060F59E71717FF1F79
:1047D000034717AB718F49C303C766001148238095
:1047E000E716838556000147A382B7161305170005
:1047F0003357E640058B9378F50F15CF238D1715AA
:1048000003C74600A38DE71403C7871593764700B7
:104810009DC68946A38CD71483A6070A41666D9B63
:10482000D18E23A0D70A238CE71403C74703014581
:10483000A380E71682802A87E31A05FBD1B7098B8C
:104840006DD7E5D50547A38CE71403A7070AC16612
:10485000558F23A0E70AD1BF8280834665011147A7
:10486000AA8705456393E60A83C5B7000545639E9D
:10487000A50883A6471103C836006366050303C76E
:104880004600130510091306B7FF1376F60F636C85
:10489000C50003C656009306B6FF93F6F60F636491
:1048A000D5006371E6027947A385E702130780020A
:1048B0002386E70203A7870A01451367270023A47D
:1048C000E70A828083A6C710014593F6060895CEB5
:1048D00083C647176317B80293E61600238AD716D4
:1048E0009306000AA38AE7163307D70283D6A703E5
:1048F0003347D70283D6070485063697239BE716EE
:104900008280D99A238AD7168280828083270511D4
:10491000E9C72547A30AE50051472381E70003477C
:10492000451B8355651B0356A51BA381E700034761
:10493000551BA382B7002382E70013D7850023838A
:10494000E7000347851BA383E7000347951BA38468
:10495000C7002384E700135786002385E7008346BA
:10496000751409476386E60203270510931647016D
:1049700063C006028566938686842E8763F3B6003D
:10498000368742074183A382E70021832383E70020
:104990008346651409476386E602032705109316CC
:1049A000470163C00602856693868684328763F377
:1049B000C600368742074183A384E700218323850D
:1049C000E7008347A50293E747002305F502930715
:1049D00000052308F5000145828005458280832774
:1049E0000511E9CB2547A30AE50055472381E700D8
:1049F0000347451B8355651B0356A51BA381E70091
:104A00000347551BA382B7002382E70013D7850015
:104A10002383E7000347851BA383E7000347951B18
:104A2000A384C7002384E700135786002385E7008B
:104A30008346751409476380E602856693868684FB
:104A40002E8763F3B600368742074183A382E700CF
:104A500021832383E7008346651409476380E602C8
:104A6000856693868684328763F3C600368742075D
:104A70004183A384E70021832385E7008347C5079B
:104A8000A305050299C78327050A93E7071023208A
:104A9000F50A8327450A13974701635807007D7776
:104AA0001307F77FF98F2322F50A85472308F500BE
:104AB000014582800545828003476501AD47631843
:104AC000F702411106C6834745178325451129463C
:104AD00093E70701230AF5168D051305D51797C02F
:104AE000FE1FE780E061B24001454101828005453B
:104AF00082808347B500EDE7411122C406C6034713
:104B00006501E1472A8405456318F70C0347040152
:104B1000930700046312F70C83254411056593067F
:104B2000A5C703C7450083C7350022075D8F9307DC
:104B3000A7FFC207C18363ECF60883C7650083C67D
:104B40005500130505C8A207D58F6362F50863E019
:104B5000E70803C6850083C675002206558E9306B6
:104B6000301F63E6C60683C6A50003C89500A206EB
:104B7000B3E60601636DD504130516003305E5029F
:104B8000139836006345A80403C8B500131508013F
:104B900041816304080063ECA702231DC4042312AF
:104BA000A406231AE406231BF406231ED40483C799
:104BB000D50003C7C5003146A207D98F2313F406D9
:104BC000B9051305840697C0FE1FE780605393075D
:104BD00070042308F4000145B24022444101828060
:104BE00005458280411126C206C622C403476501DD
:104BF000E14785446318F704832785102A84854498
:104C0000898BA9C38347B50063919706EFE05FE600
:104C100083470401A305A402639797009307100438
:104C20002308F40039A8130700046393E7029307ED
:104C300010042308F4008347A40293E71700230518
:104C4000F4028144B240224426859244410182808C
:104C50008327040A93E727002320F40A83471401DB
:104C600093E707F8A308F400E9BF834715018D8B8C
:104C700099CF9307A002A305F402BD472306F402CF
:104C80008327840A93E727002324F40A5DBF834720
:104C9000050163979700EFE0BFDDA305A402BDBF48
:104CA000130700026390E702EFE09FDCA305A40274
:104CB000814449F98327440A37070080D98F23228A
:104CC000F40A49B713070004E39EE7F6930730029E
:104CD0005DB7411126C206C622C48347B50085448C
:104CE000A5E703476501A5478544631FF7048327AC
:104CF000850FA18BB1CB832545112A8421468D05D3
:104D00001305051097C0FE1FE780803F832704101E
:104D1000B73678089386060DDD8E8327441013E797
:104D200007018327840FF58F2324F4108327C40FF2
:104D3000F98F2326F41083470401639D970093079E
:104D400010032308F4008144B24022442685924493
:104D5000410182808327840A93E707012324F40A10
:104D6000DDB7411126C206C622C403476501A54727
:104D70008544631AF706034705019307000385443A
:104D80006313F706832545112A8421468D051305F3
:104D9000051097C0FE1FE780A03683270410B736A2
:104DA00078089386060DDD8E83274410230894002F
:104DB000A305040213E707018327840F8144F58FBD
:104DC0002324F4108327C40FF98F2326F41083279C
:104DD000040A93E707022320F40A8347140193E7A8
:104DE00007F8A308F400B24022442685924441010A
:104DF00082808347B50005476395E708411122C4C7
:104E000006C68346650125472A8405456390E60664
:104E1000034704016310F706832544112146130557
:104E200004108D0597C0FE1FE780802D8327041096
:104E3000B73678089386060DDD8E8327441013E776
:104E400007018327840FF58F2324F4108327C40FD1
:104E5000F98F2326F410930710032308F4008347E7
:104E60001401014593E707F8A308F400B240224477
:104E7000410182808327840A93E707012324F40AEF
:104E8000F9BF054582800347B5008547631CF704D9
:104E9000411122C406C626C203476501A1472A84E0
:104EA0000545631CF702832444111305841215463B
:104EB0009385340097C0FE1FE780802483C7940049
:104EC00003C784000145A207D98F2317F412834733
:104ED000140193E727F8A308F400B2402244924457
:104EE00041018280054582800347B50085476310F4
:104EF000F716834665015D47639CE614011126CAD7
:104F00008324451122CC21462A849385340013053D
:104F1000F51806CE97C0FE1FE780801E83C7C40029
:104F200003C7B400A207D98FA30BF418A183230CE5
:104F3000F418EF00CFB42AC4EF006FB42AC62C00D7
:104F40001305841A214697C0FE1FE780601B83C7A4
:104F5000F40003C7E4001305041BA2074207BA9735
:104F600003C704012C001146BA9703C7D400620797
:104F7000BA972324F40C83C7340103C72401A20782
:104F80004207BA9703C74401BA9703C714016207DF
:104F9000BA972322F40C0347941A8347A41A4207B2
:104FA000A207BA970347B41ABA970347841A62074D
:104FB000BA972320F40C0347D41A8347E41A420714
:104FC000A207BA970347F41ABA970347C41A6207AD
:104FD000BA97232EF40AA247374703001307D73F97
:104FE000B387E70237A72600130737ECBA973EC40A
:104FF00097C0FE1FE780C01083C7640103C7740118
:10500000A2074207BA9703C75401BA9703C784019E
:105010006207BA97232EF40C0347241B8347141B03
:105020004207A207BA970347041BBA970347341BEA
:105030006207BA972320F40E930710022308F400A6
:10504000F24062448147D2443E85056182808547B3
:105050003E858280034765019147631BF71241112A
:1050600026C28324451106C622C403C7340001CBDF
:105070009307F7FFF98F81E79377070F8DC79307A2
:105080000002A305F502930730022306F5028327E9
:10509000850A93E727002324F50AB240224492446C
:1050A00001454101828083C554009306E007814792
:1050B00011466397D500F947E9B7B687638CC600F8
:1050C00093861700B357F740858B93F5F60FF5D706
:1050D000230DB514838744002A84B5C3A30EF514A9
:1050E000030535143387A7001375F50F635AF000D5
:1050F0008307F41563DAE700898FA30EF41429A05F
:105100008307E415E34AF7FE8347D4153E9562050D
:105110006185352F2301A414E92583473414A301A5
:10512000A414B307F540A30EF41415278347A41560
:10513000034734142301A414A297A382E71683071C
:10514000440383062416014763D5F600958F13F7B1
:10515000F70F230EE41483C7540005472300F41609
:10516000834704016397E700930760F82308F4007E
:105170002DB7130750086396E700FD57230EF4146C
:10518000E5B78327840A0967D98F2324F40A31B746
:105190000545828003476501A547631EF704411159
:1051A00022C406C683460501130700052A848547E5
:1051B0006397E602EFE07FA005E98327040AA305D1
:1051C000040293E707102320F40A8347140193E7AE
:1051D00007F8A308F40085472308F4008147B2408C
:1051E00022443E85410182808347A40293E7170051
:1051F0002305F402D9BF85473E85828003476501B8
:10520000A5476309F700054582800545B240224461
:105210004101828083278510411122C406C693F77D
:1052200007022A84FDD3EFE05F998547E30FF5FC81
:10523000034704016318F700930710052308F400DF
:105240000145E9B78327840A93E707082324F40A72
:10525000C5BF05458280054582800545828005459C
:10526000828005458280054582800545828005450E
:1052700082808347C500A30A0500F19B93E71700CE
:105280002306F50003250511133515008280170745
:10529000FF1F034757EB9547630BF7009707FF1F67
:1052A000938707EA83C777000D47631FF7009707C7
:1052B000FF1F83C777E963940712930760101707EE
:1052C000FF1F2313F7E88280411126C29707FF1FB3
:1052D000938747F79704FF1F938444E822C4E05F55
:1052E0009C404AC006C623A20706096798C719450D
:1052F0009707FF1F238807E4EF00F01A9707FF1FA7
:10530000938747E3944337C7898E130767ED98C6A1
:105310003757550013075755D8C203472402930641
:10532000F00F3E896307D700FD57A300E402230175
:10533000F4020345140289476303F50001459840D0
:1053400001469305F00F5C4393E717005CC3930796
:1053500010FA2305F40099471707FF1FA305F7DE8E
:105360009707FF1F238E07DC9707FF1F238C07DC9F
:10537000792D9707FF1F9387A7E39443DC56F59B8E
:10538000DCD683270900034794001376F707984378
:10539000137707F8518F98C31707FF1FA30407DA85
:1053A00090401707FF1FA30D07D8054718C2984361
:1053B0001377F7E798C398431377F7E71367071056
:1053C00098C39C4637073300B240D98F22449CC60D
:1053D0009307900D3CCA9244024941018280828029
:1053E000411106C622C41707FF1F0347F7D59707C9
:1053F000FF1F9387E7D401CF9706FF1F83C6C6D44C
:1054000009476396E6001707FF1FA30F07D203C7DC
:105410007700A1466387E60003C777009D46639D3A
:10542000E60083C777001707FF1F230FF7D08547D4
:105430001707FF1FA30AF7D0EF00807E9707FF1F13
:10544000938747E0E05F68402315040023040400CD
:1054500097D0FE1FE780E0B5914523100404232276
:105460000404232404041705FF1F0345D5AAEF00F5
:105470000FAFA1451705FF1F0345F5A9EF002FAE9C
:10548000034514039307F00F6307F500EF002FB2F5
:10549000FD57A308F402034504039307F00F6307C5
:1054A000F500EF00CFB0FD572308F402B2402244CC
:1054B00041018280011126CA9704FF1F938484D87A
:1054C00022CC03A4040C4AC84EC652C456C206CE0F
:1054D0002A898149130A2500854A29E89305702500
:1054E000314597D0FE1FE780A09F2A8401453DC02B
:1054F00083471900194693052900A300F4001305FA
:10550000240097C0FE1FE780A0BF83A7040CA1EF73
:105510009707FF1F23A887DE2324040083C7C40B3B
:1055200085071707FF1F230DF7DC25A0034714008D
:10553000834719006305F700A289004479BF194623
:10554000D2851305240097C0FE1FE78060C4E315D1
:1055500055FF0545F2406244D2444249B249224ACD
:10556000924A05618280E38909FA23A489006DB714
:105570009707FF1F938707CD03A5070C11E997072E
:10558000FF1F23A107D89707FF1F238B07D6828011
:10559000411106C622C4004597D0FE1FE78060A1D6
:1055A000228575F8B24022449707FF1F23AC07D429
:1055B0009707FF1F238607D4410182809707FF1FAB
:1055C000938747C823A0070C238E070A8280011106
:1055D00022CC1704FF1F130464B8184006CE26CA55
:1055E0002EC632C43C4BAA84354593F7F7F73CCB23
:1055F0005D2D184026853C4B93E707083CCB22469F
:10560000B24597C0FE1FE78080FCF2406244D2445E
:105610000145056182801707FF1F130727B4144354
:10562000BC4A93F7F7F7BCCA0100010018431605FE
:10563000136505083C4B93E707083CCB9707FF1F12
:10564000938707AF9C4303A7450E88C398CB03A756
:10565000850E0145D8CB03A7C50B98CF03A7050C32
:10566000D8CF03A7450C98D303A7850CD8D303A79D
:10567000C50C98D703A7050DD8D703A7450D98DB10
:1056800003A7850DD8DB03A7C50D98C703A7050E93
:10569000D8C798431367070498C382801707FF1F72
:1056A0001307C7AB1443BC4A93F7F7F7BCCA010012
:1056B000010018431605136505083C4B93E70708DE
:1056C0003CCB9707FF1F9387A7A69C4303A7C50E54
:1056D00088C398CB03A7050F0145D8CB03A7C50BFB
:1056E00098CF03A7050CD8CF03A7450C98D303A7E1
:1056F000850CD8D303A7C50C98D703A7050DD8D719
:1057000003A7450D98DB03A7850DD8DB03A7C50DBF
:1057100098C703A7050ED8C798431367070498C313
:10572000930700F81707FF1F230FF7A082801706C3
:10573000FF1F130626A01C42B7068000B715018084
:105740009843938585E7558F98C39843B706001013
:10575000558F98C31307001DD8DB1707FF1F03479A
:10576000278293169701CD8ED4D7D457B7050082E0
:105770001377F703FD15ED8E6607558FD8D73717CA
:105780000040930770052300F704930780FA230075
:10579000F70497F6FE1F83C6A67EB54763FBD702C4
:1057A0008357270293E707012311F7021842B7072F
:1057B0000900938737081CD337E700E0D147A309D6
:1057C000F70497C7FE1F9387E70C93E717007CD772
:1057D000828083572702C207C183BD9BC207C18352
:1057E000E1B79307C00363E2A7061307800295475A
:1057F000636BA704714791476367A70459478D47B7
:105800006363A70449478947636FA7023947854700
:10581000636BA702314781476367A7022947FD579A
:105820006363A7022147F557636FA7001947ED5738
:10583000636BA7000D47E1576367A7000547C15792
:105840006373A700D1573E8582809947EDBFC55746
:105850006340F50655578947634AE5046557914704
:105860006346E50471579D476342E5047957A547B0
:10587000634EE502AD47634B0502B54705C90547D1
:10588000BD476305E5020947CD476301E5020D47C2
:10589000DD47630DE5001147F5476309E50015474E
:1058A0009307D0036314E500930790023E8582803E
:1058B0008547EDBF9707FF1F938707889C4399CBC8
:1058C000944BD04B9842518F98C294439C47984236
:1058D000D98F9CC29707FF1F9387C7851706FF1FA5
:1058E0001306C68705489C431707FF1F0347E78534
:1058F000144263120505884375787D1833750501D8
:1059000088C3C846F977FD17E98FDCC6010001009E
:1059100014428967AD059CC6930700F81706FF1F60
:105920002302F682939725009305E709BE95860525
:10593000ECD2C8C682807578137325009308F8FFEF
:10594000630B030803A8070089050D43337818018A
:1059500089683368180123A0070151781307E70B02
:105960008E057D1863116504884333750501116840
:105970003365050188C3C846F977FD17E98FDCC692
:10598000010001001C42930600F89385750D23A4C5
:10599000170117F6FE1F2307D67A8605BA958605E6
:1059A000ECD3C8C7828088433375050188C3C846D5
:1059B000F977FD17E98FDCC6010001001C42930650
:1059C00000F89385A50423A4170117F6FE1F230BE7
:1059D000D6768E05E1B788430568337515013365C2
:1059E000050188C3C846F977FD17E98FDCC60100B9
:1059F00001001C428966A90594C7930600F817F6B2
:105A0000FE1F2301D6748E051307E70941BF97F7E0
:105A1000FE1F938767729C4389CFD44303A88700F6
:105A200098423367070198C2D447DC4B9842D98F1C
:105A30009CC297F7FE1F9387E76F97F6FE1F83C6FA
:105A4000E66F137725009C43858A25CB98437575AF
:105A50007D15698F0965498F98C3370709001307BA
:105A6000670898D3372730084517D8CB3717030076
:105A70001307976198CF0D671307E78D98D737679E
:105A8000000113070731D8D385C637A73F00130796
:105A9000F74D9E0598CB9385453697F7FE1F23A7B4
:105AA000B76A11C6060697F7FE1F23A1C76A828050
:105AB000372737001307F72DE9BF3707090013070A
:105AC000370898D33727100813071790D8CB371704
:105AD00003001307476298CF0D671307E78B98D72A
:105AE0003767000113070731D8D385C637A73F00B2
:105AF0001307E72C98CB75779306F7FF9843054873
:105B00009505758F631C050198C38E059385C503A4
:105B100069B7372737001307072DE9BF8566558F0B
:105B200098C39205E5B711C937170040835787011D
:105B30002168B3E70701231CF7008E0597F7FE1FC6
:105B40002385B76097F7FE1F9387C75E22069C43A5
:105B5000498E4D8EB70510004D8EF0D3F853136764
:105B60004700F8D3984391C6B7060020558F98C3D5
:105B70008280B70600E0FD16758FD5BF411106C6BD
:105B800017F7FE1F0347475CA1476310F70497F719
:105B9000FE1F83C7E75C858B17F6FE1F0346765E04
:105BA00097F6FE1F83C6E65DB5C797F7FE1F93877E
:105BB000275DC84325C1834515000905B92D11C5C9
:105BC000854717F7FE1FA301F75817F7FE1F034776
:105BD000A7579947631CF70097F7FE1F93878766BF
:105BE000FC5F83C7B70095CBEFF06FEA17F7FE1F96
:105BF000034787559D476312F70297F7FE1F938768
:105C0000676483A7070983C7770081CBB24041014E
:105C10006FB0E0638145014555B7B24041018280D4
:105C200017F7FE1F130787531C43B44BE19AB4CBFD
:105C3000944393E6860094C39C438D83858B89C7E8
:105C4000010001000100010097F7FE1F9387874EB6
:105C500094439C4293F7F7E793E707089CC297F7B2
:105C6000FE1F9387E7549043B706CEFFFD161C46F0
:105C7000F58F1CC61C4313070008B8CB97F7FE1F0F
:105C80009387874B9C4399CBD44390479842518F3D
:105C900098C2944BDC4B9842D98F9CC297F7FE1F59
:105CA000A383074A828097F7FE1F9387274B9C4365
:105CB0009C438D8BF9CB411122C426C206C617F72F
:105CC000FE1F034757488D47AA8417F4FE1F13048D
:105CD0002447631BF70097F7FE1F938767489C4B89
:105CE000014681454545829719476392E40497F739
:105CF000FE1F83C7774599CB97F7FE1F83C7C7441D
:105D00006396970097F7FE1FA380074483477400AC
:105D100021476318F7009307801017F7FE1F23151C
:105D2000F7422244B240924441016FF07FEF9D4719
:105D3000639FF40097F7FE1F83C71741E1DB17F756
:105D4000FE1F034767408D47E312F7FC65BF83469C
:105D50007400630BD700034774006387E700834731
:105D600074002147E31FF7FA97F7FE1F83C7D73D5B
:105D7000CDFB8347740017F7FE1F2307F73C8547C9
:105D800017F7FE1FA302F73C69BF8280011122CCE6
:105D90002A8411452EC632C436C206CEEFF0BFF0BB
:105DA00097F7FE1F938707399C43B7083300D857EE
:105DB000719B13671700D8D717F7FE1F1307073A11
:105DC00008431307000A78D198431377F7E798C37D
:105DD00098431377F7E71367071098C317F7FE1F69
:105DE0001307073D1843B245924603288700224611
:105DF00033681801232407011308A00D2328050583
:105E0000D9CD4C5713640404F5994CD71377F40794
:105E10008043137404F8598C3747767180C3130795
:105E2000971298C7375755001307575517F4FE1F99
:105E300013040431D8C35C48B6853CD997F7FE1FDC
:105E40002381073097F7FE1FA38D072E5C41F99B36
:105E50005CC19147014517F7FE1FA306F72E97C0B7
:105E6000FE1FE780C0B597F7FE1F9387E72C984386
:105E700011C7544318479C42D98F9CC283473400B2
:105E8000858B91CB97F7FE1F83D7473C850717F784
:105E9000FE1F231DF73AF2406244056182804C5791
:105EA000F5994CD71377F4078043137404F8598C91
:105EB00037C7898E80C3130767EDA5B7011126CABE
:105EC0004AC84EC6C1643709006AB70900AC22CC83
:105ED00052C406CE0544FD141309690E9389E90CDA
:105EE000130A000205E49305000F4145EFF0DEE6DA
:105EF000B7B7006A4205938767CE5D8DF240624472
:105F0000D2444249B249224A05618280A6850145B0
:105F1000EFF0DEE69317850013F7071033E527014E
:105F200019C333E5370181470147E145B356F50011
:105F300085073356F500858A058A6307D60005076D
:105F40001377F70F63E4E504E39247FF81471306F5
:105F5000F003ED463357F5001377F70305CB6307DE
:105F6000C7028507E398D7FE135785009377F50F8F
:105F70001377F70FE394E7F8135705011377F70F3B
:105F8000E39EE7F613578501E39AE7F605041374D9
:105F9000F40F89BF17F7FE1F0347F71AA547630BD6
:105FA000F70C97F7FE1F9387A71983C77700114750
:105FB0006302F70C97F7FE1F938787179843B7C7BD
:105FC0000040938707306317F70A4111354506C62D
:105FD00022C426C24AC0EFF01FCD17F9FE1F1309D5
:105FE0006915292AB529EFF08FF483270900F57682
:105FF000FD16984397F4FE1F9384841B17F4FE1F2D
:106000001304C415758F98C39843B70633001377EC
:10601000F7E798C398431377F7E71367071098C318
:1060200098401C47D58F1CC71C401307D00DB8CB18
:10603000952DEF10E03945230D2D032709001C4352
:1060400093F7F7E793E707081CC394403707CEFFA1
:106050007D179C46B2409244F98F9CC61C401307A2
:1060600000082244B8CB97F7FE1FA38E070C024905
:1060700041018280828097F7FE1F2381070C97F7EA
:10608000FE1F23AB070AB7C700401387073097F6F8
:10609000FE1F23AFE6081387072097F6FE1F23AFE6
:1060A000E60A9387071037D70040411197F6FE1F85
:1060B00023A0E61017F7FE1F232EF70606C617F7D4
:1060C000FE1F1307E7078547A303F70097F7FE1F97
:1060D0009387C7E99C431CCF938707115CCBEFF0F4
:1060E0007FEBB7E700E037071000B24023A0E710CE
:1060F0003707200023A0E7104101828097F7FE1F99
:106100009387C7059C431307C00893066007D8CB45
:10611000D4CFD8D31306C003D0D7D8DBD0DFF8C391
:1061200017F7FE1F1307C701184FF4C7F8DB4167C5
:106130007D1798C73D673D07D8C737E700E0D547CB
:106140002309F70497C7FE1F938747D193E71700EA
:106150003CD7828097F7FE1F93878705984317F6F1
:10616000FE1F1306E6FF97F7FE1F9387A7FC9443D5
:106170008347160013F8F707D9C588425C421375A8
:1061800005F83365050188C213F5150001C993F5BB
:10619000050341456396A506938707834C574168DD
:1061A000130808A093E525004CD7B3D50703B7081B
:1061B00010FEFD18B3F70703FD89139545016C43E5
:1061C000B3F51501C98D6CC39305A00F3705FCFF0E
:1061D000AA07B3D7B7026C43E98DBA07B983CD8F4D
:1061E0007CC383470600898B99CB9C4293F7F707C2
:1061F00013E707049C4293F707F8D98F9CC282806B
:10620000938787C161BF5C57F59B5CD79C4293F72E
:1062100007F8B3E707019CC2E9B797F7FE1F93871A
:10622000670283A7470A91CF054582800545F24062
:106230006244D2444249B249224A924A024B056121
:106240008280011126CA97F4FE1F938464F19C4456
:1062500006CE22CC4AC84EC652C456C25AC0F9D73E
:1062600017F9FE1F130989EF8327090098430D8B47
:1062700005C3B84B619BB8CB98431367870098C39D
:106280009C438D83858B89C70100010001000100BB
:1062900097F7FE1F83C787EF918BB68A328BAE8943
:1062A0002A8A17F4FE1F1304A4ED89EB97F5FE1F4D
:1062B00083C505EB93F7050463910716814517F530
:1062C000FE1F0345F5E9EFF0FFE817F5FE1F034554
:1062D00025E91185014697F5FE1F83C525EA0D893D
:1062E000EFF0EFF217F6FE1F1306C6E498441C42C7
:1062F00098C7D844D8C383C7040003270900B284D1
:1063000093F617005C43F99BD58F5CC397F7FE1F8C
:10631000A38967E797F7FE1F238557E75C43858BC3
:10632000B1CF5C4085E317F5FE1F034535E59305C6
:106330009004090597C0FE1FE78080BA97F7FE1FFB
:1063400023A2A7E45C40E38307EE17F7FE1F034791
:1063500047E32380E7005C4063070A0C6385090C70
:10636000A380370148404E86D285090597B0FE1FAD
:10637000E78000D9832709005840B8DB3545EFF0A6
:106380009F928347E40093E7470017F7FE1F23001F
:10639000F7E09307000417F7FE1F2303F7DA97F7D8
:1063A000FE1F238107DAA14717F7FE1FA30DF7D8B9
:1063B00097F7FE1F938787BB9C5791CB130600640A
:1063C000C14517F5FE1F0345A5DCEFF00E97984079
:1063D000B706330001451C4393F7F7E71CC31C4382
:1063E00093F7F7E793E707101CC397F7FE1F938710
:1063F00027DC98431C47D58F1CC783270900130748
:10640000900DB8CB17F7FE1FA30E07D217F7FE1F8C
:10641000A30807D2054798C319BD93F5050393E573
:106420001500C8404DB5A3800700A9B797F7FE1F18
:10643000938707D89443056713071710D8C65147A9
:1064400001007D1775FF984323260700514701007F
:106450007D1775FF98438567938717105CC7828007
:10646000411106C6EFF09FFC97F7FE1F938747D4B4
:106470009C43130700483703009098D7B8477D1313
:10648000370E0020337767003367C701B8C7B847B6
:10649000B70600F9FD16758F37060004518FB8C78F
:1064A000B8473706F9FF7D16419B13679700B8C7B9
:1064B000B847B7080080B70E0002718FB8C7B84759
:1064C000370600FF7D1633671701B8C7F8474575D3
:1064D0007D1E619B13673700F8C7F8471377F7F8FD
:1064E00013670703F8C7EC4793F5F58F93E505307D
:1064F000ECC7F847718FF8C7F84711663367D701C3
:10650000F8C703A807051307F5FF7D753378E80082
:106510003368C80023A8070503A847057D1513782D
:1065200008FF1368C80023AA0705F04B1366060886
:10653000F0CBF04B698EF0CBC85F798D2167598D18
:10654000C8DFCC5F37070040F58DB3E5D501CCDF60
:10655000D05FB70570003376C601598ED0DFD057B3
:1065600009674D8ED0D7D057F18ED4D7D4577576D2
:106570007D16F18ED98ED4D7D4573706FDFF7D1600
:1065800037070200F18ED98ED4D7945BC19A94DB81
:10659000945B93F6F6F094DB945B93F6F68F94DBC2
:1065A000985BB70600504D8F98DB985B3377670098
:1065B000558F98DB985FB70608FFFD16758FB706F5
:1065C0008800558F98DF985FB368170123AC1703D5
:1065D000B2404101828017F7FE1F130767BD1C43BD
:1065E00041767D16B44BF18EB4CB9447370620002C
:1065F000D18E94C7D44793E60601D4C7D447BD9A39
:10660000D4C7010001000100010014430566DC4607
:1066100093E70701DCC6DC42D18FDCC297F7FE1F8F
:106620009387C7B39043930700057CD27C5291C7F0
:1066300083A7C609A183858BF5DB0100010001005A
:1066400001001C43416603A7C709B44BD18EB4CBEC
:106650009376F701B84B019B558FB8CB9847B70697
:10666000E0FFFD16758F98C7828097F7FE1F93870E
:1066700027B49C4341777D17B44F4166F98EB4CF60
:106680009447D18E94C7D44793F6F6EFD4C7D4433A
:10669000758FD8C3D44793E60610D4C7D843518F1B
:1066A000D8C38280397122DC17F4FE1F130444B072
:1066B0001C4006DE26DA4AD84ED652D456D25AD0DC
:1066C0005ECE62CC66CA6AC86EC6D843FD76FD1639
:1066D0001377F7EFD8C39857758F98D7D857B70661
:1066E00002003D9BD8D79847558F98C7D84313676A
:1066F0000701D8C317F7FE1F130707AB144337571B
:10670000341213078767E38FE64AD8438174938472
:10671000F40F799BD8C3985FB166938606F0658FB6
:10672000558F98DFD84313671700D8C397B0FE1F63
:10673000E78060771C4003A707091377F7032383DB
:10674000E19203A7470929831377F707A383E1920F
:10675000D843B96693860670799BD8C3985F658FD6
:10676000558F98DFD84313671700D8C397B0FE1F23
:10677000E78060731C4003A707091377F70397F6B8
:10678000FE1FA389E6A203A7470929831377F7070A
:1067900097F6FE1F238CE6A0D843B5669386063095
:1067A000799BD8C3985F658F558F98DFD84313675F
:1067B0001700D8C397B0FE1FE780E06E184083270C
:1067C000070993F7F70397F6FE1F2385F69E8327A5
:1067D0004709A98393F7F70717F7FE1F2304F79CD0
:1067E0001C4017FCFE1F034CEC9C83C6619203A760
:1067F000070AB386864113F6F600419B518F23A00A
:10680000E70A130760023387E6021306700283A5C6
:10681000070A7D7E130EFE0F93F5F5F01305400277
:1068200045737D13130430023347C702B708F1FFE5
:10683000FD1813082002930E10027D4FF94FF54208
:10684000F1436D4DD14B454BBD443949314AAD4AB9
:10685000B5493D8B12074D8F9305500223A0E70ADF
:106860003387B60283A5070AB3F5C5013347C702CC
:106870003D8B22074D8F23A0E70A3387A60283A50D
:10688000070A370500F17D15B3F565003347C702E8
:106890003D8B32074D8F23A0E70A3387860283A5FD
:1068A000070A6144B3F515013347C7023D8B420720
:1068B0004D8F23A0E70A3387060383A5070A37080D
:1068C00010FF7D18B3F505013347C7023D8B520712
:1068D0004D8F23A0E70A3387D60383A5070AB70E97
:1068E0000010FD1EE98D3347C7023D8B62074D8FB7
:1068F00023A0E70A139756003347C7029315C70131
:1069000003A7070A3377D7014D8F23A0E70A338700
:10691000E6035D4F3347C7029375F70003A7470AA5
:10692000419B4D8F23A2E70A3387F60383A5470ACD
:10693000D94F93F5F5F03347C7023D8B12074D8FC2
:1069400023A2E70A3387560283A5470AD542B3F547
:10695000C5013347C7023D8B22074D8F23A2E70AAB
:106960003387760283A5470ACD43B3F565003347E5
:10697000C7023D8B32074D8F23A2E70A3387A60358
:1069800083A5470A494DB3F515013347C7023D8B2F
:1069900042074D8F23A2E70A69473387E60283A5A2
:1069A000470AB3F505013347C7023D8B52074D8FA8
:1069B000E54523A2E70A3387B60283A5470AE98D96
:1069C0003347C7023D8B62074D8F23A2E70A338707
:1069D00086020D443347C7029315C70103A7470A30
:1069E0003377D7014D8F23A2E70A3387E603254F7C
:1069F0003347C7029375F70003A7870A419B4D8F62
:106A000023A4E70A3387F60383A5870A9D4F93F5EE
:106A1000F5F03347C7023D8B12074D8F23A4E70AD9
:106A20003387560283A5870A9942B3F5C5013347D8
:106A3000C7023D8B22074D8F23A4E70A33877603D5
:106A400083A5870AB3F565003347C7023D8B32073C
:106A50004D8F23A4E70A3387760283A5870A9543DF
:106A6000B3F515013347C7023D8B42074D8F23A471
:106A7000E70A3387A60383A5870A294DB3F50501E5
:106A80003347C7023D8B52074D8F23A4E70A338754
:106A9000660383A5870AE98D3347C7023D8B6207EA
:106AA0004D8F93954600B3C5C50223A4E70A03A7FB
:106AB000870A3377D701F2054D8FB385960223A459
:106AC000E70A03A7C70A419BB3C5C502BD894D8F1D
:106AD00023A6E70A3387260383A5C70A93F5F5F0B3
:106AE0003347C7023D8B12074D8FB3C5860223A6DD
:106AF000E70A03A7C70A3377C701BD89A2054D8FEF
:106B000023A6E70A3387460383A5C70AB3F56500C2
:106B10003347C7023D8B32074D8F23A6E70A3387E1
:106B2000560383A5C70AB3F515013347C7023D8B4A
:106B300042074D8F23A6E70A3387A60383A5C70A1A
:106B4000B3F505013347C7023D8B52074D8F23A68E
:106B5000E70A3387E60383A5C70AE98D3347C702EF
:106B60003D8B62074D8F93953600B3C5C50223A6B2
:106B7000E70A03A7C70A3377D701F2054D8FB3851C
:106B8000F60323A6E70A03A7070B419BB3C5C5027B
:106B9000BD894D8F23A8E70A3387560283A5070BCB
:106BA00093F5F5F03347C7023D8B12074D8F23A8AD
:106BB000E70A3387760283A5070BB3F5C501334790
:106BC000C7023D8B22074D8F23A8E70A13972600A3
:106BD0003347C70283A5070BB3F565003D8B32072A
:106BE0004D8FB3C5360323A8E70A03A7070B3377F6
:106BF0001701BD89C2054D8F23A8E70A1397160018
:106C00003347C70283A5070BB3F505013D8B520738
:106C10004D8FB3C5C60223A8E70A03A7070B698FE8
:106C2000BD89E2054D8F23A8E70A03A7070B93054B
:106C300080023377D70123A8E70A17E7FE1F03472F
:106C400077573307EC40B34DB70283AC470B93FC47
:106C50000CFFB34B770393FDFD00B3ECBC0123AAFB
:106C6000970B83AC470BCD4D93FCFCF093FBFB00E3
:106C7000920BB3EB7C0123AA770BB30B870283AC97
:106C8000470BB3FCCC01B3CBBB0293FBFB00A20BC5
:106C9000B3EB7C01B34CA70323AA770B83AB470B61
:106CA000B3FB6B0093FCFC00B20CB3EB9B0123AA7B
:106CB000770BA14BB34B770383AC470BB3FC1C01A1
:106CC00093FBFB00C20BB3EB7C0123AA770BB30B46
:106CD000570283AC470BB3FC0C01B3CBBB0293FB55
:106CE000FB00D20BB3EB7C0123AA770BB30BF703AA
:106CF00083AC470BB3FCAC00B3CBBB0293FBFB00F4
:106D0000E20BB3EB7C01B34C770223AA770B83AB86
:106D1000470BB3FBDB01F20CB3EB9B01B30CE703B6
:106D200023AA770B83AB870B93FB0BFFB3CCBC027F
:106D3000B30A570393FCFC00B3EB9B0123AC770B26
:106D4000914B83AC870B93FCFCF0B34B7703330A76
:106D5000470393FBFB00920BB3EB7C0123AC770B57
:106D600083AB870BD54CB3FBCB01B3CABA02B309D3
:106D7000370393FAFA00A20AB3EA5B0123AC570B7C
:106D800083AA870BD94BB3FA6A00334ABA02330994
:106D90002703137AFA00320A33EA4A0123AC470B7D
:106DA00003AA870BE14A337A1A01B3C9B902B304C3
:106DB000970293F9F900C209B3693A0123AC370B82
:106DC00083A9870B654AB3F909013349B902B3C4F2
:106DD000B4021379F900520933E9290123AC270BD6
:106DE00003A9870BE9493379A900330B6703BD88F1
:106DF000E204B36499001319470023AC970A83A4F3
:106E0000870BB3F4D4013349B902334BBB02720987
:106E1000B3E4240123AC970A83A4C70BC198137B66
:106E2000FB0033EB6401C944B304970223AE670B44
:106E300003A9C70B5D4B1379F9F0B3C4B402BD8845
:106E40009204B364990023AE970AB304B70303A96D
:106E5000C70BF54D3379C901B3C4B402BD88A20490
:106E6000B364990023AE970A8944B344970203A9F7
:106E7000C70B33796900BD88B204B364990023AEAF
:106E8000970AB304970303A9C70BF94C3379190187
:106E9000B3C4B402BD88C204B364990023AE970A98
:106EA000B304770303A9C70BFD4B33790901B3C4BE
:106EB000B402BD88D204B364990023AE970AB30428
:106EC000670303A9C70B130B10023379A900B3C4DE
:106ED000B402BD88E204B364990023AE970AB304F8
:106EE000570303A9C70B930A20023379D901B3C40E
:106EF000B402F204B364990023AE970AB3044703C3
:106F000003A9070C130A3002137909FFB3C4B402B2
:106F1000BD88B364990023A0970CB304370303A979
:106F2000070C930940021379F9F0B3C4B402BD8889
:106F30009204B36499006D4923A0970CB30427030E
:106F400003A9070C3379C901B3C4B402BD88A204F4
:106F5000B364990023A0970CF144B304970203A9EA
:106F6000070C33796900B3C4B402BD88B204B364BA
:106F7000990023A0970CB304B70303A9070C337936
:106F80001901B3C4B402BD88C204B364990023A03C
:106F9000970CB304970303A9070C33790901B3C411
:106FA000B402BD88D204B364990023A0970CB30443
:106FB000770303A9070C3379A900B3C4B402BD88D1
:106FC000E204B364990023A0970C93145700B3C450
:106FD000B4021399C40183A4070C3306C702B3F4A7
:106FE000D401B3E4240123A0970C03A9470C13791F
:106FF00009FFB3046703B3C4B402BD88B364990046
:1070000023A2970CB304570303A9470C1379F9F093
:10701000B3C4B402BD889204B364990023A2970C50
:10702000B304470303A9470C3379C901B3C4B402BD
:10703000BD88A204B364990023A2970CB30437035C
:1070400003A9470C33796900B3C4B402BD88B20404
:10705000B36499001309500223A2970CB3042703C9
:1070600003A9470C33791901B3C4B402BD88C20423
:10707000B364990023A2970C93046002B3049702AF
:1070800003A9470C33790901B3C4B4023346B602ED
:10709000BD88D204B364990023A2970C83A4470C43
:1070A000E98C3D8A6206458E23A2C70C03A6470CD5
:1070B0009314C7013376D601458E23A2C70C13065D
:1070C00090023306C70283A4870CC1983346B602E8
:1070D0003D8A458E23A4C70C1306A0023306C702BF
:1070E000B345B60203A6870C1376F6F0BD89920568
:1070F000D18D23A4B70C97E5FE1F83C5A50A17E61B
:10710000FE1F0346A60A3386C540B304A60303A99F
:10711000870C3379C901B3C4E40293E48400BD88C9
:10712000A204B364990023A4970CB304E60303A953
:10713000870C33796900B3C4E40293E48400BD880A
:10714000B204B364990023A4970C93143600B3C41B
:10715000E40203A9870C3379190193E48400BD8804
:10716000C204B364990023A4970CB304F60303A9E3
:10717000870C33790901B3C4E40293E48400BD8829
:10718000D204B364990023A4970CB304560203A954
:10719000870C3379A900B3C4E40293E48400BD886A
:1071A000E204B364990023A4970CB304760203A904
:1071B000870C3379D901B3C4E40293E48400F20468
:1071C000B364990023A4970C93142600B3C4E4027B
:1071D00003A9C70C137909FF93E48400BD88B36445
:1071E000990023A6970CB304860203A9C70C137950
:1071F000F9F0B3C4E40293E48400BD889204B3645C
:10720000990023A6970C93141600B3C4E40203A9B3
:10721000C70C3379C9013347E60293E48400BD8883
:10722000A204B364990023A6970C03A6C70C337677
:107230006600136787003D8B3207518F23A6E70C4A
:1072400003A7C70C3377170123A6E70C03C7719276
:107250000D8F3346D70293F5F507E2053D8A931467
:10726000460103A6C70C3304870233760601458E18
:1072700023A6C70C1316170083A4C70CE98C33464A
:10728000D6023D8A6206458E23A6C70C03A6C70C0C
:107290003344D402B37ED60113162700B30377021A
:1072A000720433E48E0023A6870C3346D602B30261
:1072B0005702937EF60003A6070D419A3366D60166
:1072C00023A8C70C03A6070DB3C3D3021376F6F0A9
:1072D000B3C2D20293F3F3009203B363760023A800
:1072E000770C03A6070D337EC601B30FF70393F2A5
:1072F000F200A202B3625E0023A8570C03A6070D9A
:107300003373660013163700B3CFDF02330FE70382
:1073100093FFFF00B20FB36FF30123A8F70D03A390
:10732000070DB37813013346D602330DA7033D8A08
:10733000420633E6C80023A8C70C03A6070D33781E
:107340000601334FDF02B346DD02137FFF00520F09
:10735000336FE80123A8E70D03A7070D798DBD8AD8
:10736000E206C98E23A8D70CD84385663D9BD8C3B7
:10737000D843799BD8C39857558F98D7D857B70615
:107380000081FD1613670701D8D71377FC0303AC00
:107390008703137C0CFC336CEC0023AC8703985FF1
:1073A000758FD98D8CDF6254F250D2544259B25944
:1073B000225A925A025BF24B624CD24C424DB24D71
:1073C0002161828097E7FE1F23A007DE6FF04FC187
:1073D00097E7FE1F9387C7DD98435C4393E7071049
:1073E0005CC38280411106C6F92D93056040EF1001
:1073F000907DB2400145410182806F00807219C5C5
:1074000091C509C68357060001459DE30111056535
:10741000C9471306F100130555C3854506CEA307DA
:10742000F100EF10107AF2400345F100056182800F
:107430008280011197E7FE1F238CA7E405651306E0
:10744000F100130595C4854506CEA3070100EF1092
:107450005077F2400345F100056182800111130568
:10746000910006CEDD252304A10005653000250529
:107470009D45EF101075F240034581000561828043
:1074800001111305D10006CEDD252306A1000965F3
:10749000700009059145EF10D072F2400345C1001C
:1074A00005618280011106CEF525A307A1000965BB
:1074B0001306F10015058545EF10B070F240034545
:1074C000F10005618280011106CEEF00A077A307CD
:1074D000A10009651306F10029058545EF10706EBE
:1074E000F2400345F10005618280011106CEEF00F4
:1074F0001005A307A10009651306F10039058545AC
:10750000EF10306CF240014505618280011106CE1A
:10751000EF00503EA307A10009651306F1004105E5
:107520008545EF10106AF2400345F1000561828045
:10753000011106CEEF00301CA307A1000965130658
:10754000F10045058545EF10D067F2400345F10095
:1075500005618280411106C622C4EF009022896530
:10756000CD052A84EF1030662285B24022444101C5
:10757000828001111305510006CEEF00F03C23027A
:10758000A100096550006105A545EF109063F24028
:10759000014505618280411106C6EF00503E8965B4
:1075A000E505EF105062B2400145410182800111B2
:1075B00006CE22CC2A84EF00B0512306A100096533
:1075C000A30681007000218069058D452307810095
:1075D000EF10305FF2406244014505618280011185
:1075E00006CE22CC2A84EF0070612306A100096533
:1075F000A3068100700021806D058D452307810061
:10760000EF10305CF2406244014505618280011157
:1076100006CE22CC2A84EF0000752306A10009655E
:10762000A306810070002180130505028D45230704
:107630008100EF101059F2406244014505618280DB
:10764000011106CE22CC2A84EF00F0062306A10009
:107650000965A306810070002180130515028D4580
:1076600023078100EF10F055F240624401450561A7
:107670008280011106CEEF00705DA307A1000965AD
:107680001306F100130575028545EF109053F24083
:107690000345F10005618280011106CEEF005066BE
:1076A000A307A10009651306F1001305950285459E
:1076B000EF103051F2400345F10005618280011165
:1076C00006CEEF00B068A307A10009651306F1001C
:1076D0001305D5028545EF10D04EF2400345F10069
:1076E00005618280011106CEEF00506CA307A10056
:1076F00009651306F1001305E5028545EF10704C8E
:10770000F2400345F10005618280011106CEEF00D1
:10771000D06EA307A10009651306F1001305150338
:107720008545EF10104AF2400345F1000561828063
:10773000011106CEEF104024A307A100096513062E
:10774000F100130575038545EF10B047F24003457E
:10775000F10005618280011106CEEF10C038A30749
:10776000A10009651306F100130585038545EF1097
:107770005045F2400345F10005618280011106CEBB
:10778000EF106050A307A10009651306F10013056F
:1077900095038545EF10F042F2400345F100056185
:1077A0008280011106CEEF108068A307A100096551
:1077B0001306F1001305E5038545EF109040F240F4
:1077C0000345F10005618280011106CEEF1060755E
:1077D000A307A10009651306F1001305F50385450C
:1077E000EF10303EF2400345F10005618280011147
:1077F00006CEEF105009A307A10009651306F1009A
:10780000130505048545EF10D03BF2400345F10018
:1078100005618280011106CEEF103018A307A10088
:1078200009651306F100130525048545EF1070392D
:10783000F2400345F1000561828097E7FE1F239324
:10784000A7A401458280011106CEEF10D01FA30727
:10785000A10009651306F100130515058545EF1014
:107860005036F2400345F10005618280011106CED9
:10787000EF10B026A307A10009651306F100130558
:1078800025058545EF10F033F2400345F100056111
:1078900082805D711303D1031AD20343010786C6A8
:1078A0001AD00343C1061ACE034381061ACC034300
:1078B00041061ACA034301061AC80343C1051AC682
:1078C000034381051AC4030341051AC2034301059A
:1078D0001AC0EF001057230EA10209657018130596
:1078E00065038945EF10F02DB6400345C103616182
:1078F000828097E7FE1F83D7879599E79307F01F4C
:1079000017E7FE1F2315F79497E7FE1F83D72794E9
:10791000A146014513F707108607C2073357D74022
:10792000C183598D13D6574013D79740318F058B9C
:10793000FD161375F50FD98FF1FE17E7FE1F2318FB
:10794000F790828097E7FE1F83D7879081EBE177DE
:1079500093C7F7FF17E7FE1F231CF78E97E7FE1F5D
:1079600083D7078FB94601451168194633F70701D8
:107970008607C2073357D740C183598D13D7E740D5
:1079800093D5F700058B2D8FFD161375F50FD98F45
:10799000E39EC6FC17E7FE1F231CF78A82800111B5
:1079A00026CA4AC84EC656C297D7FE1F9387477944
:1079B00006CE22CC52C45AC0AE893289B68AC44B94
:1079C00035C9AD472A8463EEA7021304F5FF13748B
:1079D000F40F631D0906268A338B990063124B0747
:1079E0001379F9009386FAFF228523802401A3806E
:1079F000340193F6F60F4E868545EFE02FB9014529
:107A000005A0B147630BF5029307600263E5A70089
:107A10001304E5FF6DBF930770024945E30BF4FAC9
:107A2000F2406244D2444249B249224A924A024B4D
:107A3000056182801304500269BF1304600251BFC4
:107A4000EFF03FEB2301AA00050A49BF8547631CFD
:107A5000F9004E869305000F138524009790FE1FB2
:107A6000E780806DB5BF89476316F9004E869305A0
:107A7000A00ADDB78D47631DF900268A338B990074
:107A8000E3004BF7EFF01FEC2301AA00050ACDBF7E
:107A900091476316F9004E869305F00F75BF954721
:107AA0006315F9004E86814545BF99476315F90076
:107AB0004E86BD4555B79D474945E313F9F64E86B9
:107AC0009305500551BF011106CE9317450163D4AC
:107AD0000702EF70603A894719C9834605001147CC
:107AE000B1476396E60095472300F500C947F24089
:107AF0003E85056182802EC6EF90001AC94765D980
:107B00000347A500418B65D7B2458347B500230ADB
:107B1000B50491E7E9472308F5008147C9BFED4760
:107B2000DDBF011106CE22CC2EC6EF90E01601CDAE
:107B3000B2452A84EF70506AA305A4020145F240C1
:107B40006244056182804945DDBF17D7FE1F1307D8
:107B5000676F814799468345870E3306F500850791
:107B60002300B6000507E398D7FE0145828097D72A
:107B7000FE1F9387A73F03D707012300E50003D724
:107B800007012183A300E50083C7F7002301F50067
:107B90000145828019E14945828097D7FE1F93876E
:107BA000676AF84B411122C406C62A8409C70347F5
:107BB000C700314525E3F85F09C70347B7003145E2
:107BC00031EB83A7070989C783C777003145B9E33C
:107BD00085471946A28517D5FE1F1305857517D74A
:107BE000FE1F2302F7669790FE1FE78060518347D0
:107BF00054001307000C93F7070C6391E702194632
:107C0000A28517D5FE1F130525739790FE1FE780E9
:107C1000204F0145B24022444101828081EB194648
:107C2000A28517D5FE1F13058571C5B7130700047C
:107C30004945E391E7FE1946A28517D5FE1F1305B6
:107C40006570E1B7411126C297D4FE1F9384845F0B
:107C500022C4E04806C611C47C4813974700634C11
:107C6000070CFC5099E74945B24022449244410137
:107C7000828009ED1305000FEF60805D6DD58347AD
:107C8000C500F5D3EF6010010145F9BF0547E31CBE
:107C9000E5FC15EC014582972A8445C185679387E9
:107CA00007802310F502930700702317F5008D4716
:107CB000230CF500A30A0502194697D5FE1F9385EC
:107CC000E566130565039790FE1FE7806043034751
:107CD000C4008547E309F7F88347E400B98B95C3EF
:107CE0000347E40085476318F70289472310F4022D
:107CF000224403A38406B24092441305000F4101BD
:107D00000283EF70406E97D7FE1F83C797278D8B36
:107D1000E318F5FC89BF8357040211676375F70008
:107D20002310E402F1B7930600023E87E3FAD7FE80
:107D300013070002F5B7314505BF1D4535B797D785
:107D4000FE1F9387275083A70709314581CF83C73B
:107D5000770089CB411106C6EF904068B2400145DB
:107D6000410182808280011126CA4AC84EC652C48F
:107D700056C25AC02E89368BBA89BE8A06CE22CC0C
:107D8000B284428AEF8050711307A9FF42078567CA
:107D900041839386A7C763EEE610938707C82A84BA
:107DA000494563E8970A63E6240B1307301F6362B3
:107DB000670B63E0370B93071B00B387970213979A
:107DC0003900860763D7E70849C48347140113F7CE
:107DD00047003DC7ED9BA308F4008347B400231A76
:107DE0002407231B9406D5EF03578406C167FD17AC
:107DF000630BF706631999068357A403231BE40456
:107E0000231CF40497D7FE1F83D7C74E8D46114716
:107E100063E5F600850713F7F70FA30AE40422854C
:107E2000EF70805E83570404A907231FF40483279F
:107E3000440A93E717002322F40AC547A30EF4006F
:107E4000231C5407231D4407231D6405231E3405EA
:107E50000145F2406244D2444249B249224A924A20
:107E6000024B056182808357440691CFB3D4F4025C
:107E70004A87B3879702C207C1836373F9003E87BD
:107E8000231CE40441B7B305990085814A85EFD0EE
:107E9000FEEE231CA404930584052685EF40405B79
:107EA00095B78327840A93E707022324F40AC1477E
:107EB00071B7494579BF01112EC606CEEF80D05D5E
:107EC000B24509E54945F2400561828083471501C5
:107ED000A305B50213F7470075D7ED9BA308F5007E
:107EE000BD472306F5028327850A93E7270023244D
:107EF000F50A0145C9BF17D7FE1F1307A7347C4BEE
:107F000081CB83C6C70089C683C6D700C947A1E213
:107F10007C5F89CB83C6B70091C683C60701C9477A
:107F2000858A95E68327070981CB03C7770009C7B0
:107F300003C7D700C94701EF17D7FE1F0347473CC8
:107F400097D7FE1F83C7D73B636AF7009D473E85DF
:107F500082809D47F2403E85056182800111A30425
:107F6000A10019461305A10006CE9790FE1FE780D9
:107F700020192800EFD00FD48547E31CF5FC81477A
:107F8000D1BF797126D24AD04ECE06D622D42E89C0
:107F9000B28936C63AC43EC242C0EF80F04FC944EF
:107FA00055C99305A9FFC20505662A84C181130539
:107FB000A6C7C9446360B50A130606C8636C3609D0
:107FC00063EA2909B2469305301F63E5D5082247C5
:107FD0006362E608138616003306260393153700FE
:107FE000635AB60603461401B144058A25E6032602
:107FF000440A1376162039EE92470248231EE40401
:108000000347B400231CF406231A2407231B340758
:10801000231D0407231DD4048347D401814459EF51
:1080200095EB83270410898B95CF31469305F00F8C
:10803000130584069790FE1FE78000108327440AEB
:108040002314040693E707202322F40AC947A30E4A
:10805000F4008144B2502254268502599254F249C8
:108060004561828063093905B385290185814A8587
:10807000EFD0DED0231CA404930584054E85EF4089
:10808000203D97D7FE1F83D7E7268D46114763E52E
:10809000F600850713F7F70FA30AE4042285EF70B3
:1080A000A03683570404A907231FF4048327440A36
:1080B00093E7170051BF231C2405E1B7C1FF8327B5
:1080C0008410898B95C731469305F00F13058406FC
:1080D0009790FE1FE78040068327440A2314040676
:1080E00093E707202322F40ACD47A30EF4009DB79F
:1080F000E9448DB797D7FE1F9387C714F84B01CB80
:108100008346C70089C60347D70049450DEFF85F8E
:1081100009CB8346B70091C6034707014945058B44
:108120001DE383A7070981CB03C7770009C783C76E
:10813000D700494589EB411106C6EFD06FC3B24065
:108140000145410182808280411122C426C24AC079
:1081500006C62A890144A1449305F00F0545EFD0D6
:10816000BEBFB30789002380A7000504E31694FE71
:10817000B2402244924402490145410182800111EA
:1081800022CC4AC806CE26CA2EC632893684EF8053
:10819000B030630D05128347B500AA84B245094586
:1081A000DDEB21461385F4189790FE1FE78040F51C
:1081B000A38B241913598900238C24198347E400C5
:1081C0000346D4008345F4008346C400A207420658
:1081D00003C5C404B297AE97E20603A7440AB69754
:1081E00049C123A6F40A8347A40083469400136779
:1081F0000702A207C206B6978346B400B697834625
:108200008400E206B69723A8F40A834764008346F5
:108210005400A207C206B69783467400B6978346F9
:108220004400E206B69723AAF40A83472400834653
:108230001400A207C206B69783463400B697834659
:108240000400E206B69723ACF40A8547A386F4043B
:1082500023A2E40A0145F2406244D2444249056146
:10826000828023A6F40C8347A400834694001367FE
:108270008700A207C206B6978346B400B697834626
:108280008400E206B69723A8F40C83476400834673
:108290005400A207C206B69783467400B697834679
:1082A0004400E206B69723AAF40C834724008346D1
:1082B0001400A207C206B69783463400B6978346D9
:1082C0000400E206B69723ACF40C59B7094561B730
:1082D000011106CE2EC6EF80301C630F05108346B9
:1082E000B5000547AA87B24505456391E60A83C6EE
:1082F0000701130740020145639AE60803C7E5003A
:1083000083C6D5002207C206369783C6F500369786
:1083100083C6C500E206369783C6D704BDCA23A626
:10832000E70A03C7A50083C695002207C206369751
:1083300083C6B500369783C68500E206369723A824
:10834000E70A03C7650083C655002207C2063697B1
:1083500083C67500369783C64500E206369723AA82
:10836000E70A03C7250083C615002207C206369711
:1083700083C63500369783C60500E206369723ACE0
:10838000E70A1307A0022388E7000145F2400561D0
:10839000828023A6E70C03C7A50083C695002207A9
:1083A000C206369783C6B500369783C68500E206B7
:1083B000369723A8E70C03C7650083C6550022073C
:1083C000C206369783C67500369783C64500E20617
:1083D000369723AAE70C03C7250083C6150022079A
:1083E000C206369783C63500369783C60500E20677
:1083F000369723ACE70C71B7054549BF411106C656
:10840000EF80900931C18346B5000547AA87094529
:108410006399E60283C60701130740026393E602ED
:108420000D472386E7021947A385E7021307500289
:108430002388E70003C7A7020145136717002385B8
:10844000E702B240410182800945E5BFAA8717D8FB
:10845000FE1F034838DF17D5FE1F1305A5DE2A8748
:1084600063080802684911C50348C500314563180F
:108470000808685F11C50348B50031456311080855
:108480000325070911C5034875003145631908061E
:1084900097D8FE1F83C848E717D8FE1F0348D8E6C1
:1084A0001D4563FE08050327870D4945137707041B
:1084B00039C75D71A6C22800B284194686C6A2C417
:1084C000A303F10036849790FE1FE78060C3A68562
:1084D0001305E10241469790FE1FE78060C2A28526
:1084E0001305E10141469790FE1FE78060C14800F7
:1084F000EFA04016B6402644964461618280828097
:1085000097D6FE1F83C616D48DCA17D7FE1F130732
:1085100067D3BA87784B09C70347C700494515E7B2
:10852000F85F09C70347B700494505E383A7070973
:1085300089C783C77700494589EB411106C6EFA07B
:108540002027B240014541018280828097D7FE1FDB
:10855000938747CF97D6FE1F83C6D6CE3E8785C664
:10856000FC4B89C783C6C700C94785EE7C5F89C7B6
:1085700083C6B700C94795E68327070989C783C61D
:108580007700C94799EE97D7FE1FA38DA7CA832707
:10859000070E11C993E7076017D7FE1F2324F7D8EA
:1085A00081473E85828093F7F79FFDB713070064EC
:1085B0003305E502411197D7FE1F9387A7C822C450
:1085C00003A4870C26C24AC006C6BE841309F00F56
:1085D00017D7FE1F2322A7CA01E8B24022449244C3
:1085E00002490145410182800345040063052501DC
:1085F000CC58EFC09EE2405CC5B797D7FE1FA38F53
:10860000A7C69377150017D7FE1F1307A7C381EFDF
:108610008347C703ED8F6384B7004945828097D6AF
:10862000FE1F238EF6C493772500014591EB834707
:10863000D703F18FE393C7FE97D7FE1FA381C7C46B
:1086400082805D71A6C297D4FE1F9384A4BF03A34A
:108650004405CAC04EDE62D466D26AD086C6A2C4C1
:1086600052DC56DA5AD85ED66ECE030C41058349E9
:10867000810503490106834CC106034D01076309C7
:1086800003020323430513145300635304023143CD
:10869000B640264496440649F259625AD25A425B81
:1086A000B25B225C925C025DF24D1A856161828050
:1086B0000D4E4943E36EFEFC93FD0501638D0D08ED
:1086C000054EE397C9FD3AC6468B42C43EC2B68BFF
:1086D000B28A2E842AC0EF50B0372A8A324719E96D
:1086E000FC50054582972A8A1D435DD18247324757
:1086F0002304F500930500026391BB028D456310CE
:10870000B90A0355CA019305900F13035004E3E11E
:10871000A5F80355EA01E3EDA5F69375F40F2300E0
:10872000BA0663810D1C3D8815456312A408130524
:1087300010F82307AA004543E3EC5BF57D4545436C
:10874000E37855F51165E36575F533865B010582C0
:108750002310CA02B5A093FE35004943E38ACEF345
:1087600093FE8500E3960EF26392C90303C3C4032C
:1087700013734300E30D03F0E30739F50943E314F2
:1087800069F403C3C4031373230039A0E318C9FFBA
:1087900003C3C40313734300E31703F2CDBD854540
:1087A000E31DB9F60355CA019305D02EB9BF35456F
:1087B0006310A41285462307DA0089462310DA02E3
:1087C000A307EA00631507160547230CEA0093F593
:1087D000050281E59247A30AFA02194681455A85A6
:1087E0009790FE1FE780609F63140516A247054718
:1087F000230EEA02A30EFA021946DA851305EA03EC
:108800009790FE1FE780C08F03470105A306EA008B
:108810001307F0076311EC1417C7FE1F1307077542
:1088200003474701D6572380E70003055A01EFD0DD
:108830000F822304AA06EFC0DFFAD657A30AAA00C4
:108840000D472380A7006391E912638D0C0093F616
:108850001C0099C603C7C403218B19E3E3893CE3D9
:108860002305DA0609472302EA060347C105A302E6
:10887000EA0603470A06418B1DEB1307F9FF13773E
:10888000F70F89464943E3E5E6E08D466313D90EC9
:10889000630D0D0013761D0019C683C6C403A18A9B
:1088A00099E2E3062DDFA305CA06A301EA06034702
:1088B0004106B70600080143A300EA060347810604
:1088C000A303EA0603274A05558F232AEA04C9B3FE
:1088D00009456314A4001945A9BDE30C04E423076A
:1088E0000A0091BD1D452307AA0013F8150013F5D2
:1088F0004500630B0800114811C10548A30F0A0584
:108900000545230FAA0405BD13F8250063090800D7
:10891000094811C11548A30F0A050945DDB70D48DF
:1089200011C11948A30F0A05230F0A0429B5230C06
:108930000A0081460D453356D740058A11C60346C5
:108940008A010506230CCA008506E396A6FE41B5FA
:10895000230E0A0255BD194763458701A30A8A0100
:10896000E9B5A30AEA00D1B523050A0623020A06DF
:10897000EDBDA3050A0615BF97D7FE1F9387878C09
:10898000F04B01114EC606CE22CC26CA4AC852C4AC
:10899000BE8911C67C4A13965700634E06003A8A78
:1089A000B6842E89EF50D00A2A8419ED83A7490591
:1089B0001305200491C33145F2406244D244424938
:1089C000B249224A056182800347E5008547014597
:1089D0003D8BE303F7FE03470406418B41CB8D47F4
:1089E0006304F9004945C9BFFD47E3ED97FE231E27
:1089F00004008D476316F90CC5CC8357C40117D703
:108A0000FE1F0357C78B1D45B3869700E346D7FA71
:108A10000347C40015C7835604021307000263917D
:108A2000E602034734068D466319D70A1307900FF1
:108A300013055004E362F7F88357E401E36EF7F699
:108A40008D471D45E31AF9F69305800C0545EFD0D7
:108A5000AEB08357C4061205232444038507BD8B9B
:108A6000C98F2316F406231E940089A81377D90F03
:108A7000E30FF7F611476315E9047848931677007A
:108A8000E3C206F60347C400E31EF7F48357C401AC
:108A9000B1DBA9F89305800C0545EFD0EEAB835709
:108AA000C40612058507BD8BC98F2316F40639A0AD
:108AB0007C48370700FF7D17F98F7CC80145EDBD65
:108AC0009307D9FF93F7F70F0547E378F7F299D8A3
:108AD0008347C400E393E7F2F9BD8546E312D7F676
:108AE0001307D02EB1B797C7FE1F9387A775F04B1A
:108AF00001114EC606CE22CC26CA4AC852C4BE892F
:108B000011C67C4A13965700634E06003A8AB68413
:108B10002E89EF50E0732A8419ED83A749051305C8
:108B2000200491C33145F2406244D2444249B249E3
:108B3000224A056182800347E500854701453D8B58
:108B4000E303F7FE03470406418B55CF8D476304CB
:108B5000F9004945C9BFFD47E3ED97FE231F040017
:108B60008D47631CF90EF5C08357E40117C7FE1F3C
:108B70000357E7741D45B3869700E346D7FA0347CA
:108B8000C40015C783560402130700026391E6026E
:108B9000034734068D466310D70E8356C40113076E
:108BA000900F13055004E360D7F8E36EF7F68D4796
:108BB0001D45E31AF9F65C548DC783476406898B1B
:108BC0008DC3085819CD8347A50081CFEF90B022FF
:108BD0000C58194613056403B1059780FE1FE78002
:108BE00020529305800C0545EFD00E978357C4069D
:108BF0001205232644038507BD8BC98F2316F4066F
:108C0000231F940089A81377D90FE309F7F41147BC
:108C10006315E904784893166700E3CC06F203472E
:108C2000C400E318F7F28357E40185D79DF093055C
:108C3000800C0545EFD04E928357C4061205850778
:108C4000BD8BC98F2316F40639A07C48370700FE78
:108C50007D17F98F7CC80145F9B59307D9FF93F7C4
:108C6000F70F0547E372F7F0E38504EE8347C4008E
:108C7000E39CE7EE45BD8546E31BD7F28356C4016E
:108C80001307D02E39BF5D71A6C297C4FE1F93840F
:108C9000645B03A8440586C6A2C4CAC04EDE52DC8B
:108CA00056DA5AD85ED662D466D26AD06ECE6308DF
:108CB0000802832748051394570063520402314584
:108CC000B640264496440649F259625AD25A425B4B
:108CD000B25B225C925C025DF24D616182803AC6B9
:108CE00032C493771500B68989C763910510494549
:108CF000C1BF91E9A04C19E00145D9B72285EF50D9
:108D000060790040CDBFE30908FE4285EF508078CE
:108D1000E5B77849B70700037D8F55F30347F5059D
:108D2000630487016315970103D7EA0149DB03C791
:108D30005A036301270903C7EA00631927011317C0
:108D400014004E9703570700E3E3EDFAB8547D147F
:108D50001374F40F45CB93161A00B69903D7090084
:108D6000B2479305800C2397EA063E9A03470A0010
:108D7000054523980A06A384EA06EFC0FEFD03D743
:108D8000CA061205264405073D8B498F2396EA063D
:108D900003A3840603C50B00B64096440649F25966
:108DA000625AD25A425BB25B225C925C025DF24D27
:108DB00061610283138B8A05194681455A85978024
:108DC000FE1FE7808041631925011946EA855A850F
:108DD0009780FE1FE780C032194681455A859780EB
:108DE000FE1FE780803FE31825F511B7FD1513F44A
:108DF000F50F094C954C054917CDFE1F130D6D530A
:108E0000930D00089307F00FE303F4EEA247228AC4
:108E1000B38B870003C50B00EF508043AA8AE31A87
:108E200005EEFC4813052004E39B07E851BD97C7F6
:108E3000FE1F93872741FC4B95C3FC4B13975700AC
:108E4000635E0700B1473E858280B147F2406244CD
:108E5000D2444249B2493E8505618280011122CC4B
:108E600026CA4AC84EC606CEB6893289AE84EF50AD
:108E7000203E2A849307200471D9C947E36899FCEE
:108E80001547E37597FC03470506137737035DFF26
:108E90008347E505DDFB7C49918BC5FBEF20107E08
:108EA00079479D47E374A7FA8347340609476391DE
:108EB000E706835744081307D02E6373F70213079E
:108EC000C00293075004E37327F9794793075004CE
:108ED000E37E27F7414793075004636B2701BDB733
:108EE0001307301FE363F7FE1307900FE364F7FEE9
:108EF0007C4883460406CA9493E727008584B3E937
:108F0000D9007CC8231394082300340781473DBF50
:108F1000E5F3035744089307D02EE3FBE7FC19471A
:108F20005DBF97C7FE1F9387E731FC4B81CBFC4B9E
:108F3000139757006354070031458280011122CCFA
:108F400026CA4AC84EC606CEB6893289AE84EF50CC
:108F500020302A8413052004630904107C48898B7F
:108F6000B9CB8347340609476395E70C8357440818
:108F70001307D02E6379F702035764089307C002E2
:108F80001305500463F3E70E03576408F94713050C
:108F9000500463FCE70C03576408C14713055004F1
:108FA00063EBE700D9A01307301FE36FF7FC13074B
:108FB000900FE362F7FE93F7D40F0547639EE70A2D
:108FC0000325840A19C59790FE1FE78080FE23249D
:108FD000040A23120408630909067C48918BB5EF43
:108FE0008D476393F408930550104A859790FE1FB0
:108FF000E78000EF2324A40A25C97C4893F70740A3
:1090000091CF9305800C0545EFC01ED58357A4086A
:1090100012058507BD8BC98F2315F4080325840A23
:109020004A86CE859780FE1FE780800D2312240993
:109030001DA0D1F3035744089307D02EE3FDE7F6B4
:1090400003576408994799BF8D474945639FF400CA
:109050007C48F99B7CC8014509A89387D4FF93F706
:10906000F70F0547E37EF7F63145F2406244D244FC
:109070004249B24905618280E31109F691474945A9
:10908000E38DF4F4DDB797C7FE1F9387A71BF84B5A
:10909000411126C24AC006C622C4AA843E8909CF0D
:1090A0007C4B13975700635907003145B240224467
:1090B00092440249410182802E85EF5060192A8432
:1090C0001305200465D413F714007C4845CF13F72B
:1090D000170061FF034704061377370379F7898880
:1090E000D9CC0327C90D454593E70740418B5DDF88
:1090F000C1657CC8FD150145EFC05EC82314A408F6
:10910000EFC0DFDBB70500012326A408FD150145EC
:10911000EFC01EC99304040A15462328A40897C566
:10912000FE1F9385852226859780FE1FE78040FDE0
:10913000A685130500FB9790FE1FE780C098268543
:10914000EF8000067C480347C400A300A408DD9B11
:1091500093E747007CC88547631FF7009305800CA1
:109160000545EFC07EBF8357C40612058507BD8B3A
:10917000C98F2316F406EF803034014505BF93F7FD
:10918000F7BFBDB70345D407CD9B7CC89307F00F4D
:10919000E303F5FEEFC0AEE1F9BF17C7FE1F1307EB
:1091A000670A7C5F411106C622C426C24AC099C71D
:1091B00003A8C70113141801634004080327070814
:1091C00025CF3684B2842E8909ED81EB4945B24022
:1091D00022449244024941018280EFC06FA00145C0
:1091E000FDB78546E314D5FEB9E30297AA8731C9D6
:1091F0001147A3060504231BE500231CE50083C6D5
:10920000B7000547E384E6FC95C8239C9702239D9D
:10921000870201C41E04E3DB84FA23892701224468
:10922000B2409244024903A3870641010283D84F0A
:1092300093161701E3D506FC314551BF23AC070255
:10924000E9BF0D4569B7011106CE2EC632C436C23C
:109250003AC0EF40F07F3DCD83284505AA873145D0
:1092600013F8082063150806B24517C8FE1F034807
:10927000F8014545636DB80403C8C70A2246335850
:10928000C840137818006304080417C5FE1F1305AF
:1092900065FB0328850D45451317C8006359070270
:1092A000024717C8FE1F034868FE6362E802924641
:1092B0002387C70AA386B70AA387D70A11E2014703
:1092C00093E808102388E70A23AA17050145F2400E
:1092D0000561828013052004DDBF011106CE2EC674
:1092E000EF4010771307200401CD7C49314793F6F6
:1092F000270099C6B24589C993E707207CC9014771
:10930000F2403A850561828093F7F7DFC5BF01110E
:1093100026CA4AC84EC606CE22CC2E89B289B68449
:10932000EF70901759C5639D090085472384F1921A
:109330000145F2406244D2444249B249056182800B
:1093400003C7819285472A846315F700238401921D
:1093500009494165130545F5EF70F0150DCD8347BB
:10936000A5002315F5008327841195E3232CA41071
:10937000232EA410930710F8F914232005002316B8
:109380003501A304F5002304250144C155B7832703
:10939000C41188C3F1BF97C7FE1F938727BD9C5B8D
:1093A0001D45C1DB956505459385555582971D453E
:1093B00049B70945BDBF6F90EFFF6F903F846F9035
:1093C000FF886F905F8E6F903F946F90FFA06F90BB
:1093D0003F986F90DF9B82806F905FA403430100F2
:1093E0001AC06F90AF936F900FA06F90CFA56F9042
:1093F000EFAB6F90EFB16F90AFB76F908FBB035330
:109400000100035E4100834E81001AC072C276C41F
:109410006F902FC06F906FD26F90AFD76F902FE18A
:109420006F90EFE46F904FE86F908FED6F900FF4B7
:109430008280828023A6A19282801307050483572D
:109440000500110593C7F7FF231EF5FE8347E5FFCF
:1094500093C7F7FF230FF5FEE313E5FE82809947DC
:109460003305F50201110A86C14506CE1305050232
:109470001375E50FEFC01EBB11E50345C100F240B7
:10948000056182800145E5BF411122C426C24AC060
:1094900006C6814401441389419383C7919363694C
:1094A000F400B24022442685024992444101828060
:1094B000832709001315440019469305F00F3E95C4
:1094C0009780FE1FE78060D101E5850493F4F40FD7
:1094D00005041374F40FD1B793874195884305C1F0
:1094E000411106C6EFB05EB223AA0194938791930F
:1094F00083C70700B2402389F1924101828093879C
:10950000919383C707002389F19282801971A6DAAB
:1095100086DEA2DCCAD883C72193AA84639EA700F3
:10952000854503C5A193EFB03EEC894503C5A193E2
:10953000EFB09EEBEFF05FFA194933892403500036
:10954000C1451379F90F130409021374F40F22852E
:10955000EFC05EAD09C901442285F6506654D65469
:1095600046590961828019469305F00F480097809B
:10957000FE1FE78080C665F1480041469305F00F65
:109580009780FE1FE78040BB480871469305F00FA7
:109590009780FE1FE78040BA081813060004930561
:1095A000F00F9780FE1FE78020B95000C14522854B
:1095B000EFC01ED62A84130519025008F145137511
:1095C000F50FEFC0FED4498C130529025008F14570
:1095D0001375E50FEFC0DED31374F40F498C130538
:1095E00039025008C1451375F50FEFC07ED21374D0
:1095F000F40F498C130549025008C1451375E50F56
:10960000EFC01ED11374F40F498C13055902500892
:1096100091451375F50FEFC0BECF1374F40F498C4D
:10962000138504071018930500041375F50FEFC098
:109630003ECE1374F40F498C03C5C1841374F40F28
:10964000EFC07EC711BF411122C406C601450144C7
:1096500083C791936373F40009C5B240224441016A
:10966000828022850504EFF07FEA1374F40FCDB7F2
:10967000411122C426C206C64AC00144EF905FA32E
:109680009384419383C791936368F400B24022446A
:1096900092440249410182808840131944001946CE
:1096A0009305F00F4A959780FE1FE78000B319E5F8
:1096B0008C40CA9503C5F500EF90DF9F0504137435
:1096C000F40FC9B7397122DC26DA4ED606DE4AD845
:1096D0000144EF903FA193844193994983C79193AB
:1096E0006369F400F2506254D2544259B259216174
:1096F000828088401319440019469305F00F4A955B
:109700009780FE1FE78060AD05E9330534030A86C4
:10971000C145130535021375F50FEFC0BE90100853
:10972000C1450945EFC01E908C4014080A86CA95B1
:1097300003C5F500EF90DF9A05041374F40F79BFA9
:10974000011106CEEFF05FD40547A9476373A70068
:1097500089471306F10085451545A307F100EF0081
:109760001FEFF24005618280011122CC26CA4EC64D
:1097700006CE4AC8014493844193994983C7919383
:109780006366F402EFF05FD083C7119399C3EFF0E3
:109790003FEE83C7019399C3EFF0DFF26244F240DA
:1097A000D2444249B24905616FF09FF93305340351
:1097B000904013194400C1454A96130505021375DC
:1097C000E50FEFC03E8605C9884019469305F00FA6
:1097D0004A959780FE1FE78020968840194693059A
:1097E000F00F4A9519059780FE1FE780E0949C4092
:1097F0003E992316090005041374F40F41B703556D
:10980000250083C5A1936F10BF87397122DC1944ED
:109810003384850226DA4AD806DEA147AA84328933
:109820001374F40F639AF6041304240271468145FD
:1098300048081374F40F3AC69780FE1FE780C08F64
:109840005008F1452285EFC0EEFD0DE18347E102AE
:10985000A5463247E51793F7F70F63E9F600BA8696
:109860005008937519002685EFD05ED5F2506254EA
:10987000D2544259216182801304140245BF797188
:1098800022D426D24AD0AE842A8932848145130656
:1098900000020A8506D69780FE1FE780E08993873D
:1098A000118583C7070023102101230EF100835780
:1098B00081015DC41387519403470700F99B41461A
:1098C0002302E100138771940347070097B5FE1F39
:1098D0009385056313056100A302E10003C761944A
:1098E00093761700D58FF59B93762700D58FED9B48
:1098F00093764700D58F9316470093F6061093F79B
:10990000F7EFD58F9316470093F6062093F7F7DF0E
:10991000D58F12071377074093F7F7BFD98F231C12
:10992000F1009770FE1FE780A07D83C7419413F775
:10993000170001CB99C40357810113672700231C2B
:10994000E10003476101A2850A85D98F230BF1004D
:10995000EFD0FEB8B2502254925402594561828031
:109960001387D19303470700F99B41462302E10087
:109970001387F1930347070097B5FE1F938545575B
:1099800013056100A302E10003C7E193937617007A
:10999000D58FF59B93762700D58FED9B9376470067
:1099A000D58F9316470093F6061093F7F7EFD58FF0
:1099B0009316470093F6062093F7F7DFD58F12072B
:1099C0001377074093F7F7BFD98F231CF1009770E7
:1099D000FE1FE780E07283C7C19391BF411122C48B
:1099E00026C24AC006C6AA8401441389419383C78C
:1099F0009193636AF4003E842285B24022449244EB
:109A00000249410182808327090013154400194649
:109A1000A6853E959770FE1FE780807771FD05044F
:109A20001374F40FE9B71D71A2CC138441951C4047
:109A3000CAC8CEC686CEA6CAD2C42A89AE89A1EB30
:109A400019E10545D9A0F5DDEFF05FF92389A19271
:109A500083C79193636DF5028144138A41930DA0EE
:109A600083270A001395440019469305F00F3E958D
:109A70009770FE1FE780607609E9850493F4F40F80
:109A800083C79193E3EEF4FCBE8423899192138AF9
:109A9000219303C5219383C79193D284E373F5FA8D
:109AA0001C40A5EF99473305F5024A86C1451305C9
:109AB00005021375E50FEFC0BE851306000493057C
:109AC000F00F0A859770FE1FE780006703450A00C4
:109AD0000A8693050004130505071375F50FEFC0FB
:109AE0003E8313874193084383C7219392073E9592
:109AF0004146CA859770FE1FE780806023AA319592
:109B000003C5C184EFC02EFB0145F6406644D64430
:109B10004649B649264A256182809047814719CE39
:109B200099473305F502F145130515021375F50F35
:109B3000EFC00EFE1C4023A4070085471840104BC1
:109B40000DC203C504009947F1453305F50213051D
:109B500025021375E50FEFC0AEFB1C4023A80700DC
:109B600085471840504B0DC203C504009947C145B5
:109B70003305F502130535021375F50FEFC04EF9E5
:109B80001C4023AA07008547184050471DCE03C537
:109B900004001949C1453305250313054502137512
:109BA000E50FEFC0EEF603C504001C4091453305F8
:109BB0002503D0474106130555021375F50FEFC075
:109BC0002EF51C4023A6070025BF9DFB83C71193DC
:109BD00099C3EFF0FFA983C7019399C3EFF09FAE3C
:109BE000EFF01FB6B9BD011122CC06CE26CA83C73D
:109BF000919309446378F50295C599473305F502B9
:109C0000AE840A86C145130505021375E50FEFC042
:109C10006EC12A8401E919468A8526859770FE1F40
:109C2000E780004E2285F2406244D2440561828082
:109C3000011122CC06CE2A842EC632C4EF506F9674
:109C400005C90347C500A1472246B245631FF70077
:109C5000938781959C4389CF03A34700630A030040
:109C600022856244F240056102839387C195DDB786
:109C7000F240624405618280011122CC1944330410
:109C8000850226CA0A86AE84C14506CE13040402A4
:109C90001374F40F2285EFC0EEB801C98144F2407D
:109CA00062442685D2440561828019469305F00FEF
:109CB0000A859770FE1FE78040526DF10357C1007F
:109CC0009377D70F89C49377F70F93E72700C207DD
:109CD000C1838544E305F7FC0A86C1452285231626
:109CE000F100EFC0EEE203C5C184EFC0CEDC45BF9A
:109CF0001D71A2CC2A8419453305A402A6CACAC87C
:109D0000B2842E890A86C14586CE130505021375D5
:109D1000E50FEFC02EB101C90145F6406644D644B7
:109D200046492561828019469305F00F0A85977090
:109D3000FE1FE780804A6DF1130404071374F40FCB
:109D40001008930500042285EFC0CEAD19C105456A
:109D5000E9B70808EFF06FEE631409041306000476
:109D6000814508089770FE1FE78020476DF11306B4
:109D70000004814508089770FE1FE780E03B854797
:109D800008082386F194EFF04FEB100893050004C8
:109D90002285EFC0EED703C5C184EFC0CED145BF49
:109DA0001C089008BE8683D506003687638125038C
:109DB0009106E39AC6FE0145ADD083D607003E87E3
:109DC00089C69107E31BF6FE81BF239027018347D5
:109DD0002700E38E97F623019700D5F023100700A4
:109DE00079BF17B5FE1F034545190111FD579305AE
:109DF00020041205238DF19206CE22CC26CA4AC831
:109E00004EC6A38C019223AA01929780FE1FE78081
:109E1000200D23AAA19205C997B9FE1F93890915A0
:109E200083C7E900014493844193A38CF19283C7D3
:109E300091936363F40C83A78900638E070E97B731
:109E4000FE1FA38007389387919383C707000544BB
:109E50004146814517B5FE1F1305850A2389F192F6
:109E60002389818423AA0194A3820194A38301946A
:109E70009770FE1FE780402C930470074146814590
:109E800017B5FE1F1305C50623839194A38781840C
:109E90002382019423A40194238E0192A38E019224
:109EA000A38F01929770FE1FE7800029238F919264
:109EB00023A00194A38D01929547A386F184C14705
:109EC000A388F1842386019489472387F184F24093
:109ED00023868184A389818423888184624423AE7C
:109EE000019423AC0194A3880192238C0192D24463
:109EF0004249B249056182808840131944001946DD
:109F00009305F00F4A959770FE1FE780E022884086
:109F100019469305F00F4A9519059770FE1FE780C3
:109F2000A0219C4005041374F40FCA9723960700E0
:109F300023870700EDBD930700F817B7FE1FA302A4
:109F4000F72811B7757122C526C34AC106C7CEDEF0
:109F50001304000281441389419383C7919363E3FF
:109F6000F40203C5C184EFC00EB59387919383C7F4
:109F70000700BA402A442389F1929A440A49F659C3
:109F8000496182800325090093994400194693058D
:109F9000F00F4E959770FE1FE780001A0325090009
:109FA00019469305F00F4E9519059770FE1FE7802F
:109FB000A0188327090041469305F00FCE972396FA
:109FC00007002387070048009770FE1FE780C01630
:109FD00071469305F00F48089770FE1FE780C01583
:109FE000130600049305F00F08189770FE1FE78012
:109FF000A0145000C1452285EFC08EB11305140096
:10A000005008F1451375F50FEFC08EB0130524000D
:10A010005008F1451375F50FEFC08EAF13053400EE
:10A020005008C1451375F50FEFC08EAE13054400FF
:10A030005008C1451375F50FEFC08EAD13055400E0
:10A04000500891451375F50FEFC08EAC13850407CA
:10A050001018930500041375F50F85041904EFC05B
:10A060002EAB93F4F40F1374F40FC5BD930705C022
:10A070004111C20722C406C6C183130720022E84E1
:10A080006361F70E17D700001307C79D8A07BA97B9
:10A090009C43BA9782879387218583C70700230053
:10A0A000F4002DA083C7419489870DA8938751940C
:10A0B000EDB793877194D5B7414697B5FE1F938549
:10A0C00025E422859770FE1FE78080038147B24018
:10A0D00022443E854101828083C74194858BC1B76C
:10A0E000938761945DBF938781949C431CC0F9BFA3
:10A0F0009387F1845DB783C7C1937DB79387D1936D
:10A1000069BF9387F19351BF414697B5FE1F938571
:10A1100025DE45BF83C7C193D1B79387E193B5BF10
:10A1200093870194D9B79387B19385BF9387D184DF
:10A13000ADB79387118595B793871193B9BF93876F
:10A140000193A1BFEFF04FB42300A40041B783C730
:10A150000185B1B783C741948D8749B783C7C19340
:10A16000E5BF130710048947E363A7F6EFD0AECF2E
:10A170002310A400A1BF011106CE22CC26CA4AC8D2
:10A180004EC6EFD0FE9935ED03C7819385472A84EB
:10A19000630CF70293844193854983C7919363715C
:10A1A000F4049840131944004A978347E7006399E1
:10A1B00037012285EFF08FB59C40CA9723870700AF
:10A1C00005041374F40FD1BFEFF0EFC7238C019295
:10A1D000938741939C4303C79193B907631CE400A1
:10A1E000EFC0EEBF6244F240D2444249B249056139
:10A1F0006FF08FD70504238007001374F40FC10795
:10A20000F1BFF2406244D2444249B24905618280C2
:10A21000797126D24AD006D622D44ECE89472E89CD
:10A22000B2846308F506636FF5008D476301F50C92
:10A2300003C491932285B250225492540259F24998
:10A24000456182802E85EFF06FF983C791932A8450
:10A25000E372F5FEE5D01946CA8526859770FE1F84
:10A26000E78000EAC1BF83A709001315440019461F
:10A270003E95CA8519059770FE1FE78060F131EDA4
:10A2800005041374F40F83C79193E36EF4FC3E84CA
:10A2900055B7014493894193FDB705041374F40F36
:10A2A00083C79193E375F4FE330534030A86C145F1
:10A2B000130535021375F50FEFB0DED679FD414673
:10A2C0009305F00F0A859770FE1FE78000F171F586
:10A2D000CA850A85EFD00EC169F183C79193E37BEC
:10A2E000F4F4A9D8A6852285EFF0FF8FA1B7014429
:10A2F00099497DB7797126D206D622D4AA8402CC98
:10A30000231E0100EF40FFA905CD03C7F184894753
:10A310006308F702930565002A8403455500300859
:10A32000EFF01FEF83C791936371F5022AC6EFF038
:10A330000F93B2452A860547A1462685EFF0EFCC5C
:10A34000B250225492544561828083C7F18491E7D0
:10A3500095452685EFD02EFAE5B70547E392E7FE4F
:10A360008345540001462685EFF06FD1D1BF4111DE
:10A37000C1674AC006C622C426C2FD172E896309DA
:10A38000F506EF401FA22A84D14421CD9305650034
:10A39000034555000146D544EFF09FE783C79193ED
:10A3A0006376F500CA85EFF03F8D8144630B0902A7
:10A3B0002285EFF0CFC435A0CA852285EFF0DF8B70
:10A3C00011C1814405041374F40F83C79193E365AD
:10A3D000F4FE6308090017F5FFFF13058542EF40FF
:10A3E0003FC5B24022442685024992444101828001
:10A3F0000144D544D9BF0111C1674AC84EC606CE33
:10A4000022CC26CAFD172E89B289630EF504EF40CF
:10A410005F99D14429C19305650003455500014664
:10A42000D544EFF0FFDE83C791936376F5024E8645
:10A43000CA85EFF0FF8B814439A84E86CA852285F4
:10A44000EFF01F8B11C1814405041374F40F83C70F
:10A450009193E364F4FEF240624426854249D2447B
:10A46000B249056182800144D544D5B7411122C467
:10A470001384A1938345040023AEA194614506C6CD
:10A48000EFD02EF3034504002244B24041016F2077
:10A490008FF8138721858347070083C5419493E78D
:10A4A00007F82300F7006FD0CED91971A6DAB2846D
:10A4B0005000A2DCD2D486DECAD8CED62A84368A10
:10A4C00002C223140100EFF0BFD483C791936377D6
:10A4D000F50E2A89EFE0BFF89147AA896319FA0CB3
:10A4E00003C72185791713371700914619443304A0
:10A4F00089024E86CA852685EFF02FB151468145E7
:10A5000068009770FE1FE78020C370001374F40F7B
:10A5100013054402C1451375E50FEFB0BEB005E960
:10A5200041469305F00F68009770FE1FE780E0CA70
:10A5300019ED13055402700891451375F50FEFB02E
:10A540007EAE700093F519002685EFD02ED413054A
:10A5500009071010930500041375F50FEFB09EACBA
:10A5600015E10810EFE07FED001013090106835597
:10A57000040091C5034624002685EF108FA0110426
:10A58000E31789FE93F929006387090083C5A19326
:10A590002685EF00FFAE91476314FA0403C72185B7
:10A5A0008947631FF7022685EFF0BFEE15A803C7A2
:10A5B000F184791713371700D2860DBFA147E31C2A
:10A5C000FAFC03C7F1848947631CF7000146A285A2
:10A5D0002685EFF0CFAA014681452685EFF04FE5AD
:10A5E000F6506654D6544659B659265A0145096163
:10A5F0008280011106CE2AC6EFF0AFFE3245F2404E
:10A60000238DA19205616FF02F961D7186CEA2CC8D
:10A61000A6CACAC8CEC6D2C4EF80DFAC83C7318514
:10A6200089CB014413894193194A83C79193636A83
:10A63000F400F6406644D6444649B649264A2561A8
:10A640008280032509009319440019469305F00FF1
:10A650004E959770FE1FE78040B831E9B30444037C
:10A660005010F14593F4F40F138514021375F50F90
:10A67000EFB05E9B0DED0347F1039307F00F6318F6
:10A68000F702138534025000C1451375F50FEFB082
:10A690007E995008C1450945EFB0DE988325090031
:10A6A00054085000CE9503C5F500EF807FA3050444
:10A6B0001374F40F9DBF930705C05D71C207A6C256
:10A6C000CAC086C6A2C44EDE52DCC1831307200274
:10A6D0002A89B284636EF75017C7000013074741F9
:10A6E0008A07BA979C43BA97828785476384F500A7
:10A6F000614409A8834706000947E36BF7FE2389F5
:10A70000F18401442285B640264496440649F25914
:10A71000625A616182808547E39CF5FC034706002D
:10A72000E3E8E5FC83C7419411C793E74700238220
:10A73000F194C1BFED9BE5BF8547E39BF5FA8347E5
:10A7400006001147E366F7FAA382F1945DBF8547DF
:10A75000E390F5FA83470600E3ECF5F8A383F19460
:10A760004DB7C147E396F5F84146A68517A5FE1FEC
:10A77000130505799770FE1FE780809859B78547C4
:10A78000E398F5F603470600E3E4E5F683C7419452
:10A7900001C793E7170061BFF99B51BF8547E39954
:10A7A000F5F4834706002383F194A1BF9147E39119
:10A7B000F5F41842B7470F009387F723E3EAE7F26F
:10A7C00023A4E1943DBF8547E394F5F28347060057
:10A7D0000947E36FF7F0A387F18425B78547E3992D
:10A7E000F5F003470600E3E5E5F083C7C19311C721
:10A7F00093E74700238EF19229B7ED9BE5BF85478C
:10A80000E398F5EE834706001147E363F7EEA38E66
:10A81000F192C5BD8547E39DF5EC83470600E3E96A
:10A82000F5ECA38FF192F1BDC147E393F5EC4146FE
:10A83000A68517A5FE1F1305A56B2DBF8547E399B8
:10A84000F5EA03470600E3E5E5EA83C7C19301C7DC
:10A8500093E7170045B7F99B71BF8547E39AF5E881
:10A8600083470600238FF19269BD9147E392F5E893
:10A870001842B7470F009387F723E3EBE7E623A0DF
:10A88000E19441B5E39605E6EFD08EA901E9EFE04A
:10A890009FDBEFB0DED4EFE03FEDA5B58547238C1D
:10A8A000F19285B59D47E395F5E49385140019462B
:10A8B00068009770FE1FE780A08403C5040050085D
:10A8C0006C00EFF0FF9483C79193AA840944E37B63
:10A8D000F5E24808EF40EFD509E52685EFE01FC314
:10A8E0004DBF938741939C4392045944BE9485473E
:10A8F0002387F40001BD9D47639BF50A19469385A4
:10A90000140068009760FE1FE780807F03C5040085
:10A9100001466C00EFF0DF8F83C791936377F504F6
:10A920009944B30495025008F1459384140293F4BA
:10A93000F40F2685EFB00EEF2A8415E51307A0412A
:10A9400085476304E9009307F00F5008F145268519
:10A95000A307F102EFB0DE9B03C5C184EFB0BE9543
:10A96000EFF0BFCA45B30944E5BF97B7FE1F83C7E1
:10A9700057850944E38807D81307A04197B7FE1FFE
:10A9800083C74784631FE90093E7170017B7FE1FCB
:10A99000230AF7821D46A68517B5FE1F13050582FB
:10A9A000D1BBF99B17B7FE1F230EF78099BB8547D4
:10A9B000E390F5D41307A04197B7FE1F83C78780A4
:10A9C0006315E50093E72700F1BFF59BE1BFA3897D
:10A9D0000184EFF09FC335B38547A389F184014417
:10A9E00019499309F00F7D5A83C79193E373F4FEDD
:10A9F000B30424035008F1459384140293F4F40F34
:10AA00002685EFB02EE205E18347F102638D370121
:10AA10005008F1452685A3074103EFB07E8F03C59B
:10AA2000C184EFB05E8905041374F40F75BF8547C8
:10AA3000E390F5CC83470600E3ECF5CAA38DF192D1
:10AA4000C9B18547E396F5CA834706002547E36108
:10AA5000F7CAA386F18475B18547E39BF5C8034720
:10AA60000600A546930797FF93F7F70FE3E2F6C8B2
:10AA7000A388E18479B18547E39CF5C68347060046
:10AA800003C711930144A388F192E31D07C6E39B1A
:10AA9000B7C6EFE07FCDBDB18547E39BF5C48347E3
:10AAA000060003C701932388F19209E76394B70076
:10AAB000EFE09FCB03C50193EF800FE399B185478A
:10AAC000E398F5C2834706000D47E363F7C2238787
:10AAD000F18405B98547E39DF5C0834706002386C9
:10AAE000F18405B10545EFB00EFD21B98547E3912D
:10AAF000F5C0834706002388F18421B19307400203
:10AB0000E398F5BE03C51400014693852400EFF0D9
:10AB10002FF083C79193E37DF5BC1944330485027C
:10AB200003C70400A1471374F40F631FF702130453
:10AB300024021374F40F5008F1452285EFB08ECE35
:10AB4000E31805BA9385840048086D469760FE1F98
:10AB5000E780005B5008F1452285EFB06EFB03C52E
:10AB6000C184EFB04EF569B613041402D9B717A724
:10AB7000FE1F0357A740930740046D44E3F4E7B872
:10AB80008547E397F5B683470600E3E3F5B691CF33
:10AB900097A7FE1F938747629C435544E38407B6FB
:10ABA00083C7419493E7870059B683C7419493F7CD
:10ABB000770FB5BE17A7FE1F0357473C9307400406
:10ABC0006D44E3F1E7B48547E394F5B283470600AB
:10ABD000E3E0F5B2F9DB97A7FE1F9387E75D9C439F
:10ABE0005544E38107B283C7C19393E7870019B146
:10ABF000930710040944E3E727B1E39585B083D5B3
:10AC000004004A85EFC0FEFA2A84EDBC797106D6AD
:10AC100022D426D24AD0834725005147E91793F71B
:10AC2000F70F636BF70217C70000130727F58A07B2
:10AC3000BA979C432A84BA9782878354A500034617
:10AC4000C5008346D500268532C636C4EF406F95D1
:10AC5000AA87A246324619E1854405A203C7C70068
:10AC6000A147130534006316F702938781959C432F
:10AC7000A68589C79C4399C38297F9BF938701949E
:10AC80008843EFC05EA069D985452685EFC0BEE642
:10AC9000E1B79387C1959C43A68599C39C43E9FF7F
:10ACA00093878194F1BF8355A5002E852EC4EF4074
:10ACB0004F8FAA8755D103C7C700A147130534009A
:10ACC0001306C4009306C401A245631AF7009387D4
:10ACD00081959C43D1D39C47C1D38297B5BF9387BD
:10ACE000C195C5BF83471500D5EF83476500858BA8
:10ACF000D5CB938741959C430149D5E78145414692
:10AD000008089760FE1FE78020434C48B5CD83C7F5
:10AD100065011946C105A30FF10008089760FE1FE1
:10AD2000E780003E834764000357C1018987858B14
:10AD3000D98F231EF100EFE02FF583C79193639025
:10AD4000A70283C7018599C3EFF0CF9F97A7FE1F86
:10AD50009387C7219C5B81C7854521458297EFE09A
:10AD6000AFF2A2850808EFE01FCCAA84554905ED93
:10AD7000894503C5A193EFA04EE4B2502254268525
:10AD80000259925445618280035544008544EF4046
:10AD90004F8165D583475500194693056500A30F7C
:10ADA000F100A5BF01490346140003554400854541
:10ADB000EFE01FE8E30209EA4A868D4503554400A7
:10ADC000EFE01FE751BD034715009947631AF702EB
:10ADD00003554500EF30FFFCAA841DC183C7E18401
:10ADE00009476389E7020D476380E70205476399D6
:10ADF000E70083455500035544000146EFE03FA8B6
:10AE00000346140089455DBF014681451305004195
:10AE1000EFF07F8A8355440003C504001546EFC058
:10AE20007ED0F9BF93054500034535000146EFF09C
:10AE30002FBE83C79193E371F5E299473305F5027D
:10AE40001306C4009145130555021375F50FEFB0B5
:10AE50002ECC03C5C184EFB00EC6FDBB83C7B19332
:10AE60000355450081C783C5D1840DB583C72185AE
:10AE700099E3954521BDEF30DFF2AA84E30E05DCAE
:10AE80008347A400858B85CB03455500854763F434
:10AE9000A7028357C40093F7072091EF100893850A
:10AEA0006400EFF0EFB683C791936396A7008D45DA
:10AEB00003554400E1BB83C5540003554400130609
:10AEC0008400EFE0DF9B01468145CDBD0355450081
:10AED000EFF04FC251B303554500EFF0CFA983C740
:10AEE000218593F7F7072389F184BDB3797193978F
:10AEF000050122D406D626D24AD04ECEC1872E8452
:10AF000063DE070803C5A193EFA02E97AA8431C57D
:10AF1000834705001307100B638BE7041307000D2D
:10AF20006387E7021307000B6396E70203474500B8
:10AF3000F9476317F700035525008145EFF02FC34C
:10AF400083C5440013858400EFF05ED121A0EFF0AB
:10AF5000FFCB01C52685EFA02E8BA164A18CB2503A
:10AF60002254268502599254F249456182808347D2
:10AF70004500EDF303568500835565000355250014
:10AF800023860194EFF02FC783C7C194E1D703C58F
:10AF9000C18423860194EFB00EB26DBF93F72500F4
:10AFA00085C381450145EFE01FA89344240083C772
:10AFB000A193854511E189453E85EFA00EC045B7B7
:10AFC00093F715006384070C1389419583270900C3
:10AFD0009384019583D947009C4099EFC1651387FD
:10AFE0000196894617C6000013060603FD150545A0
:10AFF000EF003FA123A8A1948C40134414009DE9C5
:10B00000832709000146854503D5470093140401B1
:10B01000C180EFE0FFC18327090001468D4503D5BC
:10B020004700EFE0FFC003C5C184EFB0CEA8EFE05A
:10B03000AFCA35B79308F00F094881471307E100FD
:10B04000740003D601964E85EF00FFF111ED034623
:10B05000D1008347C10022065D8E19C69C404E85F3
:10B0600083D5A700EFF02FB98840C165814603D68C
:10B070000196FD15EF001FE39314040123A8A1948A
:10B08000C1803DDD854503C5A19305BF93F745000C
:10B090008144E38607EC93C44500D1B503472500FE
:10B0A000F14763ECE73017C60000130666B293164B
:10B0B0002700B2969C42411122C406C626C2B2970E
:10B0C0002A84828783471500C5EF414697A5FE1F56
:10B0D0009385851417A5FE1F1305C5119760FE1FE4
:10B0E000E780000B3DED17A6FE1F1306A610C14515
:10B0F0000945EFB0EEA117A6FE1F1306A610C14525
:10B100000D45EFB0EEA003C5C184EFB0CE9A930514
:10B11000340017A5FE1F1305651119469760FE1F21
:10B12000E78000FE8547854517A5FE1F0345950E60
:10B1300017A7FE1F232CF70AEFA02EA897A7FE1F24
:10B140009387C70A8843938741969C43BDCB03A34B
:10B15000070063080306A2852244B24092444101DD
:10B160000283414697A5FE1F9385050717A5FE1F7D
:10B17000130545099760FE1FE78080012DD541BF6B
:10B18000994717A7FE1F2323F7064DBF0347150056
:10B190008347350039E70947639AE70297A7FE1FFF
:10B1A0009387C7049C438145014593F7F7F093E7E4
:10B1B000070217A7FE1F232BF702EFE0BE9FA30095
:10B1C000A400B24022449244410182800547814557
:10B1D00001456395E700EFE0DE8DD5B7EFE04EFD6A
:10B1E000F9BF0947E38FE7FC97A7FE1F9387070086
:10B1F000884341991365650097A7FE1F23A8A7FE02
:10B2000099B78347150097A4FE1F938424FEADEFE2
:10B210008D47631DF70497A7FE1F83C727FB13976E
:10B2200087016187635F070093F7F707894517A5D3
:10B23000FE1F034535FE17A7FE1F2309F7F8EFA0F1
:10B24000CE979C40914613F7F700631AD700C19B35
:10B2500093E7570017A7FE1F232AF7F885A889460A
:10B26000E301D7F6C19B93E72700EDB7984097A776
:10B27000FE1F238B07F49546937707FF3D8B6311E1
:10B28000D70693E74700F9B79C40C19B93E7670057
:10B29000D1B717A7FE1F130767F51C438346150098
:10B2A000BA84C19B95E693E7470017A7FE1F232F9B
:10B2B000F7F20356A5009305450003453500914676
:10B2C000EFF0AF9E97A7FE1F238007F08840A5BD33
:10B2D00013071003E39CE6FA17A7FE1F230607EEE9
:10B2E00093E7370085BFEFF07F9297A7FE1F938704
:10B2F000E7EF9C43154793F6F700C19B13E5370032
:10B30000E39CE6EE13E52700C5BD97A6FE1F9386D6
:10B31000E6ED9C4203461500B68493F7F7F021EE64
:10B32000CD466313D70493E7070117A7FE1F232F0A
:10B33000F7EA97A7FE1F83C7D7EF139787016187A7
:10B34000635F070093F7F707914517A5FE1F0345B5
:10B3500075EC17A7FE1FA30EF7ECEFA00E869C401E
:10B36000370500015D8DC5B393E7070217A7FE1FE0
:10B37000232EF7E6EDB793E70703CDBF97A6FE1F91
:10B380009386C6E69C427D761306F60FF18F034640
:10B3900015000DE26D46631CC70093E7071017A761
:10B3A000FE1F2325F7E49C423705000265BF93E7A3
:10B3B0000720F5B793E70730DDB782800347050024
:10B3C000930610096307D7009307000D6305F70480
:10B3D00082808346150039476391E6048356450011
:10B3E000056713075740639AE60218459307F0076D
:10B3F000830537006383F502938741969C4391CF81
:10B4000003A34700630B030083472700034517008E
:10B41000A2075D8D02836FF07FC882800111939730
:10B42000050126CA06CE22CCC187AE8463DB070C99
:10B4300017A5FE1F034515DEEF903EC42A8419C9E7
:10B4400097A7FE1F83C777D889EFEFF03FF72285D4
:10B45000EF909EBB2165258DF2406244D244056188
:10B460008280834705001307000D6390E70683473A
:10B47000250081E7EFF09FF409A81547639FE700D7
:10B480000347C500A147E392E7FCA28517A5FE1F6D
:10B49000034525DAEF907EC575BF2147E38CE7FCB5
:10B4A00099466395D70083477500F1BF1D47E39E1A
:10B4B000E7F803554500EF30DF8E51D90347C5004B
:10B4C000A1472285E313F7F8C9B71307200AE38ED3
:10B4D000E7F613071009E39FE7F803471500B9479C
:10B4E000E31AF7F803574500856793875740E3133E
:10B4F000F7F818458347270003451700A2075D8D1D
:10B500005DBF9397150163DE070013868196914511
:10B510001145EFA0FEDF03C5C184EFA0DED91165A0
:10B520001DBF93F71500CDCF97A7FE1F83C7C7C9CF
:10B53000ADCBEF309FB597A7FE1F83C797A48D8B28
:10B540006364F5068D472302F10097A7FE1F9387DA
:10B55000B7C783C707004C0017A5FE1F034595CB4F
:10B560002306F10097A7FE1F938707CC83C7070028
:10B57000A306F100EFE02E8F0DC597A7FE1F93875E
:10B58000E7C6884341991365650097A7FE1F23AF5F
:10B59000A7C4938741969C4389C79C4399C381451F
:10B5A000829713C514004DBD97A7FE1F9387E7C16F
:10B5B00083C70700194697A5FE1F938565C123021F
:10B5C000F10097A7FE1F9387A7C283C70700130543
:10B5D0006100A302F1009760FE1FE78060B2B5B77B
:10B5E00093F72500A1C797A7FE1F83C727BE858BAA
:10B5F0009DCB17A5FE1F0345F5C1EFE0EEB505C5D0
:10B6000097A7FE1F938787BE88431375F5F097A70A
:10B61000FE1F23ADA7BC938741969C4389C79C43DB
:10B6200099C38145829713C524003DB593F7450022
:10B630000145E38307E297A7FE1F83C797BF8DCF1E
:10B6400017A5FE1F034515BDEFE02EB415C597A73E
:10B65000FE1F9387A7B98843FD779387F70F7D8DEA
:10B6600097A7FE1F23A4A7B8938741969C4389C739
:10B670009C4399C38145829713C54400F1BB7971FE
:10B6800022D426D206D6AA842EC6328436C43AC222
:10B690003EC0EF300FF139C50358E500B24582478F
:10B6A0001247A246636DB800636B0401035605019F
:10B6B0006317D6000356250161456300E602231C8B
:10B6C000B1003E862C082685231D8100231ED10053
:10B6D000231FE100EF300FDC0145B2502254925499
:10B6E000456182805145D5BF011106CE97A7FE1F47
:10B6F000A38AA7A291C52E8532C6EFE03FD7324676
:10B7000097A7FE1F938787AE9C4395EF19C223A28C
:10B71000C196F24017A6FE1F034666AB97A5FE1F13
:10B7200083C545AF17A5FE1F0345D5AE9387819608
:10B7300017A7FE1F130707AD97A6FE1F938686ABBC
:10B7400005616FF0EE84F24045450561828097A760
:10B75000FE1F83C717838D8B81EB61458280614516
:10B76000B240224441018280411122C406C617A47E
:10B77000FE1F034434AA9307F00FE312F4FE1705EB
:10B7800000001305E5C9EFA06EB117A7FE1FA303C4
:10B79000A7A8E30685FC23A2019697A7FE1F23A76F
:10B7A00007A4914717A7FE1F2306F7A6EFB0FEF2E6
:10B7B0004146814517A5FE1F1305C5A39760FE1FCF
:10B7C000E78080974146814517A5FE1F130585A395
:10B7D0009760FE1FE780409623A4019697A7FE1F5F
:10B7E0002385079E97A7FE1F238407A09D4717A6C2
:10B7F000FE1F130626A0C145094517A7FE1FA30576
:10B80000F79C97A7FE1F238107A2EFA0BE8117A672
:10B81000FE1F1306269FC1450D45EFA0BE80414681
:10B8200097A5FE1F9385059D17A5FE1F1305C59EB1
:10B830009760FE1FE780C08C414697A5FE1F938549
:10B84000659C17A5FE1F130525999760FE1FE780CD
:10B85000208B1386819691451145EFA0AEFC0145E2
:10B8600001B7FD5717A7FE1FA306F79A17A7FE1FDC
:10B870001307078BA302F7002303F70017A7FE1F88
:10B88000230A0798054797A6FE1F238FE69223A455
:10B890000196194797A6FE1F2398E694056713079C
:10B8A00007C897A6FE1F2396E69417A7FE1F23023C
:10B8B000F7989D4717A7FE1F230B079017A7FE1F9A
:10B8C000A305079017A7FE1FA302F79017A7FE1F57
:10B8D0002303F7901946814517A5FE1F1305458FD1
:10B8E0001763FE1F67004385930705D04111C20708
:10B8F00022C406C6C1835D472E84636BF71017B759
:10B900000000130727348A07BA979C43BA978287A7
:10B9100097A7FE1F83C707902300F40035A0414678
:10B9200097A5FE1F9385058D22859750FE1FE78002
:10B93000207D19A8414697A5FE1F9385A58CEDB7DC
:10B94000938781969C439CC18147B24022443E85A7
:10B9500041018280194697A5FE1F9385258DE9B781
:10B9600097A7FE1F83C7478645BF2E85EFE0EEB041
:10B97000E1BF2E85EFE0CEB2C1BF97A7FE1F83C700
:10B98000C78459BF97A7FE1F83C7878671B719461B
:10B9900097A5FE1F9385C58341BF97A7FE1F83C749
:10B9A000B7829DBF97A7FE1F83C70788B5B797A724
:10B9B000FE1F9387A7839C4385B797A7FE1F83C766
:10B9C000078199BF97A7FE1F83D707822310F40032
:10B9D000A5BF97A7FE1F83D7C781CDBF9797FE1F2F
:10B9E00083C7D77E15BF9797FE1F83C7C77E2DB726
:10B9F0002E85EFE02EAE89BF9797FE1F83C7077D88
:10BA000093F7F70711BF97A7FE1F83C7978229B740
:10BA1000130710048947E36AA7F2EFB0DEC42310CE
:10BA2000A4001DB79307F5CFC207AE86C183D945E1
:10BA30002A8763EAF52E17B800001308A8268A079C
:10BA4000C2979C43411106C6C297B285368582874C
:10BA50004147E147639EE60241461795FE1F1305E5
:10BA600065799750FE1FE780A06915A04147E1471F
:10BA70006390E60241461795FE1F1305A578D5B7DA
:10BA80001147E1476396E6001C4223A4F1968147E3
:10BA9000B2403E85410182800547E147E39AE6FED8
:10BAA000034706009797FE1F83C707729796FE1FEE
:10BAB000238CE67095C7814761FF1797FE1F130718
:10BAC000E772184389463D8B6305D7009546E3111D
:10BAD000D7FC1795FE1F0345F573EFD01ED045BF69
:10BAE00081475DD71797FE1F1307477018436306FA
:10BAF000A7003D8B7517E36DE5F885451795FE1F8B
:10BB000003455571EF907E8B59B79307C01C63E8CE
:10BB1000D72063060620B24041016FD07EE993072B
:10BB2000C01C63EED71E630C061EB24041016FD0ED
:10BB30005EF80547E147E39DE6F403470600A946A2
:10BB4000E3E8E6F49797FE1F2381E76889B7054786
:10BB5000E147E39FE6F2034706008D46E3EAE6F29B
:10BB60009797FE1F2386E7681DB71947E147E391C2
:10BB7000E6F219461795FE1F13058565DDB50547E5
:10BB8000E147E397E6F0034706009D46E3E2E6F06F
:10BB90009797FE1FA38AE762DDBD0547E147E3995A
:10BBA000E6EE034706008D46E3E4E6EE9797FE1FB8
:10BBB000238CE766E9BD0547E147E39BE6EC834755
:10BBC00006001797FE1F2304F760D1B50947E14728
:10BBD000E390E6EC0356060005671307A7C7930634
:10BBE000A6FFC206C182E365D7EA9797FE1F239D91
:10BBF000C75E71BD0947E147E39CE6E803560600CE
:10BC000005671307A7C79306A6FFC206C182E361B3
:10BC1000D7E89797FE1F239EC75C95BD8345060016
:10BC20001796FE1F0346265B9797FE1FA380B75A01
:10BC30000145EF70EFCBA1BD034606009795FE1FAF
:10BC400083C5D5589797FE1F2387C758D5B7930745
:10BC5000C01C63E6D70C61C6B24041016FD09EF5AF
:10BC60000547E147E396E6E2834706001797FE1F84
:10BC70000347C755058B9796FE1F2389F65493F605
:10BC8000170011C7E39506E0EFD07ECF09B5E3803A
:10BC900006E01797FE1F1307675518438945398B30
:10BCA000E31E07E493E707F81797FE1F2300F752F8
:10BCB000F9BB0547E147E39DE6DC8347060017979C
:10BCC000FE1F034717579796FE1FA384F65611C70A
:10BCD000E39F07DAEFD01ECD5DBBE38A07DA179743
:10BCE000FE1F1307A75018431377070F19C3914579
:10BCF00031B593E707F81797FE1FA30CF75241BB26
:10BD00009307100463EFE70089458947E392B6D8AB
:10BD1000B240835506003A8541016FB09EE9E14784
:10BD200085BB8947B5B39307100463E9A70089452C
:10BD300089476396B60083550600C5B789473E8597
:10BD40008280011106CE2AC6EF30AF8509C9B245FF
:10BD5000F240034505004D4605616FB0BEDCF24080
:10BD6000494505618280411106C6EF70305D172597
:10BD7000FFFF130585B3EF907ED2EF10FF9C17C530
:10BD8000FEFF130585EEEF907ED1EFB05EE917F56B
:10BD9000FEFF130545F1EF907ED0EFE0FEED174575
:10BDA000FFFF13050549EF907ECFEF402FDE17F51B
:10BDB000FFFF1305E513EF907ECEEFE09F8317158D
:10BDC000FFFF13058502EF907ECDEF009FFEB2408E
:10BDD00041016FF0DF979797FE1F938727461797CC
:10BDE000FE1F130727459C43184301456313F700C3
:10BDF000828083D6670081E683D6470036959C43D0
:10BE0000F5B79797FE1F938767168C431797FE1F0A
:10BE1000035707164111138605229797FE1F23AF7C
:10BE2000C740938785FFBA9705659796FE1F23A3A2
:10BE3000F64006C61D05935637006374E500930669
:10BE400000203307D6001795FE1F2327E53E23A0C9
:10BE5000E522E1162312D600231306001CC3998F96
:10BE6000E1172312F70023130700EFF0DFF6B240CB
:10BE70009797FE1F2393A70A410182809797FE1F81
:10BE80009387C73B1797FE1F1307C73A9C4314437A
:10BE900001456393F600828003D7670011E703D75B
:10BEA00047006373E5003A859C43E5B79797FE1F0B
:10BEB0009387C7389796FE1F9386C6379C43904258
:10BEC0002A87B305B5406314F6003A8529A89386FE
:10BED00087009C43E369D7FEE377F7FE2E85E3E412
:10BEE000D5FEE3F2F5FE828083D705002300F5003E
:10BEF00083D70500A183A300F5000945828083C78D
:10BF0000250005472300F50003D505006397E700EA
:10BF10000A050505420541818280C9473305F502BE
:10BF2000CDBF03D505000A0542054181828083D734
:10BF300025002300F50003D5050083D72500330530
:10BF4000F502050542054181828003D50500828006
:10BF500003D50500828003D50500828083D72500A4
:10BF60002300F50003D5050083D725003305F5022E
:10BF7000050542054181828083D705002300F50035
:10BF800083D70500A183A300F50083D725002301F3
:10BF9000F50083D72500A183A301F50003D5450053
:10BFA000110542054181828083D705002300F500F9
:10BFB00083D70500A183A300F50003D5250009055B
:10BFC00042054181828089471145639BF600834782
:10BFD0001600834606000145A207D58F2310F700FF
:10BFE000828003D70500D947AE8663FAE700014790
:10BFF0000D4697050000938565EF6FA0FE86094505
:10C00000828011456393A60283471600834606008B
:10C010000145A207D58F2310F700834736008346DA
:10C020002600A207D58F2311F700828083C7250041
:10C030000547FD1793F7F70F6361F70483D70500F2
:10C040008DCF011122CC2A84C84106CE15C12EC63F
:10C050008945EFF0BFE52A8722856244B246F24067
:10C060001546970500009385C5E905616FA0CEFFD1
:10C07000F240624409450561828009458280954706
:10C08000114563F9D706411122C426C24AC006C62B
:10C0900083471600BA8403470600A2073284D98F6B
:10C0A0002390F4008347360003472600930544009D
:10C0B000A207D98F2391F40089472382F40009460F
:10C0C0001385540036899750FE1FE780600393075D
:10C0D000A9FF2394F4009947631BF90023A60400E9
:10C0E000B240224492440249014541018280190430
:10C0F000C0C4FDB7828083D705008DCF011122CC4B
:10C100002A84C84106CE15C12EC68545EFF01FDA38
:10C110002A8722856244B246F2401D4697050000F8
:10C12000938565E005616FA02EF4F24062440945F5
:10C13000056182800945828099476395F6048947A5
:10C14000411106C62302F700834716008346060006
:10C15000B285A207D58F2310F700834736008346A8
:10C16000260003464700A207D58F13055700231169
:10C17000F70091059750FE1FE78080F8B240014517
:10C1800041018280D14711456394F600C1474DBFFC
:10C19000828083D705008DCF011122CC2A84C8412B
:10C1A00006CE15C12EC68945EFF05FD02A872285BD
:10C1B0006244B246F240254697050000938565D754
:10C1C00005616FA06EEAF240624409450561828014
:10C1D0000945828089471145639BF6008347160015
:10C1E000834606000145A207D58F2310F700828001
:10C1F000011122CC2A84C84106CEAE86014719C55A
:10C200002EC68545EFF09FCAB2462A872285624432
:10C21000F2402D4697050000938565D305616FA018
:10C22000AEE411456393A6028347160083460600D9
:10C230000145A207D58F2310F700834736008346B8
:10C240002600A207D58F2311F7008280011122CC8E
:10C250002A84C84106CEAE8611C52EC68545EFF0AC
:10C26000FFC4B2462A8722856244F24035469705CC
:10C270000000938525CE05616FA00EDF93F71600B1
:10C28000114589EB89476387F60085822312D70021
:10C2900010C301458280011122CC2A84C84106CEF8
:10C2A00015C12EC68545EFF07FC02A8722856244DE
:10C2B000B246F2403D4697050000938505CA0561E8
:10C2C0006FA08EDAF240624409450561828083D70F
:10C2D00005008DCF011122CC2A84C84106CE15C19C
:10C2E0002EC68945EFF09FBC2A8722856244B2465C
:10C2F000F240454697050000938585C605616FA00D
:10C30000AED6F240624409450561828009458280CB
:10C31000854763FCD7022304A700A304B700834723
:10C32000160083450600A207CD8F2310F7009387E0
:10C33000E6FF2311F70089476386F600090650C31C
:10C340000145828023220700E5BF11458280014715
:10C3500081464D4681456FA02ED18D47114563FB27
:10C36000D7028347160083450600A207CD8F23100E
:10C37000F7008347360083452600A207CD8F23119F
:10C38000F7009387C6FF2312F7006386A600110605
:10C3900010C70145828023240700E5BF011122CC8C
:10C3A0002A84884506CEAE8611C52EC69545EFF087
:10C3B000FFAFB2462A8722856244F2405D46970568
:10C3C00000009385A5BB05616FA00ECA8547114586
:10C3D0006397F6008347060001452300F70082803B
:10C3E00001478146654681456FA00EC8011122CCE8
:10C3F0002A84C84106CEAE86014719C52EC68D4592
:10C40000EFF0DFAAB2462A8722856244F2406D46E9
:10C4100097050000938585B905616FA08EB901115C
:10C4200022CC2A84C84106CEAE86014719C52EC645
:10C430008D45EFF0BFA7B2462A8722856244F240BD
:10C44000754697050000938565B605616FA06EB6C9
:10C45000814717B800001308A88A1306F00F3307A6
:10C46000F800834607001397060141836364E500E3
:10C470006393C600828083D605006365D70023904E
:10C48000E5008280850793F7F70FD1BF411193979D
:10C49000050122C406C626C2C1872E8463D50702C1
:10C4A000EF80BEBDAA8409CD83470500054793C729
:10C4B00007086364F700EF5050672685EF80DEB40D
:10C4C0002165218D29A893F7150099CF9797FE1F15
:10C4D000938747D7FC5791C3829713451400B24006
:10C4E000224492444101828093F7250099CB97978B
:10C4F000FE1F938727D5BC5B91C382971345240009
:10C50000F9BF93F7850081CF9797FE1F938787D355
:10C51000FC5FBC5B91C3829713458400C9B793F756
:10C52000450081CF9797FE1F9387C7D1FC5FFC57CB
:10C5300091C38297134544005DB793F7050291CFED
:10C540009797FE1F938707D083A7070983A707093B
:10C5500091C382971345040259B793F7050191CF10
:10C560009797FE1F938707CE83A7070983A7C7085E
:10C5700091C38297134504019DB793972501014507
:10C58000E3DF07F49796FE1F83C636CC1796FE1F8F
:10C590000346A6CB9795FE1F83C515CB1795FE1FA7
:10C5A000034585CAEFB0AFBF096521BF411113062E
:10C5B0008012814522C42A841795FE1F130585C861
:10C5C00006C69797FE1F23A507DA9750FE1FE78040
:10C5D000A0B60145EF2070010145EF205009979763
:10C5E000FE1FA38A8792B707D707B5071797FE1FC5
:10C5F0002324F7C6B7A70D0D938707191797FE1FBA
:10C60000232EF7C4B7A7D707938707191797FE1FDD
:10C610002328F7C4E977938707191797FE1F231379
:10C62000F7C41794FE1F1304E4C17D4781472320FC
:10C63000E40E0327040D2322F40EB7872D049387FD
:10C64000F79F5D8F8327440D9796FE1F23A4E6CCAA
:10C650009796FE1F23A4E6CC93E7E7391797FE1FB2
:10C660002320F7CC9796FE1F23A8F6CA9797FE1FA4
:10C6700083C7A7901797FE1FA304F7C81797FE1F3D
:10C68000A304F7C8F977FD171797FE1F231FF7CAF2
:10C690001797FE1F231CF7CAFD471797FE1F230895
:10C6A000F7CA9797FE1FA38B07BC85679387F7F0A0
:10C6B0001797FE1F2315F7BC1797FE1F2312F7BC11
:10C6C000EF902EE59797FE1FA38FA7B69307C01C88
:10C6D0001797FE1F2315F7BE85471797FE1FA30266
:10C6E000F7BA9797FE1F83D7A788A9831797FE1FCE
:10C6F000A30CF7BC8D471797FE1F2316F7B8979723
:10C70000FE1F23A307B8B717070693870744179799
:10C71000FE1F232DF7B69797FE1F9387278583D794
:10C7200007011307B00F6374F7009307B00F139658
:10C7300007011797FE1F231CF7B21797FE1F231A36
:10C74000F7B28347C40341829306E600918BC9CFB9
:10C750009307A6088E07C207C1831797FE1F2319E8
:10C76000F7B00347D403118B59C31307A6080E076C
:10C77000420741839795FE1F239EE5AEED45328724
:10C780006373B6006D471796FE1F231EE6AC1306B3
:10C7900080143E8763F4C700130780148E069797B2
:10C7A000FE1F2393E7AC9797FE1F2391E7AC979763
:10C7B000FE1F239CD7AA9307C01C1797FE1F2313A5
:10C7C000F7ACB7071600938707901797FE1F23252E
:10C7D000F7AAEF905F8AEF404075EF803FDE22447A
:10C7E000B24041016F60000293973600ADB71397D6
:10C7F0003600BDBF411106C622C426C21797FE1FD0
:10C80000034727A89797FE1F83C7B7A76369F70059
:10C8100001442285B2402244924441018280AA848C
:10C82000930510241305800B9750FE1FE780406B83
:10C830002A8479DD1306800B81459750FE1FE7801F
:10C84000A08F81E4C1572304F4009797FE1F9387BC
:10C85000679FB84F3DE71797FE1F232F87A21797B3
:10C86000FE1F232D87A21797FE1F232B87A22320AD
:10C87000040005479796FE1F2385E6A00547A304FD
:10C88000E400130700F9A305E4001797FE1F130740
:10C89000278B544B184F1785FE1F0345656E74C4D4
:10C8A00038C87D57230BE40083C7A704A30EE40612
:10C8B0002304A4062306F40AEF80BFF2A30AA4000F
:10C8C00089BFF84F00C31797FE1F232B879C232097
:10C8D000040003C7E703050771BF8347E501411162
:10C8E00022C406C69907A308F5007C451147230812
:10C8F000E5002380E7007C45034715012A84A380D7
:10C90000E70083475503858B91E703474503894734
:10C910006319F70078448347070093E7070423006F
:10C92000F700684493056403194609059740FE1F04
:10C93000E780007D68440356E4014C54210597408C
:10C94000FE1FE780E07B930730F9A305F400B240B7
:10C9500022444101828041114AC01799FE1F1309E8
:10C96000698E8327490B06C622C426C299E3054572
:10C9700005AAAA84EF90CFAA8327490B8297EF409C
:10C98000A0312A846DD5DC50AC482324F50803C7B8
:10C99000B4009307A009631BF71085472300F51423
:10C9A00083C734062303F514A303F51483C7F500E6
:10C9B00003C705010148A2074207BA9703C7E5006C
:10C9C0001546F905BA9703C735FF130584136207A7
:10C9D000BA97232CF40883C755FF03C765FFA20746
:10C9E0004207BA9703C745FFBA97232EF40883C7B7
:10C9F00075FFA30BF40283C795FF03C785FFA2074A
:10CA0000D98F231CF40283C7B5FF03C7A5FFA20774
:10CA1000D98F231DF40283C7D5FF03C7C5FFA20723
:10CA2000D98F231EF40283C7F5FF03C7E5FF232E2A
:10CA30000413A207D98F231FF4028147232CF41279
:10CA40009740FE1FE780C06BB84883473702FD8BD5
:10CA5000A30AF40203473702ED1793F7F70F158384
:10CA60002308E4022D476368F7028357A403056790
:10CA70009306A7C7E917C207C18363EEF600835682
:10CA8000C4039307301F63E8D7008357E4031307F9
:10CA900007C8637EF70203558400EF40004001455C
:10CAA000B240224492440249410182808327890D89
:10CAB00013971701E35C07EEFC4403C7070083C725
:10CAC0000500F98F9583858B2300F514C5B5832761
:10CAD000890B228582978327090E035584002946F6
:10CAE00093F7072091E3054693050008EF50901D4A
:10CAF0008327890D13971701635907000355840095
:10CB0000514693050008EF50F01B83274905FC4B65
:10CB100013974700E35D07E403C58400A38B04007B
:10CB2000494693050008EF50F01991B5411122C410
:10CB300006C626C24AC09787FE1F83C7B7702A84DD
:10CB40008DEB0347040185476318F70E8347D40331
:10CB500003475404858B631FF70C1946930564043F
:10CB60001305E4039740FE1FE7808062B334A00002
:10CB7000A1A883475504DDC78347B5041307000404
:10CB800093F7070C6390E70A085931C51309640449
:10CB9000CA851305A5029760FE1FE78060AF854731
:10CBA000AA84631AF502085889472302F4048347CC
:10CBB00035001946CA8593E72700A302F4045105FE
:10CBC0009740FE1FE780C053B240224426850249A9
:10CBD0009244410182800347040185476304F704BE
:10CBE00083470406918B9DEF8347C40385EF1305AC
:10CBF00044049760FE1FE780A0B508D805C58947A3
:10CC00002302F4048347350019469305640493E72F
:10CC10002700A302F40451059740FE1FE780404E11
:10CC200085445DB78347C403898B81DF1C5883C764
:10CC3000170081FB814449BF83470406918B99F714
:10CC40008347D40013F717000DC3834634010D4703
:10CC5000639DE60068402C442244B240924402495D
:10CC600041011753FE1F6700A391898BD5DB034752
:10CC700034019547E316F7FAF1BF41119787FE1F7C
:10CC8000238E076222C4930710F906C6A305F50098
:10CC90009787FE1F9387876D80430DC08545178555
:10CCA000FE1F03455527EF803EB693071027330537
:10CCB000F50222832244B24041010283B240224461
:10CCC000410182808347A50199C70347A5006314EA
:10CCD000F7006FF09FFA0347950111CF8346A50037
:10CCE0006382E6022305E50089451785FE1F03459B
:10CCF00095226F808EECF1DF0347A50079FB2305B9
:10CD0000F500DDB7F9D7E5BF2C49314783C71500DA
:10CD100093F7F7032309F5006386E70093070008FC
:10CD20003E85828083C705000D47BD8BA309F500B2
:10CD3000E396E7FE41114AC01309650322C4194670
:10CD40002A84A1054A8506C626C29740FE1FE780B1
:10CD500020449147630505222C48194613056404B5
:10CD600083C7050089059987858BA302F404974042
:10CD7000FE1FE780E0382285EFF05FDBA14763000C
:10CD8000052064449D472308F4002380F400854770
:10CD90002381F400A381F400CA8519461385440059
:10CDA0009740FE1FE780C03583C7240003C73400C7
:10CDB0000149990793F7F70F136787002381F40060
:10CDC000A381E4007844BA970357C406A381E7001F
:10CDD00083C724007844834614063E978357C406CD
:10CDE0009206A183BD8BD58F2302F70003C72400D1
:10CDF00009071377F70F2381E4008356E401F1C29A
:10CE000083470406795993F7070491C37559330989
:10CE1000E9401379F90F6376D90A83463406751908
:10CE200089471379F90F6393F6168347B40663981D
:10CE30000716916793870729F9469387771BB3C72E
:10CE4000D7021786FE1F03466647136606019785BD
:10CE5000FE1F2385C5461786FE1F13062630104287
:10CE600085650CC6B386D702860634D283C63400E5
:10CE700093E60601A381D400744403462406369742
:10CE8000A301C70083C62400784436972302F70025
:10CE900003C724007444A187BA96034734061607D3
:10CEA000D98FA382F60083C724008D072381F40065
:10CEB0005C54CA973CDC8357E401B38727412319AC
:10CEC000F4068347040693F7070485C703C73400B5
:10CED0007C4483C6240013670704A381E40003474E
:10CEE0005401B697A381E70083C7240085072381F7
:10CEF000F40003C524000356E4014C5493073500A5
:10CF000068443E954DC26360C90A9740FE1FE780A2
:10CF1000201F0349E40103C724009377F703850723
:10CF20003E99A30824012381E40083475403858BA1
:10CF300091E70347440389476319F700784483471F
:10CF4000070093E707042300F7007C44834514019E
:10CF5000A380B700930790F9A305F40003453406B6
:10CF60008347B4065D8DEF80FF94014681450D45F2
:10CF70009750FE1FE780A0A4EF809FCA8147B24070
:10CF80002244924402493E8541018280054693072E
:10CF90008042E383C6EA85679387878471BD85678E
:10CFA0009387E71B51BD4A869740FE1FE7804015D7
:10CFB0009DB72C491307200283C7150093F7F70389
:10CFC0002309F5006393E714411122C406C626C263
:10CFD00083C7050015472A84BD8BA309F500639C10
:10CFE000E7021946A105130565039740FE1FE78078
:10CFF000201A9147630505102C481946130564044F
:10D0000083C7050089059987858BA302F40497409F
:10D01000FE1FE780E00E2285EFF05FB1A14765C1FA
:10D020009787FE1F9387C7F39C4382976444A14769
:10D0300048D02308F4002380F40085472381F400BE
:10D04000A381F400194693056403138544009740B7
:10D05000FE1FE780E00A83C7240099072381F400BC
:10D0600083C7340093E72700A381F4008347540467
:10D0700081CB78448347070093E707F82300F70044
:10D080001946930564041385A4009740FE1FE780AA
:10D09000200783C72400990793F7F70F13F7F703C7
:10D0A0000507A308E4002381F40083475403858B1C
:10D0B00091E70347440389476319F700784483479E
:10D0C000070093E707042300F7007C44834514011D
:10D0D000A380B7009307A0F9A305F4000345340625
:10D0E0008347B4065D8DEF80EFFC014681450D4519
:10D0F0009750FE1FE780A08CEF809FB28147B2401F
:10D10000224492443E8541018280930700083E8577
:10D11000828041114AC01789FE1F13092904832701
:10D12000090022C41307000A06C626C22A84F8D3BF
:10D130000945EF805FB79786FE1F9386A6FF904252
:10D14000B7050082FD155C56F19B93E717005CD68E
:10D15000032709005C4393E717005CC383478406F9
:10D1600093F7F703139797015C56ED8FD98F5CD631
:10D1700037170040930770052300F704930780FAE0
:10D180002300F70403068406B54763D2C716835706
:10D19000270293E707012311F7029C423706330069
:10D1A00098431377F7E798C398431377F7E7136724
:10D1B000071098C31787FE1F130787FF18431447EC
:10D1C000D18E14C7832609001306A00DB0CA545788
:10D1D000F59A54D7034724069376F70798431377B5
:10D1E00007F8558F98C337C7898E130767ED98C71F
:10D1F00037575500644413075755D8C39D47230834
:10D20000F4002380F40085472381F400A147A38123
:10D21000F4007C440357C4062382E70083C724003C
:10D220007844834614063E978357C4069206A1832A
:10D23000BD8BD58F2302F70003C524009307E00FB1
:10D2400009051375F50F2381A40003562407898F60
:10D2500063CFC7047C442C5C0D053E959740FE1FB0
:10D26000E78000EA03C72400834724079376F70387
:10D270008507B697A308F4002381E400834754038D
:10D28000858B91E70347440389476319F700784486
:10D290008347070093E707042300F7007C44034714
:10D2A0001401A380E700930780F9A305F400832706
:10D2B0000900784481451715000013056534B8DB73
:10D2C000EF808EE99787FE1FA38D07E6834534061E
:10D2D0008347B406034614012244B24092440249F3
:10D2E000DD8D014541011743FE1F6700436D8357E4
:10D2F0002702C207C183BD9BC207C18369BD3971C3
:10D3000052D4178AFE1F130A6AE583260A0022DC1C
:10D3100026DA06DE4AD84ED69307000AFCD2978753
:10D32000FE1F938727E19C43B70533002A84D85713
:10D33000719B13671700D8D798431377F7E798C303
:10D3400098431377F7E71367071098C31787FE1FF3
:10D35000130707E6184310474D8E10C71306A00D9C
:10D36000B0CA5057759A50D7034725061376F7076A
:10D370009843137707F8518F98C3DC420D4793E722
:10D380001700DCC264459D472308F50085462380CD
:10D39000F400A38104002381D4008347F50563854D
:10D3A000E70019476397E74C8547A381F4001946C6
:10D3B00093056403138544009740FE1FE78040D423
:10D3C00083C7240099072381F4000347F405994794
:10D3D0006316F70483C734001385A40093E727007E
:10D3E000A381F40083475403898B638F07320C5861
:10D3F00083C72501638A07321946D1059740FE1F6E
:10D40000E78000D078448347070093E707F82300BC
:10D41000F70083C7240099072381F40083C73400F1
:10D4200003C7240093E78700A381F4007C44BA97E4
:10D430000357C406A381E70083C7240078448346CA
:10D4400014063E978357C4069206A183BD8BD58FE1
:10D450002302F70003C7240009071377F70F23817E
:10D46000E4008356C401638006308347040679597B
:10D4700093F7070491C375597C483309E940137940
:10D48000F90F918B81C739191379F90F81496374A9
:10D49000D90A83473406751989461379F90F6397BA
:10D4A000D72A8347B406639C072A9169938909297F
:10D4B000F9479389791BB3C9F9029786FE1F83C682
:10D4C000E6DF93E606011786FE1F2309D6DE8326D4
:10D4D0000A00056690C6B387F9028607BCD283C7E7
:10D4E000340093E70701A381F4007C4483462406BB
:10D4F0003E97A301D70003C724007C4493D68940FC
:10D50000BA972382370183C7240078443E97834724
:10D5100034069607D58FA302F70083C724008D0732
:10D520002381F4001C54CA973CDC8357C401B387A1
:10D5300027412319F4067C48914613F7C700630B73
:10D54000D700B1466317D710834614060347F40784
:10D550006391E610A18B638E07209787FE1F938748
:10D5600027A09C438329840982971787FE1F1307EE
:10D5700027A463EDA91EB7470F00938707243385BF
:10D58000A940B335F5020356870081463305F502FD
:10D59000EF60D0009307B012AA8963DCA70A49465E
:10D5A000814568009740FE1FE78000B9B7C70300B8
:10D5B000938747FC63D03729938969099306C01282
:10D5C000B3C9D902B2470967D98F7D17B3F9E9000A
:10D5D0007977F98FB3E93701835764084EC66844F9
:10D5E000139707018357C1006C00D98F3EC683276C
:10D5F000040A0327C4083EC88327440A1316870079
:10D60000618393F6F7019787FE1F83C7D7C39D8B6E
:10D610009607D58FD18F3ECA832704094946A207B2
:10D620005D8F835784083ACC231EF10083C7240002
:10D630008D073E959740FE1FE78080AC83C734007E
:10D6400093E70702A381F40083C72400C90723815D
:10D65000F4008347040693F7070485C703C7340023
:10D660007C4483C6240013670704A381E4000347B6
:10D670005401B697A381E70083C72400850723815F
:10D68000F4000356C4016310061C014983C624003C
:10D690008347E40513F7F60305073A999A07D58FF0
:10D6A000A30824012381F40083475403858B91E769
:10D6B0000347440389476319F70078448347070009
:10D6C00093E707042300F7007C44034714018145D6
:10D6D000171500001305C5F2A380E700930760F952
:10D6E000A305F400784483270A00B8DBEF80CEA6B8
:10D6F0009787FE1FA38707A49787FE1F238407A48D
:10D70000834534068347B406034614010145DD8D85
:10D710009740FE1FE780A02AF2506254D25442592B
:10D72000B259225A216182808347D40381CB784445
:10D730008347070093E707F82300F700194693058E
:10D74000E4039740FE1FE780A09BE1B18546930963
:10D750008042E38FD7D485699389898491BB856999
:10D760009389E91BB1B381490149F1B35C43BE9987
:10D7700019B583C7340083463406C18BA9C3F94762
:10D780000947B389F902835724076390E6020347E8
:10D79000B40601CB938777108607BE9993894929F0
:10D7A000FDBB9387A7078E07CDBF05476396E600AD
:10D7B000938787078587D5B793870707F9BF83C7FF
:10D7C00024000357C4013E978947639CF6048347AE
:10D7D000B406A1C79307771886071787FE1F03476C
:10D7E000F7AD136717001786FE1FA309E6AC0327E2
:10D7F0000A0021669389875210C793875754794648
:10D80000B3C7C702B387C70286077CD7834714060E
:10D810002300D408A30FF40659B39307A70F8E076C
:10D820006DBF05469307070FE399C6FA9307870F65
:10D83000858765B7F947BD09B3C9F902B247CE0973
:10D8400093D9390171B303C524000C5493073500F3
:10D8500068443E956369C9009740FE1FE780408A8F
:10D860000349C40125B54A869740FE1FE7804089D9
:10D8700031BD1387E7FF1377D70F6311071EA3810D
:10D88000D400930565031946138544009740FE1F95
:10D89000E780008783C7240003C734009789FE1FF1
:10D8A0009389499A990793F7F70F136787002381A4
:10D8B000F400A381E40078440149BA970357C406F1
:10D8C000A381E70083C724007844834614063E976B
:10D8D0008357C4069206A183BD8BD58F2302F70020
:10D8E00003C72400914709071377F70F2381E4004A
:10D8F0008346F4056390F60C83470406795993F741
:10D90000070491C375598357C4013309E94013795A
:10D91000F90F6371F90A834634067519894713793B
:10D92000F90F6398F6108347B406639D071091675B
:10D9300093870729F9469387771BB3C7D70203C696
:10D940008907136606019785FE1F2389C59603265E
:10D950000A0085650CC6B386D702860634D283C614
:10D96000340093E60601A381D400744403462406E0
:10D970003697A301C70083C6240078443697230254
:10D98000F70003C724007444A187BA9603473406FE
:10D990001607D98FA382F60083C724008D07238141
:10D9A000F4001C54CA973CDC8357C401B387274159
:10D9B0002319F4068347040693F7070485C783C732
:10D9C000340003C7240093E70704A381F4007C44D8
:10D9D000BA9703475401A381E70083C72400850752
:10D9E0002381F4000347F40591476317F7060356B4
:10D9F000C4013DC203C524000C549307350068449C
:10DA00003E956365C9049730FE1FE780606F034948
:10DA1000C4010347F4059147631AF72883C78907B0
:10DA200093F7070F93E757001787FE1F2308F78820
:10DA3000B1B9054693078042E38EC6EE85679387AA
:10DA40008784CDBD85679387E71BEDB54A86973000
:10DA5000FE1FE780E06A75BF014965BF93F7B70F06
:10DA60000547E394E7C2A381F400930565031946D3
:10DA7000138544009730FE1FE780806883C7240029
:10DA800099072381F40083C7340093E72700A3811B
:10DA9000F4008347D40381CB78448347070093E79E
:10DAA00007F82300F700834754031385A400898BEC
:10DAB0006387071A0C5883C725016382071A194622
:10DAC000D1059730FE1FE780A063784483470700A5
:10DAD00093E707F82300F70083C7240003C7340047
:10DAE0009779FE1F93890976990793F7F70F1367C4
:10DAF00087002381F400A381E40078440149BA97A8
:10DB00000357C406A381E70083C7240078448346F3
:10DB100014063E978357C4069206A183BD8BD58F0A
:10DB20002302F70003C72400854709071377F70F7F
:10DB30002381E4008346F4056390F60C83470406D2
:10DB4000795993F7070491C375598357C401330971
:10DB5000E9401379F90F6371F90A834634067519A0
:10DB600089471379F90F639EF6108347B4066393D0
:10DB70000712916793870729F9469387771BB3C7E5
:10DB8000D70203C68907136606019775FE1F238710
:10DB9000C57203260A0085650CC6B386D7028606C1
:10DBA00034D283C6340093E60601A381D4007444C2
:10DBB000034624063697A301C70083C62400784491
:10DBC00036972302F70003C724007444A187BA964E
:10DBD000034734061607D98FA382F60083C72400B3
:10DBE0008D072381F4001C54CA973CDC8357C40181
:10DBF000B38727412319F4068347040693F70704E4
:10DC000085C783C7340003C7240093E70704A381B3
:10DC1000F4007C44BA9703475401A381E70083C70B
:10DC2000240085072381F4000347F4058547631D1D
:10DC3000F7060356C4012DCA03C524000C549307EC
:10DC4000350068443E95636BC9049730FE1FE7803A
:10DC5000204B0349C4010347F405854775BB83473F
:10DC6000D40381CB78448347070093E707F8230068
:10DC7000F70019469305E4039730FE1FE7804048FC
:10DC8000A1BD054693078042E388C6EE856793876A
:10DC90008784DDB585679387E71BF9BD4A86973092
:10DCA000FE1FE780E04545BF014975B783C7890777
:10DCB00093F7070F93E7670085BB011156C2977A68
:10DCC000FE1F938A2A5883A74A0A06CE22CC26CA68
:10DCD0004AC84EC652C4639507522A840945EF705C
:10DCE0009FFC1779FE1F1309694703260900930754
:10DCF000000A9779FE1F9389E9437CD283A7090024
:10DD0000B7053300568AD857719B13671700D8D7C9
:10DD100098431377F7E798C398431377F7E71367A8
:10DD2000071098C31777FE1F130787481843144737
:10DD3000CD8E14C79306A00D34CA5457F59A54D704
:10DD40000347A4009376F7079843137707F8558F96
:10DD500098C38347E4007844BD8B2308F400230074
:10DD6000F7001D476444639CE73C8547A38104009A
:10DD70002381F4000347F4058D45631FB7288357BB
:10DD8000C401639207187C481147B18B638DE71675
:10DD900031476398E700034714068347F407630499
:10DDA000F7168547A381F40019469305640313858C
:10DDB00044009730FE1FE780A03483C724009907F2
:10DDC00093F7F70F2381F400034704061377070442
:10DDD00015C303C7340013670704A381E400784424
:10DDE000BA9703475401A381E70083C7240085073E
:10DDF0002381F4009777FE1F2382074C83C62400FB
:10DE00008347E40513F7F60305079A07D58FA308A0
:10DE1000E4002381F400930740F9A305F40083474D
:10DE20005403858B91E70347440389476319F7003F
:10DE300078448347070093E707042300F7007C44F6
:10DE400003471401B7060082FD16A380E7000327ED
:10DE500009005C4393E717005CC38347840603A66D
:10DE6000090093F7F703139797015C56F58FD98F45
:10DE70005CD637170040930770052300F70493071B
:10DE800080FA2300F70483068406B54763D2D736A9
:10DE90008357270293E707012311F70203A709001D
:10DEA000B7C7898E938767ED1CC7B757550093870F
:10DEB00057555CC38347A406834444068145170530
:10DEC00000001305E573DD8C89471777FE1FA30C4F
:10DED000F7269777FE1FA386072683270900784435
:10DEE000B8DBEF707EA7034614016244F24042495A
:10DEF000B249224A924AA685D24401450561174398
:10DF0000FE1F6700C3ABA147A381F4008357C4067B
:10DF10002382F4008357C406034714067444A18384
:10DF20001207BD8BD98FA382F60083C62400054754
:10DF3000890693F6F60F2381D40083478A070326C8
:10DF400009006313F7060347440689476316F71E63
:10DF50000347A406938766008E07630B071C93870D
:10DF6000770D8607231AF406835744070347840175
:10DF7000F9459387070AB387E70209451778FE1F1B
:10DF8000230EA832056508C6938707FBC207C18325
:10DF900093877716B3C7B70213970701B387B70202
:10DFA000418386073CD21DA03852F9470583335779
:10DFB000F7023C526C528583FD8BAE977CD28D4725
:10DFC0001776FE1F230CF62E4207418383C73400C9
:10DFD00093E70701A381F4007C44BE96834724069F
:10DFE00093E70704A381F60083C624007C44B69718
:10DFF0002382E70083C624007C4421837D8BB6976F
:10E00000834634069606558FA382E70083C7240013
:10E010008D072381F400DDB399466319D70A0357AE
:10E02000C4014DE7A381F40013854400194693050C
:10E0300064039730FE1FE780A00C83C7240013857C
:10E04000A40099072381F40083C7340093E72700D5
:10E05000A381F40083475403898BB9C70C5883C745
:10E060002501B9C31946D1059730FE1FE780400945
:10E0700078448347070093E707F82300F70083C736
:10E080002400990793F7F70F2381F4000347040650
:10E0900013770704E30007D683C63400784493E679
:10E0A0000604A381D4002DBB8347D40381CB7844DD
:10E0B0008347070093E707F82300F7001946930505
:10E0C000E4039730FE1FE780A00355BFA147A3815B
:10E0D000F4008357C4062382F4008357C406034721
:10E0E00014067444A1831207BD8BD98FA382F60056
:10E0F00083C624000547890693F6F60F2381D400D2
:10E1000083C78A0703260900E30FF7E23852F9476D
:10E1100005833357F7023C5268528583FD8BAA97DB
:10E120007CD29777FE1F238BB7184207418379BDB6
:10E130009387A7048E073DB59387E600E5BF0547A3
:10E14000639CE708B147A308F40083475403898B15
:10E15000ADC30C5883C72501A9CF1946D105138536
:10E1600084009730FE1FE780A0F9784483470700BA
:10E1700093E707F82300F700684419469305640302
:10E1800009059730FE1FE780A0F783278A0D1397B4
:10E190001701635D07008347E400B98B81EB784486
:10E1A0008347070093E707022300F700930720F94E
:10E1B000ADB18347D40399C783C7040093E707F839
:10E1C0002380F400684419469305E4032105973041
:10E1D000FE1FE780E0F24DB70356C4010C541385CF
:10E1E00084009307660093F7F703A308F400C5B70C
:10E1F00083572702C207C183BD9BC207C18369B988
:10E20000F2406244D2444249B249224A924A0561EC
:10E21000828041119777FE1F9387C70222C4A053C3
:10E2200006C605478346C4006390E60283C7870796
:10E2300011476315F7002285EFE03FA422852244B1
:10E24000B24041016FF07FA7B24022444101828079
:10E250009777FE1F938707FFBC4F99E33E85828027
:10E2600003C78700E30CA7FE9C43C5BF011106CE80
:10E2700022CC26CA4AC84EC6EFF09FFD11E9814460
:10E28000F240624426854249D244B2490561828007
:10E29000834755032A8489EF19469775FE1F938596
:10E2A000E508130564039730FE1FE78060E5B5A815
:10E2B0000547639EE7009777FE1F83C7C7F8C944E9
:10E2C000E1D319469775FE1F9385A506D9BF1C5942
:10E2D000A1EB8347C503230A050291EB03475403CF
:10E2E0008547230AF4028947E317F7FC75B713053E
:10E2F000C5039740FE1FE780604008D815C1EF4076
:10E3000060290C5883C7A50081CF8947230AF402EE
:10E310001946B105130564039730FE1FE78040DE00
:10E32000034744038947E31BF7FA9777FE1F83C728
:10E3300077F19DCB8347C40385CB83473404130710
:10E3400000041305C40393F7070C6397E710974085
:10E35000FE1FE780E03F08D81C5899C783C72701F4
:10E3600081C78947230EF4028344C40089F8854796
:10E370000349E4002306F400A304F4001777FE1F0A
:10E38000034757C09777FE1F238E07EA93170701AD
:10E39000231BE4069376F9001947C183637AD706F5
:10E3A000834644060947938947006394E6009389AE
:10E3B000C7038356C401834534061777FE1F0347FE
:10E3C000C7D81305A00F9307E70B231B3407138748
:10E3D00026000946B3D6A6020E071775FE1F035581
:10E3E000A5BD6390C5081307A7040E073E97939732
:10E3F000A600BA9737460F00130606248146B3A538
:10E40000A7023305F502EF5070194E95231BA406A1
:10E410008357E40623180406B1CB03456401930730
:10E42000F00F6307F500EF708EB8FD57230BF40073
:10E430000356E406930664011206A2851715000030
:10E4400013050591EF70AEA285451775FE1F0345B4
:10E4500095ACEF609EF62DB59740FE1FE780002A31
:10E46000DDBD6D073E979397960061B78547E31D25
:10E47000F9FC034564019307F00F6307F500EF70A3
:10E480000EB3FD57230BF4000566930664011306D3
:10E49000068065B7411106C622C42A84EF704FF882
:10E4A000228523060400A3050400A3040400EFE072
:10E4B000CFFC85451775FE1F0345F5A5EF702EAA05
:10E4C00089451775FE1F034515A5EF704EA9034535
:10E4D00064019307F00F6307F500EF704EADFD5731
:10E4E000230BF400B2402244410182802C494111A7
:10E4F00006C622C426C24AC083C715007D4793F7CB
:10E50000F7032309F500E91793F7F70F637BF7008B
:10E5100093040008B24022442685024992444101F6
:10E52000828083C70500BD8BA309F500F51793F71B
:10E53000D70FF9FF2A841946A10513056503973003
:10E54000FE1FE780E0C4914471D52C488547230223
:10E55000F40483C70500194689059987858BA302B2
:10E56000F404130564049730FE1FE78060B9228528
:10E57000EFE0CFDB85472A89E31CF5F80347340138
:10E5800095476310F704EF0010669777FE1F83C767
:10E59000579F8D8B6377F50283470401E36AF9F691
:10E5A0009777FE1F9387C79B9C438144829748D0EF
:10E5B0002285EFE04FBAE31F25F52285EFF09FEDAE
:10E5C00091BF8347040181C71947E393E7F422858C
:10E5D000EFE0AFB08347A40603454406834514012A
:10E5E00081445D8DEF700FAD014681450D4597303B
:10E5F000FE1FE780C03CEF70AFE229BF397126DA19
:10E600009774FE1F938404C422DCA0504AD84ED6CF
:10E6100052D456D25AD05ECE62CC66CA06DE314B98
:10E62000978A0000938A4A6F914B1779FE1F13094E
:10E6300029B19779FE1F938969B20D4C977CFE1F13
:10E64000938CCC92130A44018347B4009387E70666
:10E6500093F7F70F6363FB188A07D6979C43D69707
:10E6600082870146930550020145EF704FBA1306A9
:10E670005002814505459730FE1FE78040348347AF
:10E680003900858BD1C328488146528681459777CA
:10E69000FE1FA38807AA9730FE1FE780202801E508
:10E6A0002285EFF0BFE40347B40093073009E30D80
:10E6B000F7F8EF70EFD62285EFE0CFE0F25062542A
:10E6C000D2544259B259225A925A025BF24B624CCE
:10E6D000D24C2161828083472900858B95C397772F
:10E6E000FE1F238007A68347040105476375F700D3
:10E6F0001947E390E7FC9307B0F9A305F400A9B725
:10E7000083A70900FC53A9F39777FE1F238C07A268
:10E710004DB783472900858B638B07369777FE1F9C
:10E72000238107A2EF70CFCF2285EFE00FD593842E
:10E73000C1929C409DCBDC438DCB89472302F100E5
:10E7400083475404130561001946A302F10083476F
:10E750004401930564042306F1009730FE1FE7800F
:10E76000209A9C404800DC43829783477406B9D7BF
:10E77000834554040345840013066404EFA0DFCAF4
:10E7800035BF8347B406034534060146930550025E
:10E790005D8DEF70CFA70146814505459730FE1F7F
:10E7A000E780E02183473900858B6387072E28485F
:10E7B0008146528681459777FE1FA384079897303C
:10E7C000FE1FE780A01501E52285EFE08FFE0347DD
:10E7D000B4009307A009E309F7E6EF706FC45DA0EA
:10E7E0008347B406034534060146930550025D8D08
:10E7F000EF70EFA10146814505459730FE1FE78088
:10E80000001C83473900858B638807282848814688
:10E81000528681459777FE1FA38507929730FE1F8A
:10E82000E780C00F01E52285EFE00FCE0347B4007B
:10E83000930790094DB783472900858B6389072487
:10E840009777FE1F238F078EEF708FBD83C78407D6
:10E8500009476307F70083C784070D476318F7026A
:10E8600083A6090003574407BC521307C7128583C8
:10E8700063FEE700930750F9A305F400BC528583BB
:10E88000E39407DC2285EFE04FBF0DBD0347940101
:10E890008347A4011DCF8346A4006307D722638763
:10E8A000F6002305E4002285EFF02FC183477900AD
:10E8B00093F7F70FE39A07D883C7840709476307DD
:10E8C000F70083C784070D47E31EF7FA930750F953
:10E8D0002DB5E9DF0347A40071FB2305F400E1B780
:10E8E00083C78407E39EFBFE2285EFE05FA1A9BBFF
:10E8F00083472900858B638C07189777FE1F238237
:10E90000078483C78407C18B85C7EF706FB183C746
:10E91000840793F70702E5DF83C78407228593F70F
:10E92000F70C1777FE1F230BF798EFE08FFE29BB3C
:10E9300083C79407858B91C7EF708FAE9307E0F97B
:10E940006DBB83C784071547BD8B639CE700EF0051
:10E95000902983C77C018D8BE371F5E89307D0F98B
:10E9600069BB83C784071947BD8BE398E7E6930724
:10E97000C0F961B383472900858BE38707CC97678C
:10E98000FE1F2380077C83C78407C18B89CBEF7070
:10E990002FA983C7840793F70702E5DFB5BF83C7B5
:10E9A0009407858BD1FB83C784071547BD8BE3870D
:10E9B000E7FA83C784071947BD8BE38AE7FAEF704C
:10E9C0002FA6EDB9FC58230E8407228582970347B2
:10E9D000B40093077009E309F7C6CDB18347390046
:10E9E000858B85CBEF70CFA39767FE1F93878774C6
:10E9F00098437C53ED9B7CD39767FE1F2387077456
:10EA00003717004083578701C607C583231CF700CB
:10EA100095BD83A70900FC53E39807C2EF704FA090
:10EA20009767FE1F9387077198437C53ED9B7CD3B8
:10EA30009767FE1F238B07703717004083578701A6
:10EA4000C607C583231CF7009767FE1F238C076E3C
:10EA500015BD83472900858B9DCB9767FE1F2382B9
:10EA6000076E83C78407C18BE38007CC83C7840705
:10EA700093F70702E5DF2285EFE0AFE983C784075C
:10EA800093F7F70C1777FE1F230AF78261B983A764
:10EA90000900FC53E39A07BA9767FE1F2384076AAD
:10EAA0002DBB9767FE1F83C7C769858BF5D797670F
:10EAB000FE1F23880768EF70AF962285EFD0BFE96D
:10EAC0002285EFF03F9DDDBEE38207DE39B54111BF
:10EAD0009767FE1F9387077722C4E04B06C626C2BE
:10EAE000630A04248346C40005476395E6249766B9
:10EAF000FE1F83C656651547638BE6001767FE1F2A
:10EB000013070764034777008D46639DE6002244A0
:10EB1000B24092441765FE1F0345F53F854541010C
:10EB20006F60BE8983C70700835604021767FE1F04
:10EB3000232A8776850793F7F70F1767FE1F2303AE
:10EB4000F770130700643347D70263C8E700EF701C
:10EB50002EA79767FE1F2387076E0347E4009D4794
:10EB60006317F7048347940685CF8356040763E64B
:10EB7000F6028345840093073004A30BF4001305C9
:10EB8000300493F6F60F0146EFA0DF892285224478
:10EB9000B240924441016FF0FF8F85062318D406DE
:10EBA000930530020545EF702E9B2301A40685478F
:10EBB0001767FE1F2304F770034784018D4763190D
:10EBC000F70AEF60CEEB0D8901ED93077002230584
:10EBD000F40093075002A30CF4009307600231A8DD
:10EBE00085476310F508930760022305F400930737
:10EBF0005002A30CF40093077002230DF4000347A6
:10EC0000E40085479764FE1F83C4F4306318F70E51
:10EC10000356040285452685EF603E9283475403E0
:10EC2000898BEDC78347C403F5C30C58E5C183C77F
:10EC3000A500E9CF8947230AF4021946B105130557
:10EC400064039720FE1FE780A04B0347C407894752
:10EC500063E2E70C22852244B240924441016FF006
:10EC6000CF85930750022305F40093077002A5B7E0
:10EC700089468347F4006319D70213F7170011CFB1
:10EC8000130750022305E400898B81CF93076002AC
:10EC9000A30CF400230D04009DB793076002230525
:10ECA000F40093077002EDB79DC313F7170001CB73
:10ECB000930750022305F400A30C0400E1BF898BE5
:10ECC00081C793076002FDB793077002E5B78347DA
:10ECD0009401130740026365F7009307500201A8EF
:10ECE000850793F7F70F13077002E368F7FEA30C8D
:10ECF000F400834794012305F40069BFB945054535
:10ED0000EF708E85035604022A9629B78547230A99
:10ED1000F40225BF9767FE1F938787249C438324B3
:10ED20008409829763EDA400835764073385A44068
:10ED3000E372F5F2B2402244924441018280976727
:10ED4000FE1F9387E726DC43BE94F9BF011122CC56
:10ED5000FD5706CE230BF5008357E5062A849DC791
:10ED600083460507834585009307C003A30BF50081
:10ED700001461305C003EFA0EFEA0945EF60BFF2BB
:10ED800022856244F24005616FF0CFF08347E500D1
:10ED90000547BD8B6386E70083470506918BF1DF4E
:10EDA0009767FE1F9387074A83A7070E93F70720ED
:10EDB00085C302C402C202C081480148814701479D
:10EDC0008146054681451305C003EFA04FE375B7A3
:10EDD00002C0814801488147014781460546814577
:10EDE0001305C003EFA08FDF49BF9767FE1F23AF56
:10EDF000A7568280411106C69767FE1F83C7B711C9
:10EE000089EB17D5FFFF1305A568EF603EC9EFD06A
:10EE1000EFF997E7FFFF9387279E1767FE1F2325CC
:10EE2000F74897F7FFFF9387A7441767FE1F232F25
:10EE3000F746B240970700009387A7C91767FE1FE0
:10EE40002328F74697F7FFFF9387E73C1767FE1FD6
:10EE50002322F7464101828011C98327050A93E7DF
:10EE600007082320F50AFD572303F50282809767E0
:10EE7000FE1F23A1A75082809767FE1F9387873CC0
:10EE8000BC4B9C5799E33E85828003D78701E30CF6
:10EE9000A7FE93878705FDB7011122CC06CE2A84F1
:10EEA000034565029307F00F2E866309F5002EC611
:10EEB000EF60FE8F3246FD572303F4028347A4021E
:10EEC000035784049306640293E707062305F402BC
:10EED00083570404A285F240BA972313F4046244D2
:10EEE00017050000130585F705616F604EF80111E5
:10EEF00022CC06CE2A84034575029307F00F2E8696
:10EF00006309F5002EC6EF609E8A3246FD57A303C3
:10EF1000F40293067402A2856244F24017150000C1
:10EF20001305851305616F608EF4011122CC06CEA6
:10EF30002A84034585029307F00F2E866309F500A6
:10EF40002EC6EF60DE863246FD572304F402930698
:10EF50008402A2856244F240171500001305651271
:10EF600005616F60CEF003467514ED479765FE1F8F
:10EF700083D5652F9766FE1F83D6A62F1767FE1FC2
:10EF80000357472F2310F51C231EF51A231CB51A0F
:10EF9000231AD51A231BE51A8947630BF606930734
:10EFA0008014834865142311F51C09481766FE1F59
:10EFB000130646296392080703568602231DC51AC5
:10EFC0000566130606A9231FC51A6D482E866373AE
:10EFD000B8006D46931506012314C51C6D48C18108
:10EFE00036866373D8006D462312C51C8356E51B15
:10EFF0000356A51B6373D600B2862315D51CBA86AB
:10F0000063F3E700BE862313D51C2307B504828073
:10F010008567938707A971B703566602231DC51A32
:10F02000130680144DB70347651489468357A51C02
:10F03000631ED70283568514938787E899C6B3C7A2
:10F04000E702938757FD214731A02147B3C7E70265
:10F05000938757FDB3C7E7020357851CC207C183D7
:10F0600063F3E7003E872307E50482808546631645
:10F07000D7009387C7FB1147F1BF938707FBE1B721
:10F080008357451B0357051C411106C663F3E70070
:10F090003E87931807018357251C0357651B93D898
:10F0A00008016373F700BA87139807018356C51BDD
:10F0B0008357851B1358080163F3D700BE86035797
:10F0C000A51B8357E51B13930601135303016373B9
:10F0D000F700BA8783467514C2070947C183639A4C
:10F0E000E6000566130606A942876370C8023287E8
:10F0F00029A8032705109316470163CC060005666F
:10F10000130686844287E36406FF13180701135829
:10F110000801834665140947639EE6060357A50365
:10F120009306204E3307D70293F6F80F9A061386FC
:10F13000F63C9386C64F634406019306C812158FAA
:10F1400063D3E7003E87420705664183130606A99D
:10F15000BA876373C700B287C207C1830356451CD1
:10F1600013F7F80F9376F30F6316E6040356651C46
:10F17000631206050356851C631ED6020356A51CA2
:10F18000631AF602230E0506EFF0FFE90945B240C7
:10F19000410182800327051093164701E3C006FC56
:10F1A000056613068684BE856373F600B285939761
:10F1B000050165B70546230EC5062312E51C23137A
:10F1C000051D2314D51C2315F51CEFF0DFE50145C3
:10F1D0007DBF0357A51B8357E51B411106C663730B
:10F1E000F700BA87034665141397070189464183E0
:10F1F000631BD6068566938606A96373D700B68718
:10F200001397070141838357A51C6387E700854750
:10F210002315E51C230EF5060357651B8357251C94
:10F220006373F700BA87034675141397070189467D
:10F2300041836317D6048566938606A96373D70056
:10F24000B6871397070141838357651C6387E700DF
:10F2500085472313E51C230EF506EFF0DFDCB240F3
:10F26000014541018280856713868784E37DE6F846
:10F270008326051093870780F58FD1F7328761B712
:10F28000856713868784E371E6FC832605109387E0
:10F290000780F58FD5FB328745BF0357A5049547F7
:10F2A0000356E503B307F7028356A50393D537400A
:10F2B0006355B600118F93173700B3C7D702C20743
:10F2C000C1832314F5048280832745110D469306DC
:10F2D000F00F03C707000D8BA306E5006314C700FA
:10F2E00083C62700A30BD50003C70700418B230962
:10F2F000E50083C71700230BF50082808347C50014
:10F30000CD9B2306F5008280832745110347C50066
:10F3100083C70700935637408987B58F858B99C778
:10F32000134787002306E50001458280054582805A
:10F33000832745110347C50083C70700935627401D
:10F340008D87B58F858B99E7134747002306E50026
:10F3500001458280054582808327450E850723224B
:10F36000F50E91E78327850E85072324F50E832765
:10F37000850E93F7070891C785472322F50E2324AE
:10F38000050E8347A50293F7070491CF8357050421
:10F3900003578504BA972313F5048327450A93F787
:10F3A000F7BF2322F50A82808327C50E850723260F
:10F3B000F50E91E78327050F85072328F50E832790
:10F3C000050F93F7070891C785472326F50E2328D5
:10F3D000050E8347A50213F7070409C793E7070241
:10F3E0002305F50282809767FE1F9387A7E583A711
:10F3F00087090145054791E3828083C6B70063937F
:10F40000E60005059C43C5BF411122C491452A84ED
:10F41000014506C6EF605E94231BA4041767FE1F18
:10F42000035747ED854763F1E7060355A41C83574F
:10F43000641C37460F0013060624AA9793871727E4
:10F440001765FE1F035545B7B3A5A70281463305CF
:10F45000F502EF40B014835704040357E4058355C5
:10F46000840505461D8F3307B702832704091383DC
:10F47000F5FF130E80023E979767FE1F938787DC88
:10F4800083A8870963666600B240224441018280F6
:10F490003308C603C687FD563A9881E7231BC40488
:10F4A000E5B76314F4001C40F5DB83AEC70863982E
:10F4B000BE0083A60709B306D840B3F6B60263E4DC
:10F4C000A6009C43D9BF090675BF1767FE1F0357E7
:10F4D00067E2854763F1E70A411122C48357651C3F
:10F4E0002A840355A51C37460F0013060624AA9745
:10F4F000938717271765FE1F035505ACB3A5A70211
:10F50000814606C63305F502EF405009034654050F
:10F510009767FE1F938707D383A887097D168546C3
:10F520001303800263E6C600B24022444101828098
:10F530003387660283270409FD553E97C68781E716
:10F54000231BD404D5B76314F4001C40F5DB03AED1
:10F55000C7080328C408631A0E0103A80709B305E6
:10F56000E84063640701B305074163E4A5009C43D9
:10F57000F9B7850645BF82801767FE1F035787D7F7
:10F58000854763F5E70E41119767FE1F938787CB89
:10F5900022C403A4870906C626C2A28789EB09EC08
:10F5A000230E0500B240224492444101828003C7E9
:10F5B000D7016DFB9C43DDB76314A40000406DD000
:10F5C0008347B400D5E30327C4088327C508630D28
:10F5D000F7080347C50193070008AA84631DF704D1
:10F5E0008357A403194693050008231AF506231B25
:10F5F000F5068357C403231DF5048357E403231E34
:10F60000F50403558500EF20F06B8547A38EF400C9
:10F6100083C7C40193F7F707238EF400130584060C
:10F620002244B240924431469305F00F4101172322
:10F63000FE1F670063B08357A503194693050008B2
:10F64000231AF406231BF4068357C503231DF40471
:10F650008357E50303558400231EF404EF209066CE
:10F660008947A30EF4005DBF004015BF230E0500BF
:10F670008280411126C206C622C41767FE1F0357A7
:10F6800067C78547AA8463F8E71A83278510898BA3
:10F690006383071A9767FE1F9387C7BA83A78709F3
:10F6A000BE85ADED03D6841C01447D5813062602A9
:10F6B00005862D067D55A5EB630E04108347B40027
:10F6C0000357A403D5EB8947231CE404A30AF404DD
:10F6D00003570406835704042285BA97C1071D8B7C
:10F6E000998F231FF4048357C403231DF404835705
:10F6F000E403231EF404EFF03FD18327440A93E789
:10F7000017002322F40A8547230AF4008D47A30E2D
:10F71000F400B240224492444101828003C7D501E3
:10F720006DFB8C41BDBF98436394970051D7BA8756
:10F7300083A6070903A7040963E2E6023387E640CC
:10F7400083A6C40863F4E6003377D7026376A70084
:10F750003A856373C700BE859C43B1BF158F83A6EE
:10F76000C70863F4E6003377D702E37707FF3A88E8
:10F77000E374C7FE3E84CDB783D7A403B3F7E70293
:10F78000C9FB9D46994763F5E600935717008D071F
:10F790000567231AF406130707C88A076353F7009F
:10F7A000BA87231BF4068357C4030355840013064A
:10F7B0005002231DF4048357E40393050008231E1D
:10F7C000F404C947A30EF4002244B240924441011C
:10F7D0006F20504FADC103D7A40383D7A503B3F760
:10F7E000E702B1EB8387C40163D707049D469947BD
:10F7F00063F5E600935717008D070567239AF40613
:10F80000130707C88A076353F700BA87239BF406D8
:10F8100083D7C40303D5840013065002239DF40448
:10F8200083D7E40393050008239EF404CD47A38EF9
:10F83000F400EF203049238E0400E1BD9757FE1FEE
:10F8400083C7C777AA85B5E79767FE1F23A607B2C8
:10F850009767FE1F23A807A8835765081756FE1F42
:10F860000356867503270509B387C70237460F007D
:10F870009306F62313060624B697B3D7C702175686
:10F88000FE1F034636703E96636EC7003306C740C0
:10F8900003A7C50893869502171500001305C52810
:10F8A0006F501EA39757FE1F93878770DC433E97C8
:10F8B000F1BF82809767FE1F9387C7AB9843011102
:10F8C00026CA06CE22CC4AC84EC6AA8441CBBE89DF
:10F8D0001767FE1F035707A285476311F70803D474
:10F8E00064089757FE1F83D7276D03250509330446
:10F8F000F402B7470F001387F7239387072417599C
:10F90000FE1F1309E96A3A943354F40263618508CF
:10F910009757FE1F9387C7649C43330485408297A3
:10F92000636BA406B307A4401754FE1F03449465F9
:10F93000058083A9090001456371F40237450F0072
:10F940003384874013050524B335A4020356890088
:10F9500081463305A402EF4060448299930700FB7F
:10F960002387F4009757FE1F83C7476595EF83C72A
:10F97000940262448545F240D2444249B249B3956B
:10F98000F500C205C181014505616F501EA38327A3
:10F9900049003E95B5BF330785408147E35607F8D8
:10F9A000832749003E94BDBFF2406244D24442499D
:10F9B000B24905618280411106C6EF10E02D19C9D8
:10F9C00083278511014581E7B240410182809C4334
:10F9D0000505D5BF7D55CDBF9767FE1F93878786E9
:10F9E00083A7470A411122C426C206C62A84AE84D0
:10F9F0006396A7009767FE1F23A8078E832704122C
:10FA000081CB03558400014693050008EF20902B1D
:10FA10008357440481CB035584004D469305100859
:10FA2000EF20502A03558400154693051008EF2057
:10FA30007029B240230A940423050400230804001B
:10FA4000224492440145410182808347A500638896
:10FA5000073883570508411122C406C626C2850708
:10FA60002310F5088347F500230C05002A8413F7BB
:10FA7000270005E703570504954763E4E7000145C0
:10FA800001A89305E003EFF03FF5A305A4020945A3
:10FA9000B240224492444101828013F7070239CFD9
:10FAA00093F7F7FDA307F5008327050A0347B50081
:10FAB000A305050293E747002320F50A8547631F46
:10FAC000F7028357A5031306204E03274509B38782
:10FAD000C7029756FE1F83C6E64A93860605B3D72C
:10FAE000E702034775033307C702B697C207C1830E
:10FAF0002312F5088607BA972311F50883471401E6
:10FB0000858BF5CB8357E40503570404639CE728F2
:10FB10008357C4038355C405034584022310F406A8
:10FB200083475405231FB4029205A30BF4028357A5
:10FB30006405F915231CF4028357A405231EF4025F
:10FB4000EF50BE8D8346B40023100408835784030E
:10FB50001757FE1F035747466395061EB387E702F4
:10FB6000130700321756FE1F130686445042938730
:10FB70000719B3D7E70203270409D1073E97BA86CE
:10FB80006364F7006364C700B306C7408357840506
:10FB90002328D408231DF4028347D40181C722857A
:10FBA000EFF0BF928357A4031757FE1F0357C740B8
:10FBB00093060032B387E7022311040233D6D7023B
:10FBC000B3F7D7029306204E2326C408B387D70283
:10FBD000B3C7E7022310F402835704042312F4028C
:10FBE0008347F40093E70702A307F4008347140157
:10FBF000F99BA308F40083471401898BB9C7035705
:10FC0000E41283570404B306F740139606016340D9
:10FC1000061A631CF7028147014893048413232CBE
:10FC2000F412232E0413154693058412268597108B
:10FC3000FE1FE780E04C2685EF10805683471401B5
:10FC4000A306A412F59BA308F4008347140113F73D
:10FC5000070125CB8356C414035704043386E640BA
:10FC60009315060163C50514639DE604BD9BA308B7
:10FC7000F4008347A41481CB13F727006303071410
:10FC800085472303F4148347B41481CB13F727006B
:10FC9000630007148547A303F4142285EFF06FD3A4
:10FCA0008347C40799C78327040A93E707102320D3
:10FCB000F40A8327040AA305040293E707202320FC
:10FCC000F40A8347140113F7070221C31757FE1FD5
:10FCD00013074757384B13068005834647001857CC
:10FCE000B386C60236978356C70103570404338789
:10FCF000E64013160701634A06000357C41463164F
:10FD0000D70093F7F7FDA308F4008347A40293F705
:10FD10000704E38607D60357640483570404E310FB
:10FD2000F7D6034704019307A0046315F70085473E
:10FD30002308F4008327440A93E707402322F40AA8
:10FD40003DBB8346441783558405A18A99CE03564B
:10FD50000404835664170355A403918EB386A60248
:10FD6000B3C6B602B296231BD41695CBB307F702DF
:10FD7000130700321756FE1F13068623504293873F
:10FD80000719B3D7E702032704093E97BA866364CD
:10FD9000F7006364C700B306C7402328D408231DB7
:10FDA000B40209B5998F13970701E35607E4930549
:10FDB00080022285EFF05FC2A305A4021305800232
:10FDC000C1B9918B99C389476DBD2303041465BDE7
:10FDD000918B99C38947C1B5A30304147DBD054523
:10FDE000828001119757FE1F9387C74522CC03A439
:10FDF000070A06CE26CA835704044AC84EC652C410
:10FE000085072310F40483470414A30F04002285FC
:10FE1000638F071C9720FE1FE780E0602285EFF0CC
:10FE2000DFC2631E051A835764081755FE1F03556A
:10FE3000A518B7460F00B387A7021386F62393864B
:10FE40000624032704091759FE1F13096916230BFB
:10FE5000040283294900B297B3D7D702636EF7181B
:10FE6000B307F7408326C4082324F408014AB38764
:10FE7000E600BE8463E4D70063E43701B38437410E
:10FE80008357040223289408B1CB835604040357F4
:10FE9000440237460F002312D4023387E640B3876B
:10FEA000E702035724021306062481468145BA97C8
:10FEB000C207C1833385A7022311F402EF30106E0D
:10FEC00011CD2695B3349500AE94AA8763149A0099
:10FED00063643501B30735412328F4089759FE1FA1
:10FEE0009389090883A709008297AA8483A7090038
:10FEF0008297E30D95FE83A70900832484088297E7
:10FF000063E1A4103385A440630C05109757FE1FCE
:10FF100083C757076376F510B7440F009384042412
:10FF2000B3359502175AFE1F035A0A0903592402D2
:10FF30005286814633059502EF305066B309A90019
:10FF40003305490337460F001306062481468145D1
:10FF5000EF30D06405C1B337950252868146B38530
:10FF6000B4023385A402BE95EF3050633305A94037
:10FF70002311A4023545EF501FD39757FE1F23A32B
:10FF800087368346B40005479757FE1F83C707038C
:10FF9000639DE606130700FD2307E40089EB814516
:10FFA0009757FE1F9387873D8843EF50FE9A9756D9
:10FFB000FE1F9386A61A904295471757FE1FA3046B
:10FFC000F7185846F977FD17F98F5CC60F10000037
:10FFD0009C428966860994C723A23707D8C7F24096
:10FFE0006244D2444249B249224A05618280972044
:10FFF000FE1FE780E0381DB5B3063701B387F64032
:020000022000DC
:1000000095B583274900BE94F5BD130710FC23075F
:10001000E400D1FF81459757FE1F9387271169B7E9
:100020009757FE1F23A0072C9757FE1F83C707F97A
:10003000DDF78347940285456244F240D244424949
:10004000B249224AB395F500C205C1810145056157
:100050006F50AEB605C541119305200222C406C6F5
:100060002A84EFF07F97FD57A305A402230804001C
:10007000A303F402B24022444101828082800DC970
:10008000411122C406C68347F5002A849305E00384
:10009000898B91C3A145EFF03F94FD57A305A402BE
:1000A000230804002304F402B24022444101828068
:1000B00082808327050A797122D406D626D24AD0B7
:1000C0004ECE52CC56CA2A846387073613F72700D0
:1000D00019CBF59B2320F50A035585001946930596
:1000E0000008EF20203E8327040A13F747004DC382
:1000F000ED9B2320F40A8347A40293F7070491CBD6
:100100008327440A228593E707402322F40AEFF06D
:10011000CF980347B400854703464401835624061D
:10012000631CF76C8357A4031307204EB387E702C1
:1001300003274409B3D7E7021757FE1F034787E495
:1001400013070705BA97C207C1830347B4022312F6
:10015000F40886072311F4089307000819C39307CE
:100160000004230EF40019E68347A40293E7170066
:100170002305F40281EA035584000D469305000827
:10018000EF20403423110406230A0400A30E0400C8
:100190008327040A13F787000DC303558400DD9BF2
:1001A0002320F40A154693050008EF20A031834769
:1001B000A40293E747002305F4028327040A13F7F8
:1001C000070139C7BD9B2320F40A8347D404035594
:1001D0008400214689C7A30604041306000393057F
:1001E0001008EF20202E8347C40489CF8327841072
:1001F000C18B89CB8355A40422859205C205C18198
:10020000EFE09FC98347A40293E717002305F40298
:100210008327040A13F7070415CB0347F40493F765
:10022000F7FB2320F40AA14763FBE7008347B400F0
:1002300099E78327440A93E707012322F40A035529
:100240008400314693051008EF20C0278327040A55
:1002500013F7070245CB8346B40093F7F7FD23203D
:10026000F40A0327C4108327841099EA1377070838
:1002700001CB0327440A37064000518F2322E40AAA
:1002800093F707026385075AADE28357641B035750
:10029000641C6304F7028346741409476393E658A9
:1002A0000567130707A9637AF7008327440A0567E0
:1002B00013070780D98F2322F40A8357A41B0357FF
:1002C000A41C6304F702834664140947639EE65442
:1002D0000567130707A9637AF7008327440A0567B0
:1002E00013070780D98F2322F40A0355840011468F
:1002F00093050008EF20001D8347A40293E7170031
:100300002305F4028327040A13F7071005C70355D2
:10031000840093F7F7EF2320F40A230E04061D460A
:1003200093050008EF20001A8347A40293E7170003
:100330002305F4028327040A13F7070809CF03559E
:10034000840093F7F7F72320F40A1306700593054A
:100350001008EF2020178327040A13F7072031C362
:1003600093F7F7DF2320F40A83476414230F040074
:10037000A29703856716A301A414EF504FCD230164
:10038000A4142285EFE03FCA03558400314693054B
:100390000008EF2020138347A40293E717002305EA
:1003A000F4028327040A139727016357070079771C
:1003B0007D17F98F2320F40A8327040A1397070176
:1003C000635A0704834504031755FE1F0345B5E729
:1003D000EF503E908357A4031307204E232AA4080E
:1003E000B387E70261777D17B3D7A7021755FE1FC2
:1003F000034545B913050505AA972312F408834759
:10040000A40293E717002305F4028327040AF98F57
:100410002320F40A8327040A858B91CF8347A40203
:1004200083454405228593E717002305F402EFF086
:10043000AFDAA305A4028307141685C70307440394
:1004400099463306F74063DBC63E8327440AB70666
:100450001000D58F2322F40AED57A302F416A3004F
:10046000E4168347A41613F7270045C38306440305
:100470000307241663DCE6000327440A370610004E
:10048000518F2322E40A1147A302E416030734160E
:10049000635CD7000327440A37061000518F2322DC
:1004A000E40A7157A302E416030704161306F007C3
:1004B000630CC7020346D4160345E416158F620782
:1004C0006187B306A6406357D73893F60701639355
:1004D000063893F7F7F893E707012305F4168357D7
:1004E000041785072319F4168357241799CFFD178E
:1004F000C207C1832319F41689EB03558400130640
:10050000000293050008EF10F07B8347A400B9C3F5
:100510008327041299CF8347A40181EF03558400F8
:10052000014693050008EF10F07901E58547230D9A
:10053000F4008357440499CF8347140381EF035594
:1005400084004D4693051008EF10D07701E58547EC
:10055000A308F4028347441713F7070169CBBD9B37
:10056000230AF4168327440A898BF1E30347040125
:10057000D547630EF70A83471401898BCDEB81447D
:10058000814901498D4A130A5002139784016187FA
:1005900093773700098722970347D7178607B397C2
:1005A000FA007D8F638BE700268605458145EF3095
:1005B000207CB3E9A9003369B9008504E39744FDC1
:1005C000032584138325C413337535012AC4B3F579
:1005D000250128002EC6EF00B03C8347541363E08A
:1005E000A702034544037D578547591562052C0032
:1005F00061853AC43EC69710FE1FE780C04C0327B2
:100600008413A2476317F7000327C413B24763009C
:10061000F70215462C00130584129710FE1FE78081
:1006200020AE8327440A93E727002322F40A834657
:100630004417A54713F796006316F70403570404FD
:10064000835764176360F704B307F74013960701F5
:10065000634A0602834754171306000A0507B38747
:10066000C7020356A403DD9A230AD416B3C7C702F0
:10067000BA97231BF4168327440A37078000D98FC3
:100680002322F40A8347A402E1CB918B91CF034646
:100690000401C165938505A02285EFE05F8583474E
:1006A000A402ED9B2305F4028347A402858B8DC32E
:1006B000034574029307F00F6307F500EF502E8F88
:1006C000FD57A303F4028347A402F99B2305F40218
:1006D0008347A402898B91CF8355E40303458402A9
:1006E0009205F915EF407ED38347A402F59B2305BD
:1006F000F4028347A402A18B85C38355E4030D460E
:1007000022859205F915C205C181EFE04FFE8347AE
:10071000A402DD9B2305F4028347A40213F707011B
:1007200001CF0345640293F7F7F82305F402EF5075
:100730000E88FD572303F4028347A40213F7070230
:1007400001CF8355A4040345640293F7F7FD230505
:10075000F4029205EF407ECC8347C40193F7070C67
:1007600089CB0347B400854722856315F712EFE074
:100770005FF083570404A5CB13074006B3F7E702E5
:10078000BDE39757FE1F9387A7BE9C43898BA1C7E4
:100790009744FE1F9384847D985815CF9757FE1F6A
:1007A00083D747ABC2079755FE1F83D5C5AADD8DFA
:1007B000254502979C589755FE1F83D585A9294545
:1007C00082979C58831524032D4582979C58830556
:1007D0004403314582979757FE1F239C07A69757DE
:1007E000FE1F23A907A6B250225492540259F2497F
:1007F000624AD24A4561828093070004230EF400C6
:1008000019E68347A40293E717002305F402E39D4A
:100810000696035584000D4693050008EF10904A94
:10082000A5B21307801441B4130780146DB4832755
:10083000440A7D771307F77FF98F75B4998FE3D258
:10084000F6C28327440AB7061000D58F2322F40A84
:10085000954721B18346B4168345C4163388B60044
:10086000635BE80013F807046317080093F7F7F8D1
:1008700093E707049DB12A96E348C7C68D8EE3C56A
:10088000E6C613F70702E31107C693F7F7F893E7F5
:100890000702A1B1EFE05FCEE9BD011122CC4AC849
:1008A0004EC606CE26CA52C456C25AC00347B50029
:1008B00085472A842E89832905096310F7208357E9
:1008C0000508035BC503974AFE1F83DAEA6E174AE1
:1008D000FE1F130AEA6D63FA671B834605016396E0
:1008E000E61A032785116312071A0327450A631EB8
:1008F00007188346F5001D476399E6180355A503BD
:10090000330BFB409307204E3305650383244409D2
:1009100037460F001306062481463305F502974734
:10092000FE1F83C72766B3549502B3B5AA02BE94CF
:10093000C204C180231394083385AA02EF30004615
:10094000AA9933B5A9002E954E8783274A0019E14D
:1009500063E4F9003387F940B3845403B7460F00CA
:100960009387F623938606242320E900BE94B3D40C
:10097000D40293171B00A6976363F7101D8F2320E3
:10098000E9009749FE1F9389A95D83A70900832485
:100990000900829763E6A4123385A4406355050CD1
:1009A00083A709008297032709006362E512198D66
:1009B0008357E4031747FE1F035707608E07B3876B
:1009C000E7021307003293870719B3D7E70263E8FA
:1009D000A710374A0F00130BFA23974AFE1F938A7A
:1009E0002A5D130A0A248357040485072310F4049C
:1009F0008347041491E722859720FE1FE7804098E3
:100A00002285EFF08F8465E9832604098327C408D3
:100A100003A74A00B6973E8563E4D70063E4E70086
:100A20003385E7408347F401835464082328A408EE
:100A30008507A30FF4009747FE1F83D7E757B384BA
:100A4000F402DA94B3D444036366950CB30495407E
:100A500083A7090023209900829763E1A40C3385C2
:100A6000A440E34205F89747FE1F83C7B75163E5EB
:100A7000A7089757FE1F23A787860145B5A8832699
:100A80004A00B387F6403E97DDBD83576408374779
:100A90000F00B38457039307F723A6979304072403
:100AA000B3D4970263E79900B38499402320990057
:100AB000C9BD83274A00BE99C5BF23A03501D1B562
:100AC0009747FE1F9387C74EDC43BE94F1B5974707
:100AD000FE1F9387E74DDC43998F3E95D1BDA1451D
:100AE0002285EFE07FEFA305A4029747FE1F9387BF
:100AF000E7479C5B81EF7D55F2406244D244424916
:100B0000B249224A924A024B0561828089451545C5
:100B10008297D5B7B3049740AA941DBF83A74A0014
:100B2000BE9435BF25C101116C0022CC06CE2A84AB
:100B3000EFF0BFD629C5FD576308F5029746FE1FA3
:100B40009386C642D45232479747FE1F83C79743C6
:100B500091C28583636EF700B307F7403EC6B24586
:100B600003459402EF409E97F24062440561828003
:100B70009746FE1F9386C643D4423697F1BFEFF0E7
:100B80004FA6DDB78280411122C406C62A8483277E
:100B90008411DDEF83270412F1EF0325041109C549
:100BA0009710FE1FE780E040034574029307F00FA3
:100BB0006304F500EF40BEBF034564029307F00FE6
:100BC0006304F500EF40BEBE034584029307F00FB7
:100BD0006304F500EF40BEBD034594029307F00F98
:100BE0006307F500EF40BEBCFD57A304F4020355B4
:100BF000840065249747FE1F83D7C76FB1E79747E7
:100C0000FE1F23AB07769747FE1F9387673ADC43A7
:100C10001747FE1F232EF76C9747FE1F9387073554
:100C20009C479DC39747FE1F9387C72E885309CDC6
:100C30009710FE1FE780E0379747FE1F23AC072E73
:100C40009747FE1F23AA072EB2402244410182800B
:100C5000C84309C59710FE1FE780A035832784117C
:100C600003D7A700136707F02395E7009C43232CC5
:100C7000F41031BFC84309C59710FE1FE7806033E9
:100C80008327041203D7A700136707F02395E70013
:100C90009C432320F412FDBD9747FE1F9387875A7C
:100CA00083A7870999E33E85828003D78700E30CF9
:100CB000A7FE9C43C5BF9747FE1F9387A75883A7EE
:100CC000870A1747FE1F0347572B416605078146D2
:100CD0007D1683D5A7006389A5006387C5008506B7
:100CE000C107E3E8E6FE81473E8582809747FE1F05
:100CF0009387475583A7870AC9EF411122C4174438
:100D0000FE1F035404571304140215844AC016042A
:100D10001749FE1F034979260509420426C241806E
:100D20009314490033059400420541819305402402
:100D300006C69710FE1FE780A01A05C59747FE1F3D
:100D400023A6A75A9746FE1F83C63623330795006E
:100D5000B306D9408147130640F5930520F563E8B3
:100D60002701B2402244924402494101828063FD3E
:100D7000D70058C12315B50022978507C207A304E1
:100D80000500C1834105E1BF2315C50023220500ED
:100D9000EDB782804111930530261305001D06C66C
:100DA00022C426C29710FE1FE78080131306001D81
:100DB00081452A849700FE1FE7800038014515C849
:100DC0009744FE1F9384044883A6840995CA3687F6
:100DD000854703568700630EF60618437DFB2314F0
:100DE000F400A9EB22859710FE1FE780801C0355B5
:100DF0008400B24022449244410182803687D1BFB0
:100E000085472314F4001747FE1F2329874C1747F3
:100E1000FE1F2327874C1747FE1F231DF74CEFF0BB
:100E2000FFEC83A7C40923A00700230504002307C0
:100E3000040075BF83A7C40980C39747FE1F23A181
:100E4000874A83D7040B85071747FE1F2314F74AE9
:100E5000C9BF138717009317070113160701C18332
:100E6000E35E06F88147A5BF9747FE1F9387873D3E
:100E700003A5870A11CD411106C69710FE1FE78012
:100E80004013B2409747FE1F23A2074641018280CC
:100E90009747FE1F23AC07448280411122C41744A8
:100EA000FE1F1304243A8326840906C60147B68729
:100EB000A5C703D687006317A60615EF9842974685
:100EC000FE1F23ADE6403E859710FE1FE780600EB3
:100ED0008327C40923A007009747FE1F83D78741B4
:100EE0009DE7EFF07FF89747FE1F23A9073EB2402A
:100EF0002244410182808326C4096397F600974605
:100F0000FE1F23AFE63CC1B7944314C36DBFFD176A
:100F10001747FE1F2310F73E9747FE1F83D7873DD5
:100F2000F9F7C1B73E879C4361B7714681451745C4
:100F3000FE1F1305A53A1703FE1F6700E31F832753
:100F4000C50803568508797193D60701BD8EC20680
:100F5000C182358E1357764093575640898B058B47
:100F60005D8F93573640918B5D8F93571640A18BC1
:100F70005D8F93171600C18B5D8F9317360093F723
:100F800007025D8F931756009355860093F7070469
:100F90001E065D8F1376F60F518F93D7554013D6EB
:100FA0003540118A898BD18F13D67540D18F13D6D6
:100FB0001540218AD18F13961500418AD18F13963F
:100FC000350013760602D18F13965500137606046A
:100FD0009E05D18F93F5F50FCD8FA20745465D8F06
:100FE0003307C70222D42A8426D252CC56CA032AF7
:100FF000040A832A440A5AC806D636974207418310
:1010000093577740135557400989858BC98F1355DE
:1010100037401189C98F135517402189C98F13157E
:1010200017004189C98F1315370013750502C98F41
:101030001315570093558700137505041E07C98FB4
:101040001377F70FD98F13D5354013D75540118932
:10105000098B498F13D57540498F13D515402189C8
:10106000498F139515004189498F139535001375E4
:101070000502498F13955500137505049E05498F88
:1010800093F5F50F4D8F2207D98FB387C7024AD04A
:101090004ECE5EC662C4B697C207C18313D77740EF
:1010A00013D557400989058B498F13D537401189CE
:1010B000498F13D517402189498F1395170041890E
:1010C000498F1395370013750502498F1395570003
:1010D00093D58700137505049E07498F93F7F70F83
:1010E000D98F13D5354013D755401189098B498FB6
:1010F00013D57540498F13D515402189498F139514
:1011000015004189498F1395350013750502498FE4
:1011100013955500137505049E05498F93F5F50F3A
:101120004D8F2207D98FB387C7021306500252850D
:10113000D685B697BD8E93940601C18033F6C4025E
:10114000137BF60FEF20104005891DE98347140833
:1011500001498149B3849702130C5002C1804A8629
:101160005285D685EF20103E0589937BF90F11C576
:1011700063863403850993F9F90F0509E31189FFA3
:10118000230F6407B250225492540259F249624A22
:10119000D24A424BB24B224C456182805E8BCDB726
:1011A000834715000347250083464500A2074207F1
:1011B000BA9703470500FD8A0548BA9703473500EB
:1011C0009305000201456207BA9701473316E8000C
:1011D0007D8E01C605051375F50F0507E318B7FEEB
:1011E0008147214633D7F640058B01C705051375A6
:1011F000F50F8507E398C7FE8280011152C656C4D9
:10120000032A8513832AC51322CC26CA4AC806CED0
:101210002A84A30B0512A306051281441309500268
:1012200026865285D685EF20F031058911C5834782
:10123000D4128507A306F4128504E39324FFF24039
:101240006244D2444249324AA24A05618280174729
:10125000FE1F034757EF9547630BF7009747FE1FA5
:10126000938707EE83C777000D47631FF700974703
:10127000FE1F83C777ED639107129307701017471E
:10128000FE1F2313F7EC828041119747FE1F9387BF
:1012900067FB0D4522C426C203A4070906C64AC03F
:1012A000EF407FA09747FE1F9387C7E8944337C757
:1012B000898E130767ED98C63757550013075755A2
:1012C000D8C20347A4039306F00FBE846307D70078
:1012D000FD57A30CE402230DF40203459403894750
:1012E0006306F5008547A30CF40201451749FE1F6C
:1012F0001309C9E6032709000146930550025C4320
:1013000093E717005CC3930720FB2303F4009D477A
:101310001747FE1FA309F7E29747FE1F238207E244
:101320009747FE1F238007E2EF406FEE0326090078
:101330009747FE1FA38807E09747FE1FA38207E099
:1013400085471CC29C40B705330098431377F7E7E5
:1013500098C398431377F7E71367071098C31747A5
:10136000FE1F1307E7E418431447CD8E14C79306F6
:10137000900D34CA5457F59A54D7034754009376C6
:10138000F7079843137707F8558F98C3B240224464
:1013900092440249410182808280411126C29744D1
:1013A000FE1F938424B722C42A8403C53400C14598
:1013B00006C6EF40CEBA03C5340093050002EF40E5
:1013C0000EBA9747FE1FA38007D8230204002313F9
:1013D0000400B24022449244410182804111974767
:1013E000FE1F938727E622C406C61747FE1F034742
:1013F000B7D503A407099747FE1F938767D401CF8A
:101400009746FE1F83C646D40D476396E6001747EE
:10141000FE1FA30B07D203C77700A1466387E60030
:1014200003C777009946639DE60083C77700174797
:10143000FE1F230BF7D085471747FE1FA306F7D0E3
:10144000EF400FFE2285EFF05FF5130630029305A3
:1014500000080145EF100007034504049307F00F4F
:101460006307F500EF40AEB4FD572300F404B2402B
:101470002244410182805D71CAC01749FE1F1309D1
:10148000E9CD83260900A2C452DC56DA86C6A6C27C
:101490004EDE5AD85ED662D466D26AD06ECE93073C
:1014A000000A174AFE1F130AEAC8FCD283270A0063
:1014B000974AFE1F938ACACFB7053300D8572A84AC
:1014C000719B13671700D8D798431377F7E798C332
:1014D00098431377F7E71367071098C303A70A0029
:1014E00010474D8E10C71306A00DB0CA5057759AFD
:1014F00050D70347E5071376F7079843137707F8A4
:10150000518F98C3D842370600827D16799BD8C286
:10151000034785061377F70393169701D857718F02
:10152000558FD8D737170040930770052300F7046D
:10153000930780FA2300F70483068506B54763DA2C
:10154000D72E8357270293E707012311F70283273A
:101550000A000327C40893053002054598C70327EE
:101560000409D8C39747FE1FA38D07BCEF40CEFEEA
:1015700064449D472308F400230FA4062380F4004D
:101580008547A38104002381F4007C4893F707205A
:101590009DCB9147A381F4008347E40A8346D40A94
:1015A00078449A07D58F2302F70083C72400814629
:1015B00085072381F4000346040B8345D40A0345C1
:1015C000E40AEF404FD67C4893F70740B1C303C706
:1015D00034007C4483C6240013678700A381E400A1
:1015E0000357A408B697A381E70083C72400784473
:1015F0008346F4073E978357A4089206A183BD8BC8
:10160000D58F2302F70083C7240089072381F400C4
:1016100003C62400035744089307D00F918F9749BE
:10162000FE1F938929C263D2E72203470408894732
:101630006309F7208546930780426305D7008567D5
:101640009387878479479387771BB3C7E70283C65D
:10165000890793E606019745FE1F2381D5C6832699
:10166000090085658CC63387E7020607B8D283C6B2
:10167000340093E60601A381D40078448346E4074E
:101680003297A301D70083C62400784436972302FB
:10169000F70003C724007444A187BA9603470408DF
:1016A0001607D98FA382F60083C724008D072381F4
:1016B000F4008347040693F7070485C703C7340083
:1016C0007C4483C6240013670704A381E400034716
:1016D0005401B697A381E70083C7240085072381BF
:1016E000F4008347C4070547C11793F7F70F6366F4
:1016F000F70603CB240015469745FE1F9385E5C4E6
:1017000093073B00032BC4043E9BA1472300FB002F
:1017100093078002A300FB0013052B009700FE1F18
:10172000E780009E0347C407C1476319F712835738
:101730008408A1072311F408C547230EF406834744
:101740002408A303FB0083572408A1832304FB0080
:1017500083C72400A5072381F40003564408014BE6
:1017600031C203C7240068448325840A93073700E5
:101770003E9583C73400C18B638C070E795B330BB6
:10178000EB40137BFB0F5A869700FE1FE7804097C4
:101790008327840ADA973CDC83574408B387674180
:1017A0002319F40603C72400814517D5FFFF13054D
:1017B00025E59377F70385073E9B137BFB0FA30873
:1017C00064012381E4007C44856B9164A3806701FC
:1017D000930770F97844A305F40083270900B70C38
:1017E0003300130DA00DB8DBEF400E970346140134
:1017F0008345040801451D4B9700FE1FE780201C10
:1018000093840429EF40CFC1938D8B8483C78907CC
:10181000C18BB5E7B640264496440649F259625A50
:10182000D25A425BB25B225C925C025DF24D616116
:10183000828083572702C207C183BD9BC207C18331
:1018400029B3916793870729F5BB83C7890793F766
:10185000F70E1747FE1F2303F7A6A1BD0357840801
:1018600083572408998F0947E34BF7ECC947F1B533
:101870009700FE1FE780C088034B440825B783C745
:10188000890793F70702E5DF83C789070326090065
:1018900093F7F70C1747FE1F2302F7A29307000ADE
:1018A0007CD283270A00D857719B13671700D8D7BB
:1018B00098431377F7E798C398431377F7E71367CD
:1018C000071098C303A70A001447B3E6960114C78C
:1018D0002328A6055457F59A54D70347E40793766F
:1018E000F7079843137707F8558F98C3032CC40460
:1018F00023086401054723006C01A3010C002301A8
:10190000EC0078481377074005CF2147A301EC008E
:1019100078448356A4082302D70003472C0074445C
:101920000346F407BA960357A408120621833D8B99
:10193000518F2382E60003472C0009072301EC00A6
:1019400083452C00835624071307E00F0D8F635542
:10195000D70883460408094626876388C6000546DB
:10196000130780426383C6006E87F9461307771B0F
:101970003347D70203C68907136606019747FE1F40
:10198000238EC7920326090023247601B306D702CB
:10199000860634D203463C0013660601A301CC0040
:1019A00074440346E407AE96A381C60003462C00A8
:1019B0007444B2962382E60083462C00704421874B
:1019C0003696834604089606558FA302E600034721
:1019D0002C000D072301EC0003562407014721C208
:1019E00003482C0083463C00684413073800C18A32
:1019F0003A952C5CB5C67957330707411377F70F33
:101A00003A863AC697F0FD1FE780806F345C324714
:101A1000BA9634DC83562407998E2319D4060346DC
:101A20002C0001459376F603850636971377F70F5A
:101A3000A308E4002301CC007C44A380E700034614
:101A4000140183450408930770F9A305F400973740
:101A5000FE1FA388076E9700FE1FE78040F67DB348
:101A600097F0FD1FE780C069034724072319040688
:101A70007DB78347C50763800724411122C406C68A
:101A800026C24AC049472A84639CE70203572508B7
:101A9000835785086316F7029304050A1546974590
:101AA000FE1F9385858A268597F0FD1FE780406598
:101AB0002685EFF0EFEE9147A300A408230EF4066D
:101AC0002285EFF0CFC70945EF40EF9D0347C407DC
:101AD0008D476316F70A9147230EF4067C481737A3
:101AE000FE1F1307277693E787007CC88347970775
:101AF000898BEDDF8347970793F7C70F1737FE1FD3
:101B0000A30EF77A9737FE1F938787459C438297EA
:101B1000035764089737FE1F83D7074A232AA40870
:101B20003307F70293070032130707193357F702F9
:101B30009737FE1F9387C747DC43B306E500368619
:101B400063E4A60063E4F6003386F640232CC40861
:101B50009736FE1F83C616436360D602158E930622
:101B6000D407A285170500001305E5F0EF304EF607
:101B70002285EFF05F9041A0958F3E96CDB7173943
:101B8000FE1F1309E93D832709008297AA84832752
:101B900009008297E38DA4FE83270900832484092A
:101BA000829763E5A4063385A4409737FE1F83C759
:101BB000773D9734FE1F83D4244063E3A70031EDC3
:101BC00083576408130700321736FE1F1306463E7C
:101BD000B3879702504293870719B3D7E7020327C9
:101BE00084093E97BA866364F7006364C700B3064E
:101BF000C740232CD40883578408B24092448507F9
:101C00002314F40822440249410182809737FE1FC1
:101C10009387073ADC43BE9479B79737FE1F83C793
:101C2000F76993E717001737FE1FA309F7683747CF
:101C30000F0013070724B335E5029737FE1F93877C
:101C4000E75103A90700A16726862324F9008146EE
:101C50003305E502EF20801406052326A906173771
:101C6000FE1F1307275E83479707898BEDDF8347A6
:101C700097071736FE1F1306A633504293F7C70F78
:101C80001737FE1FA30CF76283576408130700324F
:101C9000B387970293870719B3D7E702032784090D
:101CA0003E97BA866364F7006364C700B306C74013
:101CB000232CD40875BD8280970700009387A7DB8B
:101CC0001737FE1F232AF75E82800145828041116B
:101CD00006C6EFE07FFCB240133515000605410152
:101CE00082806FF0DFFE411106C6EFE0FFFA0DC102
:101CF0000357C5058356A505035665078355450754
:101D000003558500EF702FEF0145B24041018280FD
:101D10000945E5BF011106CE22CCEFE0FFF759C11E
:101D20000346B50005472A849737FE1F93878751DE
:101D30006316E604B853094515CF034604038346EA
:101D400057048358E4030358C4038357A4038355FB
:101D500084000345B4021307670432C00546EF70E0
:101D6000EFE78347F400A3050402014593E717005A
:101D7000A307F400F24062440561828003A70709CB
:101D800009456DDB834657078358E4030358C403B2
:101D90008357A403835584000345B40213076707E0
:101DA00002C075BF0945F9B7011122CC06CE2A84BD
:101DB000EFE09FEE2DCD8347B5020347A515231312
:101DC0008100A302F10083479515A304E1002304D9
:101DD000F100A9E38347D5150307F5152306F100A4
:101DE000830735142305F100631DF7008947A30518
:101DF000F1004800EF70EFE30145F24062440561F5
:101E000082800307E5156314F7008547CDB7A30566
:101E10000100C5B7834705162305F1008347B515B3
:101E2000A305F100834755162306F100D9B70945EC
:101E3000E9B7011122CC06CE2A84EFE0FFE529CDD7
:101E400083070516A3048100218023058100130761
:101E5000F007638FE70203474503998FA305F1005D
:101E60008347A51613F7070101C72306010039A010
:101E700093F7070281CF85472306F1002800EF7012
:101E80002FDB0145F2406244056182808947EDB74E
:101E9000FD57A305F100D1BF0945EDB7411106C6B5
:101EA000EFE09FDF19C98345051403558500EF70E6
:101EB000EFD70145B240410182800945E5BF9375E6
:101EC000F50F01112E8506CE22CC2EC6EFC04FB8DD
:101ED0000DC12A8483460507B245034575010546B1
:101EE000EF704FD40145A30B0400F240624405613A
:101EF00082800945DDBF411106C6EF706FD2B24046
:101F000001454101828041119737FE1F9387873336
:101F100022C4E05F06C6094511C80355A40BEF7043
:101F2000EFCF9307F00F231DF40A0145B24022447E
:101F3000410182809737FE1F9387C730FC5F99CBA2
:101F400041111385870B06C6EF700FCDB2400145D6
:101F50004101828009458280411106C622C4EFE01A
:101F6000BFD30DC983467514034665142A8483556F
:101F700085000345B5028506050693F6F60F137630
:101F8000F60FEF702FC90145A3050402B2402244A9
:101F9000410182800945DDBF397106DE22DC26DA87
:101FA0004AD8EFE07FCF630A05168346B5000547A0
:101FB0002A849737FE1F9387E7286391E60CA45382
:101FC0000945D9C483C744041946898BC1CB8C58B1
:101FD00083C7A500C1C7B105280897F0FD1FE7809A
:101FE000201283C75404138964041946898BB5CF22
:101FF000CA85081097F0FD1FE78080108C5819469D
:102000009105281097F0FD1FE780800F8347040398
:102010008358A40383C654040346B4008355840044
:102020000345B4023EC48357E40313080102381089
:102030003EC28357C4033EC03C08EF704FBC834789
:10204000F400A3050402014593E71700A307F40079
:10205000F2506254D254425921618280814528084D
:1020600097F0FD1FE780400DADBF8145081097F048
:10207000FD1FE780600C1946CA8561B783A4070974
:102080000945F9D483C744061946898BB5C393859E
:102090006406280897F0FD1FE780800683C7440781
:1020A000138964071946898BB9CBCA85081097F044
:1020B000FD1FE780E00483A5440819462810910518
:1020C00097F0FD1FE780C00383A7440883C737004C
:1020D00093E72700A38AF4068358A40383C6540712
:1020E0000346B400835584000345B40202C425BFEF
:1020F0008145280897F0FD1FE780000445B70810C8
:10210000814597F0FD1FE78020031946CA852810F6
:1021100097F0FD1FE780C0FEC1B7094515BF41110B
:1021200006C6EFE07FB70DC10357651C8356451CFB
:102130000356A51C8355851C03558500EF70EFAB36
:102140000145B240410182800945E5BF411106C603
:1021500022C4EFE07FB40DC92A840357C505835616
:10216000A505035665078355450703558500EF70A0
:102170004FA883471401014593E74700A308F400E3
:10218000B2402244410182800945DDBF411106C6AB
:10219000EFE09FB00DC1834785190346751993057C
:1021A000F51803558500A2075D8EEF704FA4014519
:1021B000B240410182800945E5BF411106C622C4F3
:1021C000EFE09FAD0DC12A841306051083558500ED
:1021D0000345B502EF706FA10145A3050402B240AB
:1021E0002244410182800945DDBF411106C622C457
:1021F000EFE09FAA0DC52A840357C5058356A505A0
:1022000003568505835585000345B502EF70AF9DE4
:102210000145A3050402B2402244410182800945E0
:10222000DDBF01111375F50F06CEEFC06F8239C9FE
:102230009737FE1F9387070183A7070E93F70720A1
:102240009DC302C402C202C08148014881470147C0
:102250008146054681451305C003EF704F9A01453D
:10226000F240056182808346D5031307E50302C06F
:10227000814801488147054681451305C003EF7039
:10228000EF95F1BF0945E9BF9737FE1F938787FB9D
:1022900003A70709094529CB83A7070E011106CE1D
:1022A00093F707208DC302C402C202C081480148CF
:1022B00081470147814601468145EF704F94F240C6
:1022C000014505618280835807020358A70183579F
:1022D000070583465707014602C013076707814574
:1022E0000945EF70AF8FE1BF8280014582800145D3
:1022F00082800145828001458280014582800145BE
:1023000082800145828001458280014582800145AD
:10231000828001458280014582800145828001459D
:1023200082800145828001458280411106C622C417
:1023300003470500930700086315F70203471500DC
:1023400093065002854763E4E6069757000093879B
:10235000E79F0A073E971C43035525008297814754
:10236000B9A09306100885476313D70403471500E7
:10237000CD466308D70E63E3E602A146630DD70896
:10238000B146630DD70A95466313D702035525005E
:10239000EFE09F902A8415E9894711A8930600036E
:1023A000630FD70E63EAE600E946630FD70CB2402D
:1023B00022443E854101828093077005630FF70E2A
:1023C000930717F0B337F000DDB78327851195C762
:1023D000035645040506420641829C431307160036
:1023E000420741839DE72312C40401CA8355840038
:1023F0000545EF609FFD231204040345B402034624
:10240000440583558400EF601FFB2285EFE0AFF7A2
:10241000B9B73A86D9B703552500EFE0FF872A847C
:1024200025DD0346C504835585000345B5023336D3
:10243000C000EF609FF8A305040215B703552500FF
:10244000EFE09F852A8429D9035725058356050582
:102450000346F504835585000345B502EF603FF65A
:10246000D9BF03552500EFE03F832A8415D50356D5
:10247000450401CA835585000545EF601FF5231209
:102480000404A3080402E1BD03552500EFE0DF804A
:10249000E30405F00345B502EF607FF3C9B50355CA
:1024A0002500EFE06FFF2A84E30805EE83558500E1
:1024B0000345B502EF60FFF1BDBF03552500EF6096
:1024C0009FF171BD011122CC2A84114506CE2EC682
:1024D00032C4EF203EB61DC1B2452246231185000D
:1024E0002300B500A300C5006244F240AA85173559
:1024F000FE1F034555A205616F203EBFF2406244B6
:10250000114505618280411106C622C4EFE0CFF873
:1025100041C183270512230D05002A84A5C3034763
:10252000F500058B19EB035584000146930500085F
:10253000EFF05FF939C5014581A8D44303C6C70050
:1025400083C58700035585008906EF60FFE805E530
:102550008327041203D7A700A3840700136707F09B
:102560002395E7009C432320F4128357240481C75A
:10257000FD172311F40483270412D5F72311040453
:102580005DBF8547230DF400B240224441018280A3
:102590000945DDBF9737FE1F9387C7CA83A7870CFE
:1025A00091E382806384A700DC5FDDBF411122C418
:1025B00006C68347A5002A8491C79305C50069050F
:1025C000EF10A05B8347240191CB930544011305D1
:1025D000A4022244B24041016F10205AB24022446A
:1025E00041018280AA862E86AA8517050000130560
:1025F000C5006F30CE879737FE1F9387A7C403A708
:10260000870C411126C206C622C4BE8411E7B2401F
:1026100022449244410182806304A700585FFDB7C1
:102620008347A5002A8491C79305C5006905EF106B
:10263000C0548347240199C7930544011305A4029C
:10264000EF10A05322852244CC58B240924441015D
:102650006FF05FF901114AC81739FE1F130989BECF
:1026600022CC0324890C26CA4EC652C456C206CEBA
:10267000AA84014A93094500854A631D040E930507
:102680002025130500049700FE1FE78060852A843B
:102690001D4561C883C7340019469385440013055E
:1026A0004400A301F40097F0FD1FE78060A5938A22
:1026B000A40141468145568597F0FD1FE780E0B1B2
:1026C00079ED9309A401D68541464E8597F0FD1F0B
:1026D000E780E0AE85472305F40083473400930587
:1026E000C4004E8593E72700A305F400EF10E048EF
:1026F0009384A40241468145268597F0FD1FE7801B
:10270000C0AD4DE19307A402A6853E854146BE8437
:1027100097F0FD1FE780A0AA85472309F4008347AF
:10272000340093054401268593E72700A309F400AC
:10273000EF10A044A3000400832549032285EFF095
:102740007FEA63140A069737FE1F23A187BC232E56
:1027500004028347490C014585071737FE1F2305EF
:10276000F7BAF2406244D2444249B249224A924AFC
:10277000056182800347340083C734006305F70096
:10278000228A405CDDBD4146CE851305440097F0AA
:10279000FD1FE780E09FE31555FF4945D9B72305A5
:1027A0000400B9B72309040071B7232E8A0245B784
:1027B00041119737FE1F9387E7A822C403A4870C13
:1027C00026C206C64AC0FD5419ECB24022449737CF
:1027D000FE1F23AD07B29737FE1F238707B292442F
:1027E00002494101828003450400EF205EFC032979
:1027F000C40323009400228597F0FD1FE780607BCF
:102800004A84D9B79737FE1F9387C7A32382070C43
:1028100023A4070C6F102040411126C206C622C413
:10282000EFE04FD7AA843DC5EFE00FC72A84630AC3
:102830000512930710112315F500930700FB2307DA
:10284000F50085472308F5009727FE1F83D70773F8
:10285000A5073E85C207C183130740106374F700C4
:102860001305401013170501418393070004637497
:10287000F70013050004420593053025418197F0C8
:10288000FD1FE780E0652328A41019E903558400A3
:10289000EFE0AFE0B24022442685924441018280BD
:1028A0009737FE1F9387C7899C4F228523130414F3
:1028B000232AF4109737FE1F9387C79803A6870D26
:1028C00083A6C70D03D7A70383C7A704232CC40E71
:1028D000232ED40EA307F414FD572310F40423135E
:1028E000F4022314F4028347E4022324C4102326B1
:1028F000D41093E707FC2307F4028567938787BB0F
:102900002315F4042312E414EFC05F9F1725FE1F64
:10291000034505672301A414EF20BFECD147A306AC
:10292000F41693078002A305F4169307006F231F84
:10293000F4149307F0072300F416F5779387A7EBB9
:102940002311F416A301A4142303A416A303A416AD
:102950002304A416A304A4169737FE1F2398078EFA
:1029600015BF854405BF411122C42A848345040351
:102970001735FE1F0345358DA307A40206C626C2E0
:10298000EF302EB58357A4031728FE1F0358C862E3
:10299000930600323307F8029724FE1F83C4845E37
:1029A000232AA4083356D7023377D7029306204E42
:1029B0002326C40837460F0013060624B387D70220
:1029C000B3D7A7023307D702BE94835784039384F7
:1029D000C417C2048507C180231294083347070334
:1029E000B387D7022310E4028146858FB3B507036E
:1029F00033850703EF10803A832784089726FE1F4C
:102A00009386065BD442AA9733B5A7002E9501E5BD
:102A10003E8763E4D7003387D74083477403232876
:102A2000E4081307204EB387E70286042285BE948C
:102A300023119408EFC02FD32285EFC01F86835542
:102A4000E40322859205F915C205C181EFC0EFCDDF
:102A50002285EFE08FFA9737FE1F23A787889737E5
:102A6000FE1F9387E7909C43898B85C39724FE1FA5
:102A70009384C44F9C5891CB832584093545829714
:102A80009C588325C4093945829722852244B24047
:102A900092449727FE1F239E077A9727FE1F23AB9A
:102AA000077A41016FC09FD90357050889468357AC
:102AB000450863F3E6000947B397E7002313F508D9
:102AC0006F300EB0011122CC26CA4AC806CE4EC6BF
:102AD00052C4834765032A841729FE1F1309096816
:102AE0008507230BF502834735019724FE1F938446
:102AF0006464639C075A8347C50013070004A30955
:102B0000E50003471501BD9B93E737002306F50059
:102B100093178701A30D0500E18763D90700137799
:102B2000F707A308E500EF20CFF439A88327850A2B
:102B300093F62700BDC6F59B2324F50A83270510CD
:102B4000918BA9CFEF009F910347B4018547631094
:102B5000F706832784110347C400DC432380E70082
:102B60008327841103475401DC43A380E700032734
:102B70008411832709005843B8DB9C40B7068000C6
:102B80009843558F98C3D857719BD8D7F240624469
:102B9000D2444249B249224A05618280EF00BF898E
:102BA00065B793F617008DC6F99B2324F50A832792
:102BB00004110347C4002380E7008327041103475F
:102BC0005401A380E70083270900032704116DB790
:102BD00083490501054A6398491DF9C713F70701A1
:102BE00019C7BD9B2324F50AEF00DFC6B1BF13F759
:102BF000070201CB93F7F7FD2324F50AEF005FDA14
:102C0000A1B713F7070401CB93F7F7FB2324F50AC9
:102C1000EF005F8A15BF13F7070809CB93F7F7F7A3
:102C20002324F50A2285EF109FDB39BF13F7072015
:102C300009CB93F7F7DF2324F50A2285EF00DF9114
:102C400021B713F7074001CB93F7F7BF2324F50A09
:102C5000EF009FF1D5BD13974701635C07007D77B7
:102C60001307F77FF98F2324F50A2285EF003F9F92
:102C7000E1BD13973701635A07007D777D17F98F00
:102C80002324F50AEF009FA0C1B513972701635ACB
:102C9000070079777D17F98F2324F50AEF007FAFBE
:102CA00065B52324050A21B78327450A638E071AD1
:102CB00093F6070481CA93F7F7FB2322F50AEF0086
:102CC0002FEF59B593F6071081CA93F7F7EF232238
:102CD000F50AEF003FBD8DBD93F6072099CA4D8BD5
:102CE000631F070E93F7F7DF2322F50AEF009FC05B
:102CF000A1BD93F6074081CA93F7F7BF2322F50AD7
:102D0000EF006FF891B59396470163DB06007D777E
:102D10001307F77FF98F2322F50AEF103FBF2DB578
:102D20009396370163DC06004D8B55EB7D777D175D
:102D3000F98F2322F50AEF008FF939B513971701A0
:102D4000635A070071777D17F98F2322F50AEF0088
:102D5000DF89DDBB1397E700635A070001777D1712
:102D6000F98F2322F50AEF00DF8CF9BB1397B70028
:102D7000635B07003707F0FF7D17F98F2322F50A01
:102D8000EF001F99D1B313978700635B07003707E4
:102D900080FF7D17F98F2322F50AEF007FCA6DB3FC
:102DA0002322050A29B5638C09029306600463EFA8
:102DB00036071307500463F9E9141307A002638A66
:102DC000E91C63673703930710026380F91A63EA0B
:102DD0003701ED476387F914F547638AF9142285B3
:102DE00099B393075002638FF91C93077002F5B7EC
:102DF000130760036389E914636B37019307E002EB
:102E00006384F91E93071003E380F9DEC9BF13073B
:102E10000004638CE908930710046387F90A930799
:102E20008003E39EF9FAEF20CFC419AA9307A00507
:102E30006387F91E63E13705930750056385F9023F
:102E400063EB37019307B0046388F91C93071005FF
:102E5000E38AF9DC69B793076005E380F9DE93073D
:102E60008005E39EF9F6228597F0FD1FE780E022BA
:102E7000E30C05CCADB79307B00663ED37019307BC
:102E8000A00663FBF92093076006E39AF9F4EF00CC
:102E9000BFCD99A093076007E389F9DC9307600829
:102EA000E39FF9F2EF00FF8E05A813974701E3585F
:102EB00007F27D771307F77FF98F2324F50AEF00D8
:102EC0000FFA2308340149B18347B5028DC705477E
:102ED0006398E700EF00DFAC85472308F400ADB14D
:102EE00083270510918BD5C3BD472306F4022285A5
:102EF000EF00CFD6D5B7EF20CFB78327040A93E7EB
:102F000027002320F40AC9BFEF20AFB68327040AA5
:102F1000230844012311040693E747002320F40A01
:102F200025B1EF000FBDD947230AF40431B922853A
:102F3000EF202FB48327040A93E717002320F40A15
:102F40002308040011B197F0FD1FE7800015E30D81
:102F500005BE8547A306F4042285EF004FC38347CF
:102F6000C404F99B2306F404C5B683278510858B1A
:102F700081C7EF00BF88C9BEE947A305F5028327D3
:102F80000510918B99C38D478DB72285EF00AFCA8D
:102F9000A1B7EF002FB98347D40491CB41469305E5
:102FA000C40A1305C40C97E0FD1FE7806015834732
:102FB000C4042326040E2328040E93E717002306D7
:102FC000F40459B683270510918B81CF8D472306D2
:102FD000F502EF00AFC883471401DD9BA308F4009E
:102FE000E5BDEF004FC5C5BF8347C5042322050ECD
:102FF0002324050E93E727002306F504EF00AFB462
:1030000083471401A3050402DD9BA308F400832772
:10301000040A93E70701F5B5EF00CFC975BD8347F3
:10302000A51499CB83466514331ADA006306FA00B7
:1030300013670701A308E5000347B41411CF8346C3
:1030400074148547B397D7006388E700834714015A
:1030500093E70701A308F4008347E40199CF83476E
:103060001401C18B99EB8327040A93E707202320DF
:10307000F40A2285EF20EF9F85B583071416F5DB50
:1030800083274410898BF5D78327440A370710001C
:10309000D98F2322F40AF1BFEF20AF9D8327040AC2
:1030A000056713070780D98FA9BD9727FE1F83D710
:1030B000671A85071727FE1F231EF71871B4834769
:1030C0004517858B638207108347651393D63700B6
:1030D000AA9683C5061313F7770033D6E540058A11
:1030E00069CE397122DC06DE26DA4AD84ED652D4B1
:1030F00056D25AD05ECE62CC66CA2A8403454503B6
:103100007D57FD47591562052C0061853AC43EC6BE
:1031100097F0FD1FE780209B032684132247832618
:10312000C413B247718FF58F6314E6006387F60608
:103130002800EFE0EF86894763F1A706294681451D
:103140001305D41797E0FD1FE78000FF224AB24A1B
:1031500081490D4C854C930B500293948901E18475
:103160004E865285D68513DB2440EF00B03D8D8816
:10317000229B058986040309DB170DCDB3949C00BF
:10318000B3649900A30E9B168509E39879FD8347E4
:10319000441793E78700230AF416F2506254D2547E
:1031A0004259B259225A925A025BF24B624CD24CAB
:1031B00021618280B3149C00E1B78547B397E70093
:1031C000CD8F2388F6128280828079714ECE972926
:1031D000FE1F9389290722D403A4090A52CC56CA98
:1031E0005AC8797AA16A370B008226D24AD006D60D
:1031F0005EC662C466C21729FE1F130969F49724CC
:10320000FE1F9384A4F57D1AFD1A7D1B8347E400FD
:103210001307000D639EE7209C4098430D8B05C368
:10322000B84B619BB8CB98431367870098C39C4306
:103230008D83858B89C7010001000100010097F093
:10324000FD1FE780E0128347C404858B89C7A285F0
:103250000545EF20AFC483472414972BFE1F938BA3
:103260006BED83A60B0093F7F70313979701DC56DA
:10327000B3F76701D98FDCD6371700409307700585
:103280002300F704930780FA2300F70483462414ED
:10329000B54763F8D7108357270293E70701231137
:1032A000F70283A70B000327840998C70327C409E3
:1032B000D8C398405C4393E717005CC38355441C14
:1032C00095470356641C9105034574141727FE1F88
:1032D000A30BF7E6C205930710FD2307F400C18195
:1032E000930700FC1727FE1F230CF7E4EF202FF2B3
:1032F0000346741485468357240803576408631AE9
:10330000D60A060793875703BA979840544733F66F
:10331000460150C70100010098400966860710C7A2
:10332000130600F89725FE1F238EC5E07CD354C7F3
:103330009727FE1FA38807E090409727FE1FA381D1
:1033400007E085471CC28346C4041727FE1F1307E6
:1033500027E683A70B00858A1843CDCA9443B70597
:10336000330093F6F6E794C3944393F6F6E793E6B7
:10337000061094C31447CD8E14C79306900F34CA19
:103380005457F59A54D7034764139376F707984335
:10339000137707F8558F98C397E0FD1FE7802054F7
:1033A000B5B583572702C207C183BD9BC207C1833E
:1033B000FDB58945060794406318B602D046B3753B
:1033C0004601CCC601000100944089659387971897
:1033D0008CC6930500F81725FE1F2305B5D6BA97AE
:1033E0008607FCD2D0C6A9B7D046B3754601CCC675
:1033F0000100010094408965938797048CC693056A
:1034000000F81725FE1F230FB5D2D1BF9443B7058F
:10341000330093F6F6E794C3944393F6F6E793E606
:10342000061094C31447CD8E14C79306900D81BF28
:103430001307100D639DE75883470900858B63824E
:10344000074C83470900E207E18763D6070A8347F1
:10345000F40093F7070285C78357A4031307204E90
:10346000B387E70203274409B3D7E7021727FE1FF4
:10347000034747B113070705BA972312F4089727A4
:10348000FE1F938727CB9C439726FE1F938646B249
:1034900083AC46009843032C0901894631830D8B88
:1034A000832BC408835744081725FE1F0355C5B056
:1034B000631FD71493879718B3A5A70237460F0049
:1034C0001306062481463305F502EF00300D3385DF
:1034D000AB40B30785013E8763E4A70063E497012F
:1034E00033879741835764082328E408231004088E
:1034F00085832313F4088345C404032544119306EC
:10350000240313064403858997E0FD1FE7800041EB
:103510009727FE1F2389A7C28347440303C7690473
:10352000998F230AF40283476900858B6399072CDE
:103530008347A40293E727002305F4028347090089
:10354000E207E18763D307028347641313D7370089
:1035500093F6770022978547B397D70083460713E2
:1035600093C7F7FFF58F2308F7128347F400898B81
:10357000DDCF2285EFB05FD95DE98347F400A30971
:10358000040093E74700A307F400832784118DCF3D
:103590000347B40115CB03C79700058B15E703D785
:1035A000A700C843136707F02395E70097F0FD1FB6
:1035B000E78020A08357440485072312F40483275F
:1035C00084119C43232CF4108347540181CB8347FF
:1035D000C404898B81C72285EFB01FD883470401BB
:1035E000130720026398E7028327040AA305040255
:1035F00093E787002320F40A8347140193E78700A9
:10360000A308F400930740022308F4000DA0938759
:1036100097045DB513070006639AE70C85472308F6
:10362000F4008347A40293E717002305F4028347BD
:103630006900898B638607108347C404858B638187
:103640000710834794018507A30CF4008347F40017
:1036500013F7270029E793E72700A307F400930750
:1036600000F8230EF4008357A4031307204EB387FA
:10367000E70203274409B3D7E7021727FE1F0347D2
:10368000679013070705BA97C207C1832312F4088E
:1036900086072311F4089727FE1F23A707C4228556
:1036A0009727FE1F238E07A8EFF0CFC103456414B0
:1036B0008947834554016311F51603458414910528
:1036C00013652500EF200F9F83475401638E071E6B
:1036D0008347C404898B6389071EA2850145EF10C7
:1036E0009FF3630D0512EF20AFD3D9A41307700623
:1036F000639EE7029727FE1F9387C7A398437C53D7
:10370000ED9B7CD39727FE1F238107A4371700402A
:1037100083578701B3F7FA00231CF7008347C400DF
:1037200093F7F7FD2306F4008547F9BD7147E39051
:10373000E7F08327040A93E717002320F40AC5BDA6
:103740002285EFB0FFBEE31305F0A30C0400228531
:10375000EFB09FB783471401A18B85CF83476401E6
:103760008DCB83477401094793F7B70F6383E70253
:103770009307D003230AF404930770022308F4008C
:103780008347C404858BE38307EC2285EFB0DFC158
:1037900075BD0347D4008D476317F7048347740151
:1037A000130780026373F702834774011D47638820
:1037B000E702A306F4028327840A228593E7170011
:1037C0002324F40AEFF05EBA19A88A07173700001D
:1037D0001307871DBA979C432285829771F583470B
:1037E0006401D9FFA5B583476401E38107E622851B
:1037F00097F0FD1FE780209DE31A05E4CDB78347CE
:1038000084018507230CF40083D7E9008507172777
:10381000FE1F2310F7A41DBD91056DB59727FE1F50
:10382000938747919843B70633001C4393F7F7E714
:103830001CC31C4393F7F7E793E707101CC39727B4
:10384000FE1F9387E79698431C47D58F1CC79C4063
:103850001307A00FB8CB9727FE1F9387A78D9C4314
:10386000B70680009843558F98C3D857719BD8D717
:10387000930720FD2307F40083270412E38E07B08B
:103880000347F400058BE30907B0D44303C6C70020
:1038900083C58700035584008906EF50FFB3E31DFD
:1038A00005AE8327041203D7A700136707F02395FB
:1038B000E7009C432320F41283572404E38E07ACD3
:1038C000FD172311F404C9BC9727FE1F9387878631
:1038D0009843B70633001C4393F7F7E71CC31C4318
:1038E00093F7F7E793E707101CC39727FE1F93870B
:1038F000278C98431C47D58F1CC79C401307A00DED
:1039000091BF9C40FC53E39307909727FE1F238BA6
:103910000782EF20EFB0834709002285E207E187A5
:1039200063D00720EFF04F9883D7290122858507C0
:103930001727FE1F2311F792EFF06FF88357040447
:10394000A5CB13074006B3F7E702BDE39727FE1F99
:10395000938707A29C43898BA1C79714FE1F93846A
:10396000E460985815CF9727FE1F83D7A78EC2070C
:103970009725FE1F83D5258EDD8D254502979C5802
:103980009725FE1F83D5E58C294582979C58831582
:1039900024032D4582979C58830544033145829723
:1039A0009727FE1F2397078A9727FE1F23A4078ABE
:1039B00022852254B25092540259F249624AD24AA4
:1039C000424BB24B224C924C45616FB0BFEE130795
:1039D000200DE39AE7D083471900858B6385071490
:1039E0009717FE1FA38E07748327040A13972701D6
:1039F000634E070E228597F0FD1FE780C08A85473A
:103A00006316F50E8355441C0356641C0345741459
:103A10009105C205C181EF109FFF8347C404971B26
:103A2000FE1F938B2B71171CFE1F130C6C78858B5C
:103A3000BDCBA2850545EF107FC603A70B00B706D7
:103A400033001C4393F7F7E71CC31C4393F7F7E7D6
:103A500093E707101CC303270C001C47D58F1CC716
:103A60009C401307900FB8CB930710FD2307F40079
:103A70009C40D44733F74601D8C70F1000009C4044
:103A8000096798C7130700F81716FE1F230CE66A8C
:103A900003A60B00184231830D8B0DEF130760193D
:103AA000F8D3D4C7D5B803A70B00B70633001C431F
:103AB00093F7F7E71CC31C4393F7F7E793E7071067
:103AC0001CC303270C001C47D58F1CC79C40130741
:103AD000900D51BF1842094631830D8B6315C70005
:103AE0001307E04375BF1307E01B5DBFEF204F9343
:103AF000834794018DC793F7070F81CB9305D003BC
:103B00002285EFB07FEDA305A4029717FE1F9387D0
:103B1000E7459C5B89C79545130550088297228528
:103B2000EFC02FD971B59C40FC53639107EE9717F6
:103B3000FE1F23890760EF20AF8ED5B7411106C65F
:103B4000EFB04FAB9717FE1F9387C76F17F7FFFFB5
:103B50001307C7CC23AAE70AB24017F7FFFF1307E2
:103B6000C7E023ACE70A97F7FFFF9387476617275D
:103B7000FE1F2325F78041018280397122DC370442
:103B8000400026DA4ED6AE84AA899305E4FF0545A7
:103B900006DE4AD8EF20CEA0498C131704014183DA
:103BA00021839317840013590401D98F2316010030
:103BB0001379F90F10088A854E852317F100A306A3
:103BC000210102C002C202C402C802CA02CC02CE53
:103BD000EF10FF9F8347E1010347D101A3818400D8
:103BE000A2074207BA970347F1012180238284008C
:103BF000BA97F25062542380F40013D78700C18330
:103C0000A3822401A380E4002381F4004259D2540A
:103C1000B25921618280011119469715FE1F9385C3
:103C200085361715FE1F1305657006CE22CC26CAF1
:103C30004AC891644EC697D0FD1FE780604C9385BB
:103C4000F4FF0145EF208E932A84FD550145EF20B6
:103C50002E95A287FD147D5933F79700B366E500D2
:103C6000F9C6631425016304970C1717FE1F230779
:103C7000F76CA18393E707FC916941641717FE1F56
:103C8000232CA76A1717FE1FA30AF76AFD19171935
:103C9000FE1F1309295B7D14CE850145EF200E8E92
:103CA000AA84FD550145EF20AE8FB3679500EDD78F
:103CB000FD576314F500E38134FF9717FE1F23902F
:103CC000A768935705011717FE1F230BF766935735
:103CD00085011717FE1FA305F7669717FE1F23829E
:103CE0009766A18093F4F4039717FE1FA38B976444
:103CF0008317890E42054185618DE18F6312F502BC
:103D00000317C90F8317A90E618FE18F631AF7009C
:103D10000317E90F8317C90E618FE18FE30EF7F6E2
:103D2000F2406244D2444249B24905618280A6858C
:103D30000145EF20AE842A84FD550145EF204E86D3
:103D4000A28719BF11CE93070002918F635BF00029
:103D50003355C500B397F50033D6C5005D8DB285E8
:103D60008280130506FE014633D5A500B285CDBF7E
:103D700011CE93070002918F635BF000B395C500ED
:103D8000B357F5003316C500DD8D3285828093056B
:103D900006FE0146B315B5003285CDBFB687B288A1
:103DA0002A832E88639D061463F9C50A4167636EF2
:103DB000E61AB70700016363F63493568601E147BC
:103DC0001737000013070706369703470700BA970F
:103DD000130700021D8F19CB3398E500B357F50088
:103DE000B318E60033E807013313E50013D60801E2
:103DF0003355C80293960801C18293570301337764
:103E0000C802B385A60242073368F700637AB80098
:103E100046989307F5FF636418016367B8303E85E1
:103E20003308B8403357C8024203135303013378B1
:103E3000C802B386E602420833686800637BD80094
:103E400046989307F7FF6365180179176363D800F5
:103E50003E874205598D8145828001E60547B3586A
:103E6000C702416763EAE80EB707000163ECF82870
:103E700093D68801E147173700001307A7FA369752
:103E800083460700BE9693070002958FE5EB939E4D
:103E900008013387154113DF080193DE0E018545C4
:103EA000935703013355E7033377E703B306D5038D
:103EB0004207D98F63FAD700C6971307F5FF63E46B
:103EC000170163E6D7263A85958F33D7E703420378
:103ED00013530301B3F7E703B30ED703C207B3E7E6
:103EE000670063FBD701C6979306F7FF63E51701E9
:103EF000791763E3D70136874205598D828063E2E3
:103F0000D504C16763E2F604B707000163E4F61E57
:103F100013D786016148973700009387A7F0BA97B7
:103F200003C70700130E00024297330EEE40631AD8
:103F30000E0C63EDB61C3335C500134515008145E5
:103F400082808145014582809307F00F63F3D71C7F
:103F500013D786002148C1B71307F00FC686E37C4C
:103F600017F193D68800A14739B71307F00FB2862F
:103F7000E378C7E493568600A14799B5B398F80053
:103F800033D6D50013DF0801335EE6033397F5001F
:103F9000B356D500558F939E080193DE0E0133135F
:103FA000F50093550701B376E603B387CE03C20647
:103FB000CD8E63FBF600C6961306FEFF63E416176C
:103FC00063F2F616791EC6969D8E33D6E6039317D6
:103FD0000701C183B3F6E6033385CE0213970601CA
:103FE0005D8F637BA70046979307F6FF63681713FF
:103FF0006376A7127916469793150E01098FD18D16
:1040000045B5B357E600B396C601DD8E33D3E50060
:1040100013DF0601B357E303939E060193DE0E01FF
:104020003398C5013357E5003368070193580801F9
:104030003316C6013373E303B385FE024203B3684C
:10404000130163FBB800B6981387F7FF63EAD80C37
:1040500063F8B80CF917B698B388B84033D7E803BB
:10406000420813580801B3F8E8033383EE02C2088C
:10407000B3E5080163FB6500B6951308F7FF63ED30
:10408000D50863FB65087917B695C207416FD98FCC
:104090001307FFFFB3F6E70093D80701718F418242
:1040A000B38EE602B3856540B386C60213D80E010F
:1040B0003387E802BA96C2963386C80263F3E600F5
:1040C0007A9693D80601469663E2C5026385C500D9
:1040D0003E858145828041677D17F98EC206B3FE19
:1040E000EE003315C501F696E374D5FE1385F7FF90
:1040F0008145828013D70601414831BD93560601A0
:10410000C1477DB993D60801C147B5B3814505457F
:1041100082803687014801B5428785BF3E86E9BD6A
:10412000BA871DBF328E4DB579154698D5B9791528
:10413000C69759BB39714AD813D945014ED652D4C6
:1041400056D29399C50006DE22DC26DA5AD05ECE1E
:104150001379F97F2A8A93D9C90093DAF501630D9F
:10416000090E9307F07F6306F9181354D5018E09E1
:10417000B36934013704800033E4890093143500B7
:10418000130919C08149814B13D74601139AC60000
:104190001377F77FB285135ACA0013DBF601630B5E
:1041A00007109307F07F6303F7049357D6010E0AB5
:1041B00033EA4701130717C0B7078000B367FA0057
:1041C000931536003A99814833C76A01BD463A854E
:1041D0001308190063E8361717360000130686C067
:1041E0008A09B29983A60900B2968286B367CA008B
:1041F0001309F97F6399071293E9290081458948DA
:10420000E1B701479307F07F370408008144320487
:10421000D20731807E075D8C598CA285F2506254A2
:1042200026854259D254B259225A925A025BF24B15
:10423000216182805A853E84AE84C68B8947638D16
:10424000FB0E8D47E38FFBFA85472A87639EFB3879
:1042500081470144814465BF33E4A90061C036C68B
:1042600032C4638C092A4E85EF0010382246B246CC
:10427000AA87130755FF7544938487FF198CB39958
:10428000990033548A0033643401B3149A0013D76D
:1042900046011309D0C0139AC6001377F77F33097C
:1042A000F9408149814BB285135ACA0013DBF601EC
:1042B000E31907EEB367CA00B1C7630F0A2252853C
:1042C00032C4EF00703222462A87930655FFF54725
:1042D000930587FF958F331ABA00B357F600B3E7FB
:1042E0004701B315B6003309E9401309D9C0814825
:1042F000E1BD33E4A90001ECA14981441309F07F39
:10430000894B59B593E919008145854875BD4E849F
:10431000AA84B1491309F07F8D4BBDB59149814401
:104320000149854B95B593E93900D2878D4869BD20
:1043300089475685E397FBF02A879307F07F01446E
:104340008144F1B5C16E1386FEFF93D6040113DEDE
:104350000501F18CF18D338695023383B6029358B3
:10436000060133059E021A95AA98B382C60363F329
:104370006800F692C16F1383FFFF33F5670093D394
:104380000701B3F76800C207337366003E93330634
:10439000950293D80801B387A602135F0601B38480
:1043A0009302BE94FA94B38E760263F3F400FE9EF9
:1043B000416A9307FAFF935F0401B376F400B3F9FF
:1043C000F4007D8EC1803384D502C209338FD401BD
:1043D000B299CE98B307DE02935E0401B385BF02A3
:1043E000AE97BE9E330EFE0363F3BE00529EC167BE
:1043F0009385F7FF33F6BE006D8C4206229693DE5E
:104400000E01B305D502769E3385AF0213D40501A4
:10441000B386D302AA96A296B38FF30363F3A600E2
:10442000BE9F41657D15B3F7A600C2076D8DAA97A3
:10443000B3855800B3B93501FA97B2953384370183
:1044400033B6C500B30EC4013385CE003334340116
:10445000B3B7E701C18F33BECE0113D406013336A3
:10446000C5003E943366CE009394950032947E94BA
:10447000B3E46400260493567501B3349000DD81E3
:1044800093179500CD8C558CDD8C9317740063DBEE
:10449000070093D7140085889316F401DD8CD58C22
:1044A000058042899307F93F6359F00893F6740039
:1044B00081CE93F6F40011466388C60093864400CB
:1044C000B3B496002694B6849316740063D806009D
:1044D000B70700FFFD177D8C930709409306E07F27
:1044E00063CFF60E93D634009314D4012604D58CF2
:1044F000318093F7F77F21BB328532C4EF00D00EB5
:1045000093065501F147130705022246E3D1D7DC94
:104510006115B317A6008145F9B3EF00F00C13073E
:104520005501F145930705022246B246E3D5E5D48D
:1045300061153314AA00814499BB85469D8EB1E76D
:104540001309E941B3972401B3D4D40033192401EA
:10455000B337F000B3649900DD8C93F77400B35661
:10456000D40081CF93F7F40011466388C700938786
:104570004400B3B49700A696BE849397860063D890
:10458000070485470144814459B113068003E34180
:10459000D6CC7D46E356D6FA0556B307F6409305CA
:1045A00000023356F4006387B6001309E943B317DA
:1045B0002401DD8CB3349000D18C93F67400014457
:1045C00099CA93F7F40011468146E392C7FA13940F
:1045D00096003180F6068D80D58C81470DB9930702
:1045E000F07F0144814425B142896DBD3707100039
:1045F0007D1701113373B70093D84601758F935E11
:10460000D60122CC26CA0E0393D445019357D50177
:104610000E0706CE4AC84EC693F8F87F130EF07FF9
:1046200033E7EE0093F4F47F13D4F50133E367002E
:10463000131F3500FD82931E3600638FC81793C683
:104640001600B38514416304D4126350B018638A12
:10465000081AB70780005D8F638FC45793078003E4
:1046600063C2B734FD4763C3B748930700028D8F19
:10467000B3D9BE003318F700B39EFE00336838018B
:104680003357B700B339D001336838013303E340FF
:10469000B3090F41B3373F013306F3409317860048
:1046A00063D20724370980007D1933792601630E10
:1046B000092C4A85152F130785FF93070002998F50
:1046C000B3D7F9003316E900D18FB399E9006344F9
:1046D000972A058F13061700FD4663C4C63A1307D1
:1046E0000002118FB3D6C9003398E9003397E70071
:1046F000558F33380001B369070133D6C7008144B1
:1047000093F7790081CF93F6F90091476388F6001B
:104710009386490033B836014296B68993178600CE
:1047200063D6071C138714009307F07F0588630680
:10473000F720B70780FFFD17F18F1398D70193D9A2
:104740003900A60733683801B1831377F77F939652
:10475000C7005207B1827E04D98EC18EF2406244F6
:10476000D2444249B2494285B6850561828063568A
:10477000B00A638A0812B70780005D8F6386C42D74
:104780009307800363C7B718FD4763D1B73C13880D
:1047900005FE93070002B3590701638AF5009307EA
:1047A0000004B385B7403317B700B3EEEE003338DB
:1047B000D0013368380195A2B367D701938514807F
:1047C00099E393C61600630AD404D1E193871400D9
:1047D00093F7E77F6398071EB367E3013368D70158
:1047E000639204166381073C631508421318350071
:1047F0009316D3011358380033E80601935733005A
:1048000019A2B367D7016384071A9387F5FF638AF8
:10481000073A638BC523BE8591B56398051C9386C3
:10482000140093F7E67FC1EFB367E301639F04349D
:10483000638C0744B367D701639307460E051318CB
:10484000D3010D813368A800935733006DA8B38559
:10485000984063960420B367E301638C0730938725
:10486000F5FF638807401305F07F6382A520BE85AE
:104870009307800363C1B72AFD4763C7B73C93071B
:1048800000028D8F3318F3003356BF00B317FF00BB
:104890003368C800B339F0003353B30033683801CC
:1048A00033076740ADACB367D701638207109387C6
:1048B000F5FF638E071E638FC52DBE85D1B59307A7
:1048C000F07F638BF606FA9E33B6EE01B307E30082
:1048D000B2971398F70193DE1E00B369D80113D67F
:1048E0001700B68493F77900E39F07E09317D6018A
:1048F00013D839003368F800A6859357360013079C
:10490000F07F6380E506B207B18313F7F57F058872
:104910003DBD3367D7013338E000B309E801B3B7D1
:10492000E9013386670093178600E3DD07FA850403
:104930009307F07F639BF41805881307F07F814786
:10494000014831B5639007106300083C1318360026
:104950009317D701135838003368F80036849357FB
:104960003700B367F800E9DB01441307F07FB707AE
:1049700008000148E9BB370680FF7D167D8E93F75E
:104980007900998CE39107D895B74E85B129130723
:104990008501FD47E3D3E7D2130685FFB397C9002E
:1049A000814935B33368D70133380001D5B11318C5
:1049B00035009317D301135838003368F800935724
:1049C000330035BFB309DF413309E34033363F01DC
:1049D0003309C9409317890063CA072033E82901C6
:1049E000E31708CC8147014439BFB3859840638100
:1049F0000414B70680009307F07F3363D30063810C
:104A0000F8209307800363CCB722FD4763C9B72C16
:104A1000930700028D8F3318F300B356BF00B3170E
:104A2000FF003368D800B339F0003353B300336864
:104A300038011A97B309D801B3B7D9013386E70013
:104A4000C684D5B5E31208F2131835009317D301C5
:104A5000135838003368F8009357330019B73705F7
:104A600080009307F07F3363A300E393F8E00E0622
:104A70001318D7010D823368C80093573700368466
:104A8000CDB505179306000233D7E700630AD600B9
:104A9000930600043386C6403396C700B3E9C900C5
:104AA00033383001B369E8000146814425BDB309BC
:104AB000DF01B307E30033BFE9013386E701931752
:104AC00086008544E3D007E28944B70780FFFD17DD
:104AD000F18F13D7190013F8190033680701939960
:104AE000F701B3E9090113D6170019B9138805FEB8
:104AF00093070002B3590701638AF5009307000486
:104B0000B385B7403317B700B3EEEE003338D001AA
:104B100033683801B5BE3363E30133386000B389CD
:104B20000E41B3B73E013306F740C6843684BDB6A6
:104B3000B367E301638707189387F5FF638C071C4E
:104B40009306F07F638ED50ABE8565BD930700028C
:104B50008D8FB3D9BE003318F700B39EFE003368C3
:104B600038013357B700B339D001336838013A936D
:104B70006DB3131836009317D7011358380033E874
:104B800007013684935737009DBBBDCB3367D701F0
:104B9000E31C07DC0E051318D3010D813368A80050
:104BA000935733007DBBE30F08E2131836009317C9
:104BB000D701135838003368F8003684935737000C
:104BC00099B3B309DF41B307E340333F3F01338675
:104BD000E7418544E1B4131835009316D301135807
:104BE000380033E8060193573300A5BBB389EE4183
:104BF0003306674033B93E0133092641368445BC4C
:104C00000E061318D7010D823368C800935737007A
:104C100089BBB309DF41B307E34033363F01338635
:104C2000C7409317860063D7070AB389EE41B307DD
:104C30006740B3BE3E013386D7413684D1B4336377
:104C4000E30133386000FDB3138805FE93070002CB
:104C5000B3590301638AF50093070004B385B74095
:104C60003313B300336F6F003338E001336838011A
:104C70007DB5B389EE41B3076740B3BE3E013386CD
:104C8000D7413684854419BC131836009317D701D1
:104C9000135838003368F80093573700ADB1B309A3
:104CA000DF01B307E30033BFE9013386E701931760
:104CB0008600E3D907C2B70780FFFD177D8E8544C4
:104CC00015B10E061318D7010D823368C80093572B
:104CD000370035B133E8C900E30608D021B11388A5
:104CE00005FE93070002B3590301638AF500930799
:104CF0000004B385B7403313B300336F6F0033380C
:104D0000E001336838013DB301441307F07FB70772
:104D1000080035BCB309DF01B307E300B3BED90116
:104D20003386D70169BB93D74501B70610001387B7
:104D3000F6FF93F7F77F1306E03F2A886D8F014552
:104D4000FD816354F60099C1828082801306E041A0
:104D50007D55E34BF6FE130530431D8D7D46558F83
:104D6000634AA6009387D7BE3317F7003355A800D0
:104D7000598D828013053041B307F5403355F70054
:104D8000828015CD411122C406C62A84B12893061B
:104D9000E041898EA94793F6F67F63DCA70255159B
:104DA000B317A400B207B1830147B2402244B2074F
:104DB000D206B183D58F3A85BE8541018280814775
:104DC0008146B207D206B1830147D58F3A85BE85A9
:104DD00082802D47098FB357E400B20713075501AE
:104DE0003317E400B183D1B7C167637EF50293073F
:104DF000F00F1307000263ECA700972700009387CA
:104E00006702AA9703C507003305A7408280218166
:104E10009727000093870701AA9703C507006147FA
:104E20003305A7408280B7070001636EF5006181FA
:104E300097270000938707FFAA9703C5070021471C
:104E40003305A7408280418197270000938787FD23
:104E5000AA9703C5070041473305A7408280B3C71F
:104E6000A5008D8B3307C50081E78D4763EEC70032
:104E7000AA876370E50A83C6050085078505A38FA9
:104E8000D7FEE3EAE7FE828093763500AA8791CACF
:104E900083C6050085078505A38FD7FE93F63700E7
:104EA000FDB79376C7FF138606FE63F0C70683A39C
:104EB000050083A2450083AF850003AFC50083AE24
:104EC000050103AE450103A3850183A8C5019385B0
:104ED000450223A0770003A8C5FF23A2570023A4FF
:104EE000F70123A6E70123A8D70123AAC70123AC12
:104EF000670023AE17019387470223AE07FF75B7FC
:104F000090419107910523AEC7FEE3EBD7FEE3E4A2
:104F1000E7F6828039713EDA2ED232D436D63AD8CC
:104F200042DC46DE9387418522CC804326CA06CEEA
:104F3000AA8409C41C4C99E3228525230C445410EF
:104F40002686228536C6EF001018F2406244D2440D
:104F500021618280011126CA4AC806CE22CC4EC6E3
:104F600052C4AA842E8901C51C4D91E3DD299C4CB5
:104F7000804499E32685F52197270000938787FCD5
:104F8000631CF402C0408357C400A18BB1C71C4806
:104F9000A1C7FD59294A1C4483450900FD17B1E901
:104FA0001CC463DE07062286A94526857920FD57A5
:104FB0006308F502294535A097270000938787FAF3
:104FC0006314F4008044C1B797270000938787F5E6
:104FD000E31BF4FAC04445BFA2852685392A55D97A
:104FE0007D55F2406244D2444249B249224A0561A9
:104FF00082801CC4050963D70700184C63CBE70007
:10500000638945011C401387170018C02380B7002F
:1050100059B7228626851520E31F35F7D1B71C40E6
:105020001387170018C029472380E70061B79387CB
:105030004185AA8588436FF0FFF1011122CC26CA71
:105040004AC806CE4EC6AA842E89328401C51C4D9C
:1050500091E30129972700009387C7EE6319F406AF
:10506000C0401C4C1CC48357C400A18BC9C31C483E
:10507000BDCF1C4808409379F90F1379F90F1D8DA6
:105080005C486346F500A2852685652C2DE51C4409
:105090000505FD171CC41C401387170018C023808A
:1050A00037015C486389A7008357C400858B81CB97
:1050B000A9476316F900A285268561240DEDF2400B
:1050C00062444A85D2444249B249056182809727A9
:1050D0000000938727E96314F400804459B79727A9
:1050E0000000938727E4E31EF4F6C0449DBFA28529
:1050F000268521203DDD7D59D9B741119387418512
:1051000026C2844322C44AC006C62A892E8489C482
:105110009C4C99E32685B12697270000938787E268
:10512000631CF402C0400317C40093170701C18336
:1051300093F68700B5EE93F607019DEEA547232071
:10514000F900136707042316E4007D55B24022449A
:10515000924402494101828097270000938787E0AB
:105160006314F4008044C1B797270000938787DB5E
:10517000E31BF4FAC04445BF918B8DC74C5889C9D5
:10518000930744046384F5004A85892B232A04028B
:105190008357C4002322040093F7B7FD2316F400BD
:1051A0001C481CC08357C40093E787002316F400F3
:1051B0001C4881EF8357C4001307002093F707288A
:1051C0006385E700A2854A8595298357C40013F7B4
:1051D000170005C75C4823240400B307F0401CCC2B
:1051E0001C480145A5F78317C40013F7070839DFEA
:1051F00093E707042316F40089BF898B014791E3E5
:10520000584818C4F1BF83D7C500011122CC26CA63
:1052100006CE4AC84EC613F78700AA842E8471EFC3
:10522000D841634DE000B841634AE0000145F240D7
:105230006244D2444249B2490561828058547DD7C4
:1052400003A904009396370123A0040063DD06063A
:1052500070488357C400918B99C75C401D8E5C5881
:1052600099C33C401D8E5C540C5081462685829724
:10527000FD570357C400631DF5009440F54763E8EC
:10528000D706B70740208507B3D7D700858BA5C3BE
:105290001C48232204001CC09317370163D8070061
:1052A000FD576314F5009C4091E368C84C5823A057
:1052B0002401ADDD930744046384F5002685392974
:1052C000232A0402A5B70C5001468546268502977D
:1052D000FD572A86E31FF5F69C40A5DF75476385D9
:1052E000E70059476394E70423A0240181B71367BB
:1052F00007042316E4007D551DBF83A90501E3873C
:1053000009F203A905008D8B23A03501330939412A
:10531000014791E3D84918C4E35A20F11C540C50BA
:10532000CA864E86268582976349A0008357C400AB
:1053300093E707042316F4007DBFAA993309A94017
:10534000E1BF9C49A5C3011122CC06CE2A8411C518
:105350001C4D81E72EC63122B24597270000938766
:1053600067BE639CF5004C408397C5009DC72285AE
:105370006244F24005616FF01FE9972700009387B0
:1053800067BE6394F5000C44C5B797270000938768
:1053900067B9E39BF5FC4C44C1BFF2406244014550
:1053A0000561828001458280411122C406C62A849B
:1053B0002316B5002317C50023200500232205006E
:1053C000232405002322050623280500232A05009F
:1053D000232C0500214681451305C505EFD0ADC935
:1053E00097170000938787B65CD0971700009387C4
:1053F000E7B81CD497170000938727BD5CD4971794
:1054000000009387E7BF00D01CD8B240224441017E
:10541000828097050000938505F3B1AA411126C249
:10542000130680069384F5FFB384C4024AC02E8914
:1054300022C406C693854407B1262A8401CD2320C1
:10544000050023222501310508C413868406814501
:10545000EFD06DC22285B2402244924402494101FC
:1054600082801C4DB5E7411106C622C49707000093
:10547000938767FA1CD5972700009387E7BB9C4367
:105480002324050423260504232805046314F500BA
:1054900085471CCD2A84352848C022851D2808C48C
:1054A0002285052848C4484001469145EFF0DFEFCA
:1054B00008440546A545EFF03FEF48440946C94575
:1054C000EFF09FEE85471CCCB24022444101828020
:1054D0008280411197270000938707B626C2844334
:1054E0004AC006C69C4C22C42A8981E72685EFF073
:1054F0005FF7938484048044DC40FD1763D6070083
:105500009C40B9CF8440C5BF0317C40039E7C177B9
:1055100085072322040623200400232204002324D9
:1055200004005CC423280400232A0400232C040064
:10553000214681451305C405EFD0EDB3232A0402AB
:10554000232C040223240404232604042285B240CD
:10555000224492440249410182801304840671BFAF
:1055600091454A85EFF09FEB88C049FDB147232064
:10557000F9000144E1BF797122D44AD052CC56CA15
:105580005AC85EC606D626D24ECE2A8AAE8A1304E2
:1055900085040149054BFD5B09ECB25022544A8554
:1055A00092540259F249624AD24A424BB24B456187
:1055B0008280044483294400FD1963D4090000401B
:1055C000E1BF83D7C400637BFB008397E40063875C
:1055D0007701A6855285829A3369A900938484064F
:1055E000E1BF1971A6DAAE848395E500A2DC86DE00
:1055F000328463DC050083D7C40023A0060093F740
:10560000070885E7930700401DA0300836C6EF0065
:10561000B025B246E34105FE7247BD67F98F797741
:10562000BA9793B717009CC2F1BF930700041CC040
:10563000F6506654D65401450961828083D7C5006F
:10564000011122CC06CE26CA4AC8898B2E8489CF66
:10565000930774041CC01CC885475CC8F2406244B0
:10566000D24442490561828074003000AA84EFF080
:105670005FF7A2452A892685312201ED8317C400F0
:1056800013F7072061FFF19B93E727002316F4002F
:10569000C1B797070000938707D89CD48357C400ED
:1056A00008C008C893E707082316F400A2475CC89F
:1056B000B24791CF8315E4002685EF00101E01C983
:1056C0008357C400F19B93E717002316F400835718
:1056D000C4003369F9002316240149B7DDC183A74B
:1056E000C5FF411122C406C626C21384C5FF63D379
:1056F00007003E94AA84EF0030229387C1969C4312
:1057000081EF2322040023A681962244B2402685FD
:10571000924441016F007020637EF400144033070F
:10572000D4006396E7009843DC43369718C05CC00A
:10573000D9BFBA87D84319C3E37DE4FE94433386C7
:10574000D700631F86001040B29694C33386D700FB
:10575000E31DC7FA10435843B29694C3D8C375B734
:105760006375C400B1479CC04DB71040B306C40078
:105770006316D70014435843B29614C058C0C0C330
:1057800069B78280011126CA93843500F19806CE4C
:1057900022CC4AC84EC6A104B14763F3F404B14415
:1057A00063E2B4042A89EF0030179387C1969843C7
:1057B0003A8439E0938701979C4391E781454A8574
:1057C000A12F23A8A196A6854A85B927FD5963195B
:1057D0003507B1472320F9004A85EF00101429A0AE
:1057E000E3D004FCB1471CC10145F2406244D244FD
:1057F0004249B249056182801C40858F63CF070210
:10580000AD4663F6F6001CC03E9404C031A05C4077
:105810006313870223A6F1964A85EF001010130543
:10582000B4009307440061993307F5405DDF3A9473
:10583000898F1CC05DBF5CC3C5B72287404095BF40
:10584000130435007198E30285FCB305A4404A8532
:10585000E125E31C35FBB5BF1C46FD171CC663DA0A
:105860000700184E63C5E700A9476394F5006FF081
:10587000CFFC1C422E851387170018C22380B70067
:105880008280011122CC26CA4AC84EC652C406CE16
:105890002A89AE893284B304D6007D5A63149400F9
:1058A000014511A8834504004E864A85EFF0DFFAD2
:1058B0000504E31545FFF2406244D2444249B2492F
:1058C000224A05618280357122CD26CB4AC94EC756
:1058D00006CF52C556C35AC1DEDEE2DCE6DAAA893B
:1058E000AE843289368409C51C4D99E3EFF07FB749
:1058F0009717000093870765639CF40C83A4490005
:1059000083D7C400A18BFDC79C48EDC79307000255
:10591000A304F1029307000302D22305F10222C679
:10592000930B5002971A0000938ACA65054C294BC5
:105930004A848347040099C36391770FB30C2441D1
:10594000638E0C00E6864A86A6854E85EFF07FF3CF
:10595000FD576306F51E9256E69636D2834704003D
:10596000638F071CFD571309140002C802CE3ECAFC
:1059700002CCA309010482D483450900154656854B
:10598000BD2F13041900C24759E913F7070109C7CE
:1059900013070002A309E10413F7870009C71307DF
:1059A000B002A309E104834609001307A002638043
:1059B000E608F2474A8481462546034704009305DA
:1059C0001400130707FD6379E60AB5CA3ECE85A821
:1059D00097170000938707596395F40083A4890003
:1059E00005B7971700009387E753E39BF4F083A470
:1059F000C90039B7A6854E85EFF02FF001D97D5546
:105A0000FA406A44DA444A49BA492A4A9A4A0A4B4D
:105A1000F65B665CD65C0D618280050419BF3305B8
:105A200055413315AC00C98F3EC82289B1B7324702
:105A300093064700184336C6634907023ACE034728
:105A400004009307E002631FF70403471400930761
:105A5000A002631BF702B2470904138747009C4367
:105A60003AC663C107023ECA35A83307E04093E750
:105A700027003ACE3EC8E1B7B387670385462E8438
:105A8000BA9725BFFD57C5B7050402CA81468147AD
:105A900025460347040093051400130707FD6376AA
:105AA000E606F1F2834504000D46171500001305C4
:105AB000E54DB12511CD971700009387274D1D8D1A
:105AC00093070004B397A700424505045D8D2AC8DB
:105AD000834504001946171500001305654B13098B
:105AE00014002304B102212D3DC197A7FDFF938728
:105AF000675195E74247B2471377071009CF9107DF
:105B00003EC69257D2973ED225B5B38767038546E6
:105B10002E84BA97BDBF9D07E19BA107D5B778003A
:105B200097060000938626D626860C084E85970099
:105B30000000E7000000FD572A8AE314F5FC83D734
:105B4000C40093F70704E39C07EA125555BD78009B
:105B500097060000938626D326860C084E85012AD8
:105B6000D9BF797156CA9C49BA8A984522D426D29F
:105B70004ECE52CC06D64AD05AC85EC6AA892E84CA
:105B8000B284368A63D3E700BA879CC003473404E3
:105B900019C385079CC01C4093F7070281C79C402E
:105BA00089079CC00329040013796900631A09005E
:105BB000130B9401FD5B5C449840998F634CF9048E
:105BC0001C408346340493F70702B336D000A5EB9C
:105BD00013063404D2854E85829AFD576303F5047B
:105BE0001C4011469840998B544481446397C700E8
:105BF000B384E64063D3040081441C4418486354D2
:105C0000F700998FBE94014969047D5B6398240570
:105C1000014509A885465A86D2854E85829A631E1B
:105C200075017D55B250225492540259F249624A8C
:105C3000D24A424BB24B456182800509ADBF330762
:105C4000D40013060003A301C70403475404938739
:105C50001600A2978906A381E7049DBF8546228688
:105C6000D2854E85829AE30E65FB050945B77971A9
:105C700022D426D24AD04ECE06D652CC56CA5AC8C4
:105C8000B68983C68501930790063289AA842E843B
:105C900013863504638DF60263E2D7069307800509
:105CA0006388F61863EDD7006381062293073004FA
:105CB000638EF60A930A24042301D404C9A093072F
:105CC00030066385F60A93074006E395F6FE1C400E
:105CD000084393F6070893054500C5C61C410CC34D
:105CE00063D807001307D002B307F040A301E40410
:105CF000971600009386462A29476DA89307000748
:105D00006384F61663E5D7029307E006638BF61803
:105D10009307F006E390F6FA0C401C4313F80508CD
:105D2000138547006307080608C39C438DA89307A3
:105D30005007E383F6FE93078007638BF612930701
:105D40003007E399F6F61C43D0418145938647001E
:105D500014C383AA070056855D2601C53305554146
:105D600048C05C401CC8A301040471A81C43930AEA
:105D70002404938647009C4314C32301F4048547FD
:105D8000D5B793F607041C410CC3B9DAC207C18723
:105D900081BF93F5050408C3C9D983D7070013074A
:105DA000F0066388E60E971600009386E61E2947E4
:105DB000A30104044C400CC463C5050008406D9960
:105DC00008C099E3B28A91CDB28AB3F5E702FD1A11
:105DD000B69583C505002380BA00B3D5E70263F00A
:105DE000E70CA147631EF7001C40858B91CB584000
:105DF0001C4863C7E70093070003A38FFAFEFD1A50
:105E00003306564110C84E87CA867000A285268583
:105E1000EFF03FD57D5A631E450B7D55B25022549D
:105E200092540259F249624AD24A424B45618280F9
:105E3000A382D50497160000938606160C400843EB
:105E400013F805081C411105630D080208C313F778
:105E5000150001C793E505020CC04147B1FB0C409A
:105E600093F5F5FD0CC0A9B79C4193E707029CC1CF
:105E700093078007A302F404971600009386061385
:105E800075BF13F8050408C3E30308FCC207C18308
:105E90007DBF9716000093862610214711BFAE875D
:105EA0002DB794411C43CC4913F8060813854700CD
:105EB0006306080008C39C438CC301A808C393F67B
:105EC00006049C43F5DA2390B70023280400B28A25
:105ED0001DBF14485686CA8526858299E30F45F36F
:105EE0001C40898B8DE7B2474844E359F5F23E8563
:105EF00035B785465686CA8526858299E30F65F1B2
:105F0000050A5C443247998FE345FAFEE9BF014A2E
:105F1000930A94017D5BF5B7411122C42A842E8532
:105F200097F7FD1F23AE074406C69D2CFD57631946
:105F3000F50097F7FD1F9387A7449C4391C31CC0AE
:105F4000B240224441018280411122C42E848395B3
:105F5000E50006C6E122634905007C48AA977CC893
:105F6000B2402244410182808357C4007D777D176F
:105F7000F98F2316F400EDB783D7C500011122CCA9
:105F800026CA4AC84EC606CE93F70710AA842E84A6
:105F90003289B68991C78395E50089460146352245
:105FA0008357C4007D777D17F98F2316F40083157E
:105FB000E4006244F240CE864A86B24942492685D0
:105FC000D24405613DA8411122C42E848395E50089
:105FD00006C6E528FD570357C400631BF500FD778F
:105FE000FD17F98F2316F400B2402244410182804C
:105FF0008567D98F2316F40068C8FDB78395E5003F
:1060000025A8411122C42A842E85B285368697F7A9
:10601000FD1F23A7073606C6EFD02DEEFD576319E7
:10602000F50097F7FD1F9387A7359C4391C31CC0CC
:10603000B240224441018280411122C42A842E852B
:1060400097F7FD1F23AE073206C61922FD576319C5
:10605000F50097F7FD1F9387A7329C4391C31CC09F
:10606000B240224441018280411122C42A842E85FB
:10607000B28597F7FD1F23A5073006C6D520FD572B
:106080006319F50097F7FD1F9387872F9C4391C3F2
:106090001CC0B240224441018280411122C42A84A2
:1060A0002E8597F7FD1F23AD072C06C6D120FD577F
:1060B0006319F50097F7FD1F9387872C9C4391C3C5
:1060C0001CC0B240224441018280411122C42A8472
:1060D0002E85B285368697F7FD1F23A3072A06C6AD
:1060E0004520FD576319F50097F7FD1F9387472952
:1060F0009C4391C31CC0B24022444101828093F56D
:10610000F50F2A966314C500014582808347050078
:10611000E38DB7FE0505FDB782808280411122C460
:106120002A842E85B285368697F7FD1F23AA072479
:1061300006C6B928FD576319F50097F7FD1F938729
:1061400027249C4391C31CC0B24022444101828059
:106150009307800517F7FD1F2324F7227D558280C2
:106160009307800517F7FD1F232CF7207D558280AC
:106170009307800517F7FD1F2324F7200145828030
:106180009307800517F7FD1F232CF71E7D5582808E
:106190009307800517F7FD1F2324F71E7D55828086
:1061A000938741979C4391C73E9523AAA1963E852C
:1061B000828097F7FD1F9387E71C3E9523AAA1963F
:1061C0003E858280F401FA00960064004B003200A4
:1061D0001E0014006AD2FDFF92D2FDFFBAD2FDFF6D
:1061E000D2D2FDFFECD2FDFFFCD2FDFF24D3FDFF98
:1061F0004CD3FDFF64D3FDFF7ED3FDFFFE00657829
:10620000706572696D656E74616C00004669726DCF
:1062100077617265205265766973696F6E00000060
:106220004861726477617265205265766973696F3F
:106230006E0000004D616E75666163747572657203
:10624000204E616D650000004D6F64656C204E75D9
:106250006D6265720000000053657269616C204ECA
:10626000756D626572000000536F667477617265C8
:10627000205265766973696F6E00000043483538B7
:10628000785F424C455F4C49425F56312E390000E1
:10629000686561642066696C65206572726F722E34
:1062A0002E2E00004C494220696E6974206572727E
:1062B0006F7220636F64653A202578202E2E2E0A97
:1062C000000000002A20000052656164417474726D
:1062D0004342000041646420626C65207561727401
:1062E0002073657276696365206661696C656421F7
:1062F000000000004750494F2077616B65757020A2
:10630000696E746572727570747320636F6E6669FE
:10631000677572656400000053797374656D20655C
:106320006E746572696E6720736C656570206D6F41
:1063300064652E2E2E00000053747269702044652F
:1063400074656374204D6F64756C6520496E697463
:1063500069616C697A65642028506F6C6C696E673E
:10636000204D6F6465290000000000000000603FC0
:10637000000000000000084000000000006890409D
:10638000537472697020496E736572746564202855
:10639000506F6C6C696E6729212050696E333A200A
:1063A00025642C2050696E353A2025640A000000CF
:1063B000506F737369626C652053747269702054F6
:1063C0007970653A20474C56206F722055000000C6
:1063D000506F737369626C652053747269702054D6
:1063E0007970653A20430000506F737369626C6581
:1063F00020537472697020547970653A2054472094
:106400006F722047415600005374726970205265C4
:106410006D6F7665642028506F6C6C696E6729001B
:1064200053545249505F53454E445F4D4553534179
:1064300047455F45565420747269676765726564A5
:106440002C2069735374726970496E736572746538
:10645000643D25640A000000537472697020496E1F
:106460007365727420496E666F2053656E742E20BA
:1064700050696E333D25642C2050696E353D25648E
:106480000A000000537472697020496E736572745B
:1064900020496E666F2053656E7420616674657264
:1064A00020506F7765722055702044656C617900CB
:1064B000456E746572696E6720736C656570206DDA
:1064C0006F64652064756520746F207374726970E1
:1064D0002072656D6F76616C0000000047415620A8
:1064E000537472697020436F6E6669726D65642CB7
:1064F00020543320456E61626C6564005374726988
:1065000070205479706520256420436F6E6669722F
:106510006D65642C2054332044697361626C65643A
:106520000A00000053747269702054797065202548
:106530006420436F6E6669726D65640A0000000036
:1065400053797374656D2077616B696E6720757020
:106550002066726F6D20736C656570206D6F646569
:106560000000000053747269702064657465637480
:10657000696F6E20726573756D65640025303278C1
:106580003A626C65756172745F4556545F54585F2A
:106590004E4F54495F44495341424C45440D0A0013
:1065A000253032783A626C65756172745F45565475
:1065B0005F54585F4E4F54495F454E41424C4544ED
:1065C0000D0A0000424C45205258204441544120BD
:1065D0006C656E3A25640D0A00000000436865632F
:1065E0006B73756D204572726F720000537472691F
:1065F0007020547970652041636B3A20547970653E
:106600003D25642C20426174746572793D25646D6A
:10661000560A0000537472697020547970652041E5
:10662000636B3A20547970653D25640A00000000D0
:106630004750494F205041313520696E7465727260
:10664000757074202D20737472697020696E736583
:10665000727465642C2073797374656D2077616B37
:10666000657570004750494F205042313120696EA6
:1066700074657272757074202D2073747269702045
:10668000696E7365727465642C2073797374656DBB
:106690002077616B65757000BAE6FDFFCCE6FDFF03
:1066A00064E7FDFFE4E6FDFF5AE7FDFFA4E7FDFF19
:1066B0004552522E2E0000004649464F5F4C454E33
:1066C0003A25640D0A0000004E4F2054494D4520E4
:1066D0004F55540D0000000052313A253032780DEC
:1066E0000A00000052323A253032780D0A000000CC
:1066F000557064617465202578202D20496E7420C2
:106700002578200A00000000706572697068657263
:10671000616C506172616D557064617465434220B3
:106720006572722E2E00000052535349202D2564AD
:1067300020644220436F6E6E20202578200A0000DE
:10674000496E697469616C697A65642E2E00000077
:106750004164766572746973696E672E2E0000005D
:10676000436F6E6E656374696F6E206D61782E2E57
:106770002E000000436F6E6E202578202D20496E7C
:1067800074202578200A0000436F6E6E656374657F
:10679000642E2E00436F6E6E6563746564204164E1
:1067A000766572746973696E672E2E00576169741D
:1067B000696E6720666F72206164766572746973B2
:1067C000696E672E2E000000446973636F6E6E65FC
:1067D000637465642E2E20526561736F6E3A25785E
:1067E0000A0000004572726F722E2E004572726FA1
:1067F000722E2E25780A0000FB349B5F80000080FB
:1068000000100000000000006C3EFEFFE03EFEFFB6
:10681000543FFEFF543FFEFFF03EFEFF543FFEFF9D
:10682000083FFEFF2A3FFEFF543FFEFF443FFEFFAE
:10683000983FFEFFB83FFEFF3440FEFFCA3FFEFF19
:106840003440FEFF3440FEFF3440FEFFEC3FFEFFCD
:106850003440FEFF3440FEFF3440FEFF1040FEFF98
:10686000C6BF0100DCAD000002C001005EBB00003D
:106870007EC001002ABB000038C10100F6BA00004A
:10688000D4C1010074C6000022C2010074C6000019
:106890007CC20100C6C5000038C1010096BA0000E4
:1068A00010C30100E2BD0000000000000000000075
:1068B0005AC301006EBE0000CCC3010060AE0000F0
:1068C0009E92FEFF9E92FEFFC492FEFFDC92FEFFB0
:1068D000E492FEFFEC92FEFFF492FEFFFC92FEFFBC
:1068E0000493FEFF0C93FEFF1493FEFF5093FEFFF4
:1068F0005893FEFF1C93FEFF0101020102010102F9
:106900000102040406010401010101010404020161
:10691000040000000101020102010102010104045E
:10692000060104010101010104010201010000004E
:106930004AA0FEFF56A0FEFF98A0FEFFC2A1FEFFE8
:10694000CCA1FEFF10A2FEFF52A2FEFF90A2FEFF0E
:10695000C8A2FEFF60A1FEFFFCA2FEFF8AA3FEFF0D
:10696000CCAFFEFFA8AFFEFFC0B2FEFF1CB3FEFF20
:106970002CB6FEFF46B4FEFF8CB4FEFFD0B4FEFF83
:1069800008B5FEFF4CB5FEFFA8AFFEFF90B5FEFFB9
:1069900006B6FEFF0000000000000000000000003E
:1069A00000000087483C0100864E01001E3D0100AA
:1069B000E84E0100423D0100E23D0100103E0100B1
:1069C000543E0100F24D0100624D0100803F010084
:1069D000AC3F01001E400100C4400100D24C010048
:1069E000E44B0100F24A0100D4310100764101007C
:1069F000CA410100FC51010094510100FC41010019
:106A0000A4430100F844010082450100AE450100A5
:106A100052520100565201004446010086460100D0
:106A20005A5201005E52010062520100665201009A
:106A300054500100D0460100AE4701006A520100E7
:106A40006E5201005A480100B84A010043483538E7
:106A5000785F424C455F4C49425F56312E393000D9
:106A60003636FFFF4436FFFF4C36FFFF5236FFFF3E
:106A70005836FFFF7836FFFF8036FFFF8636FFFF70
:106A80009036FFFF9636FFFF9C36FFFFA236FFFFD2
:106A9000A836FFFFB436FFFFBA36FFFFC036FFFF50
:106AA0000237FFFFC636FFFFCC36FFFFD236FFFFAF
:106AB000D836FFFFE436FFFF0237FFFF0237FFFF44
:106AC0000237FFFF0237FFFF0237FFFF0237FFFFEA
:106AD0000237FFFF0237FFFFEE36FFFFDE36FFFF14
:106AE0000237FFFFF436FFFFFC36FFFFFE3BFFFFE0
:106AF0002A3CFFFF4C3CFFFF623CFFFF763CFFFF60
:106B0000923CFFFFB03CFFFFC03CFFFFDA3CFFFFC1
:106B1000F03CFFFF123DFFFF283DFFFF3C3DFFFF24
:106B2000503DFFFF6E3DFFFF7E3DFFFF983DFFFFA5
:106B3000423FFFFF563FFFFF6C3FFFFF8A3FFFFFD3
:106B40000441FFFFD23FFFFFB83DFFFFE83FFFFFDB
:106B5000F83FFFFF0A3EFFFF0A3EFFFFE23EFFFF56
:106B6000EC3EFFFF0040FFFFAC3FFFFF1040FFFF88
:106B70008240FFFFC840FFFF5E43FFFFE040FFFF92
:106B8000E040FFFFAC42FFFF6C41FFFFC240FFFF50
:106B90005443FFFFE040FFFF4E42FFFFE442FFFF90
:106BA000E040FFFFE040FFFFE040FFFFE040FFFF6D
:106BB000E040FFFFE040FFFFE040FFFFE040FFFF5D
:106BC000E040FFFFE040FFFF2E41FFFFF844FFFFE2
:106BD000F645FFFFC045FFFF3646FFFF3646FFFF85
:106BE000C646FFFF1A47FFFFF645FFFFF645FFFFCA
:106BF000F645FFFFF645FFFFF645FFFFF645FFFFB1
:106C0000F645FFFFF645FFFFF645FFFFF645FFFFA0
:106C1000F645FFFFF645FFFF3E47FFFF3E47FFFFFC
:106C2000F645FFFFF645FFFFF645FFFFF645FFFF80
:106C3000F645FFFFF645FFFFB047FFFFB047FFFFF8
:106C4000D04CFFFFDE4CFFFFF44CFFFF004DFFFF79
:106C5000144DFFFF204DFFFF2A4DFFFF324DFFFF78
:106C60003A4DFFFF444DFFFF4E4DFFFF5A4DFFFFD2
:106C7000644DFFFF6E4DFFFF7A4DFFFFD04DFFFFCC
:106C8000D04DFFFF844DFFFF924DFFFF9C4DFFFF56
:106C9000A64DFFFFB04DFFFFB84DFFFFC64DFFFFF4
:106CA000B04DFFFFCC4DFFFFE04DFFFF6050FFFFF9
:106CB000F84DFFFF6A4EFFFF7E4EFFFF924EFFFF33
:106CC000AE4EFFFFCA4EFFFFDE4EFFFFFA4EFFFF44
:106CD0006050FFFF164FFFFF6050FFFF6050FFFF47
:106CE0002C4FFFFF544FFFFF7C4FFFFF984FFFFFDC
:106CF000AE4FFFFFC04FFFFF1250FFFF070B0D11FC
:106D000013171D1F25292B2F353B3D4347494F5353
:106D10005961FF00C279FFFFFE79FFFF227BFFFF71
:106D2000CC7BFFFFDC7BFFFFC87CFFFF607CFFFFAD
:106D30003E7DFFFF8E7DFFFF4E79FFFFCC7AFFFF88
:106D40006E7AFFFFB07CFFFF06250200141D0200D3
:106D5000CA1C0200EA210200BA2102008C210200B2
:106D60004C2102001E210200F2220200F622020043
:106D7000981F0200FA220200581F0200FE220200A1
:106D8000341F020002230200061F0200F61E02004A
:106D9000BE1E0200062302009C1E02000A230200FF
:106DA0000E2302001223020016230200CE1C020052
:106DB000E21C02001A2302001E230200222302000A
:106DC00026230200EA220200321E0200A81D020051
:106DD000EE2202008822020022220200E61C0200AB
:106DE00064D5FFFF56D4FFFF56D4FFFF54D4FFFFF6
:106DF0005CD4FFFF5CD4FFFF22D4FFFF54D4FFFF1D
:106E00005CD4FFFF22D4FFFF5CD4FFFF54D4FFFF0C
:106E100050D5FFFF50D5FFFF50D5FFFF22D4FFFF15
:106E20000001020203030303040404040404040431
:106E30000505050505050505050505050505050502
:106E400006060606060606060606060606060606E2
:106E500006060606060606060606060606060606D2
:106E600007070707070707070707070707070707B2
:106E700007070707070707070707070707070707A2
:106E80000707070707070707070707070707070792
:106E90000707070707070707070707070707070782
:106EA0000808080808080808080808080808080862
:106EB0000808080808080808080808080808080852
:106EC0000808080808080808080808080808080842
:106ED0000808080808080808080808080808080832
:106EE0000808080808080808080808080808080822
:106EF0000808080808080808080808080808080812
:106F00000808080808080808080808080808080801
:106F100008080808080808080808080808080808F1
:106F20000000000000000000000000000000000061
:106F30000000000000000000000000000000000051
:106F40000000000000000000000000000000000041
:106F50000000000000000000000000000000000031
:106F60000000000000000000000000000000000021
:106F70000000000000000000000000000000000011
:106F8000232D302B20000000686C4C00656667459F
:106F900046470000303132333435363738394142D4
:106FA0004344454600000000303132333435363733
:106FB0003839616263646566000000002A2A0000B7
:106FC000262A0000272A0000292A0000242A00007F
:106FD000502A0000252A00000A18000002000000C4
:106FE000D86F0200282A0000232A0000F2FF0000C8
:106FF00002000000F86F0200F0FF0000F1FF000047
:10700000020000001C700200012A0000A62A0000F5
:107010000328000002290000002A000000180000D8
:1070200001180000042A00000028000001280000C8
:08703000052A0000A02A00203F
:10703800020000002870020001000000DC6F02005E
:10704800020000001070020001000000122B002056
:1070580002000000E86F0200010000005C2B002025
:10706800020000001070020001000000042B002044
:1070780002000000CC6F020001000000486202001C
:10708800020000001070020001000000102B002018
:1070980002000000D46F02000100000058620200E4
:1070A800020000001070020001000000012B002007
:1070B80002000000C06F0200010000000C62020024
:1070C800020000001070020001000000022B0020E6
:1070D80002000000C46F02000100000020620200EC
:1070E800020000001070020001000000112B0020B7
:1070F80002000000E46F0200010000006862020064
:10710800020000001070020001000000032B0020A4
:1071180002000000C86F0200010000003462020093
:10712800020000001070020001000000002B002087
:1071380002000000BC6F020001000000FC610200B8
:107148000200000010700200010000000F2B002058
:1071580002000000D06F020001000000082B002090
:1071680038380000000000000000000002000000A5
:107178002870020001000000F06F02000200000009
:107188001070020001000000142B00200200000013
:10719800FC6F020000000000712B002002000000BC
:1071A8001470020003000000782C00200200000088
:1071B8001070020001000000132B002002000000E4
:1071C800EC6F020002000000702B0020EE3F000070
:1071D800343F00000000000000FF01010000000033
:1071E800000000002E4D00004E4A0000604A0000DA
:1071F8005031342D30303030323100000000000082
:1072080000000000000000000F095031342D30301C
:107218003030323100000000051208001400020A64
:1072280000000000020000002870020001000000B9
:10723800007002000200000010700200010000004F
:107248002F2B00200200000018700200010000002F
:1072580000000000020000001070020001000000A1
:107268002C2B002002000000087002000100000022
:10727800EC2B00200200000010700200010000004A
:10728800302B0020020000002470020001000000E2
:10729800342B0020020000001070020001000000E2
:1072A8002E2B0020020000000C70020001000000DC
:1072B8002D2B00203AA2000090A30000000000003F
:1072C800020000002870020001000000402B00208E
:1072D8000200000010700200010000004B2B00208B
:1072E80002000000307002000000000000000000F2
:1072F80002000000147002000300000000000000FB
:1073080000000000EEAF00000000000000000000D8
:10731800406F0200606F0200206F02000000000052
:107328000000000000000000000000000000000055
:107338000000000000000000000000000000000045
:107348000000000000000000000000000000000035
:107358000000000000000000000000000000000025
:10736800000000000000000000000000020202020D
:107378000200000001D70700001001020202020CFF
:1073880010FF0101FF0000000201060302E0FF00F8
:1073980001000000C3812F01020102020200000067
:1073A8005000A0000000E803FFFF000002000000FA
:1073B800207002000100FF200105020101100101F7
:0473C800A02A0020D7
:00000001FF
